RELEASENOTES;;;;;;;;;
OTL VERSIE;DATUM GEPUBLICEERD;CHANGE TICKET NR;PROBLEEM NR;IMPLEMENTATIEMODEL;IMPLEMENTATIEMODEL URL;PRIMAIRE OTL KLASSE;PRIMAIRE OTL KLASSE URL;SECUNDAIRE OTL KLASSE;OPLOSSING
2.5.0;8/05/2022;CT000266;PRB0041076;AIM-Object;https://wegenenverkeer.data.vlaanderen.be/doc/implementatiemodel/aim-object;AIMObject;https://wegenenverkeer.data.vlaanderen.be/ns/implementatieelement#AIMObject;;De definitie van het attribuut DatumOprichtingObject werd aangepast met een duidelijkere omschrijving.
2.5.0;8/05/2022;CT000273;PRB0041124;Akela-Failover;https://wegenenverkeer.data.vlaanderen.be/doc/implementatiemodel/akela-failover;ActivityComplex;https://wegenenverkeer.data.vlaanderen.be/ns/implementatieelement#ActivityComplex;;Spelfout gecorrigeerd in label-nl van de klasse 'Activity complex'.
2.5.0;8/05/2022;CT000272;PRB0041148;ANPR-Trajectcontrole;https://wegenenverkeer.data.vlaanderen.be/doc/implementatiemodel/anpr-trajectcontrole;Camera;https://wegenenverkeer.data.vlaanderen.be/ns/onderdeel#Camera;"Laag;Stroomkring;Netwerkpoort;Batterij;Draagconstructie;IOKaart;SoftwareToegang;Kast;AIMNaamObject;PLC;Referentiepunt;Stroomkring";Uitbreiding van de OTL met specifieke componenten voor het model Meteo, zoals installatie Meetstation, toevoeging van nieuwe sensor types, aanpassing aan bestaande sensor types maar ook de voeding en sturing van deze sensor types.
2.5.0;8/05/2022;CT000274;PRB0041140;ANPR-Trajectcontrole;https://wegenenverkeer.data.vlaanderen.be/doc/implementatiemodel/anpr-trajectcontrole;Behuizing;https://wegenenverkeer.data.vlaanderen.be/ns/abstracten#Behuizing;;De spelfout in de usage note van attribuut Behuizing.riscicoanalyse werd gecorrigeerd.
2.5.0;8/05/2022;CT000281;PRB0041149;ANPR-Trajectcontrole;https://wegenenverkeer.data.vlaanderen.be/doc/implementatiemodel/anpr-trajectcontrole;Netwerkelement;https://wegenenverkeer.data.vlaanderen.be/ns/onderdeel#Netwerkelement;;Attribuut telefoonnummer toegevoegd aan Netwerkelement, voornamelijk in functie van het gebruik van netwerkelementen in DSL installaties.
2.5.0;8/05/2022;CT000283;PRB0041150;ANPR-Trajectcontrole;https://wegenenverkeer.data.vlaanderen.be/doc/implementatiemodel/anpr-trajectcontrole;Stroomkring;https://wegenenverkeer.data.vlaanderen.be/ns/onderdeel#Stroomkring;"PutRelatie;AIMNaamObject;IndoorKast;Put;Laag;Netwerkpoort;AIMObject";De OTL werd uitgebreid met het model Aswegersite met oa. volgende nieuwe elementen, Aswegersite,Weegcel,Aswegerput,Weegcomputer,Printer,Weegplaat,...
2.5.0;8/05/2022;CT000274;PRB0041140;Aswegersite;https://wegenenverkeer.data.vlaanderen.be/doc/implementatiemodel/aswegersite;Behuizing;https://wegenenverkeer.data.vlaanderen.be/ns/abstracten#Behuizing;;De spelfout in de usage note van attribuut Behuizing.riscicoanalyse werd gecorrigeerd.
2.5.0;8/05/2022;CT000283;PRB0041150;Aswegersite;https://wegenenverkeer.data.vlaanderen.be/doc/implementatiemodel/aswegersite;Weegcomputer;https://wegenenverkeer.data.vlaanderen.be/ns/onderdeel#Weegcomputer;"PutRelatie;AIMNaamObject;IndoorKast;Put;Laag;Netwerkpoort;AIMObject";De OTL werd uitgebreid met het model Aswegersite met oa. volgende nieuwe elementen, Aswegersite,Weegcel,Aswegerput,Weegcomputer,Printer,Weegplaat,...
2.5.0;8/05/2022;CT000283;PRB0041150;Aswegersite;https://wegenenverkeer.data.vlaanderen.be/doc/implementatiemodel/aswegersite;Aswegersite;https://wegenenverkeer.data.vlaanderen.be/ns/installatie#Aswegersite;"PutRelatie;AIMNaamObject;IndoorKast;Put;Laag;Netwerkpoort;AIMObject";De OTL werd uitgebreid met het model Aswegersite met oa. volgende nieuwe elementen, Aswegersite,Weegcel,Aswegerput,Weegcomputer,Printer,Weegplaat,...
2.5.0;8/05/2022;CT000283;PRB0041150;Aswegersite;https://wegenenverkeer.data.vlaanderen.be/doc/implementatiemodel/aswegersite;Printer;https://wegenenverkeer.data.vlaanderen.be/ns/onderdeel#Printer;"PutRelatie;AIMNaamObject;IndoorKast;Put;Laag;Netwerkpoort;AIMObject";De OTL werd uitgebreid met het model Aswegersite met oa. volgende nieuwe elementen, Aswegersite,Weegcel,Aswegerput,Weegcomputer,Printer,Weegplaat,...
2.5.0;8/05/2022;CT000283;PRB0041150;Aswegersite;https://wegenenverkeer.data.vlaanderen.be/doc/implementatiemodel/aswegersite;Aswegerput;https://wegenenverkeer.data.vlaanderen.be/ns/onderdeel#Aswegerput;"PutRelatie;AIMNaamObject;IndoorKast;Put;Laag;Netwerkpoort;AIMObject";De OTL werd uitgebreid met het model Aswegersite met oa. volgende nieuwe elementen, Aswegersite,Weegcel,Aswegerput,Weegcomputer,Printer,Weegplaat,...
2.5.0;8/05/2022;CT000283;PRB0041150;Aswegersite;https://wegenenverkeer.data.vlaanderen.be/doc/implementatiemodel/aswegersite;Weegplaat;https://wegenenverkeer.data.vlaanderen.be/ns/onderdeel#Weegplaat;"PutRelatie;AIMNaamObject;IndoorKast;Put;Laag;Netwerkpoort;AIMObject";De OTL werd uitgebreid met het model Aswegersite met oa. volgende nieuwe elementen, Aswegersite,Weegcel,Aswegerput,Weegcomputer,Printer,Weegplaat,...
2.5.0;8/05/2022;CT000283;PRB0041150;Aswegersite;https://wegenenverkeer.data.vlaanderen.be/doc/implementatiemodel/aswegersite;KlWeegcelMerk;https://wegenenverkeer.data.vlaanderen.be/doc/conceptscheme/KlWeegcelMerk;"PutRelatie;AIMNaamObject;IndoorKast;Put;Laag;Netwerkpoort;AIMObject";De OTL werd uitgebreid met het model Aswegersite met oa. volgende nieuwe elementen, Aswegersite,Weegcel,Aswegerput,Weegcomputer,Printer,Weegplaat,...
2.5.0;8/05/2022;CT000283;PRB0041150;Aswegersite;https://wegenenverkeer.data.vlaanderen.be/doc/implementatiemodel/aswegersite;KlWeegcomputerMerk;https://wegenenverkeer.data.vlaanderen.be/doc/conceptscheme/KlWeegcomputerMerk;"PutRelatie;AIMNaamObject;IndoorKast;Put;Laag;Netwerkpoort;AIMObject";De OTL werd uitgebreid met het model Aswegersite met oa. volgende nieuwe elementen, Aswegersite,Weegcel,Aswegerput,Weegcomputer,Printer,Weegplaat,...
2.5.0;8/05/2022;CT000283;PRB0041150;Aswegersite;https://wegenenverkeer.data.vlaanderen.be/doc/implementatiemodel/aswegersite;Weegcel;https://wegenenverkeer.data.vlaanderen.be/ns/onderdeel#Weegcel;"PutRelatie;AIMNaamObject;IndoorKast;Put;Laag;Netwerkpoort;AIMObject";De OTL werd uitgebreid met het model Aswegersite met oa. volgende nieuwe elementen, Aswegersite,Weegcel,Aswegerput,Weegcomputer,Printer,Weegplaat,...
2.5.0;8/05/2022;CT000283;PRB0041150;Aswegersite;https://wegenenverkeer.data.vlaanderen.be/doc/implementatiemodel/aswegersite;KlAfmetingAswegerzone;https://wegenenverkeer.data.vlaanderen.be/doc/conceptscheme/KlAfmetingAswegerzone;"PutRelatie;AIMNaamObject;IndoorKast;Put;Laag;Netwerkpoort;AIMObject";De OTL werd uitgebreid met het model Aswegersite met oa. volgende nieuwe elementen, Aswegersite,Weegcel,Aswegerput,Weegcomputer,Printer,Weegplaat,...
2.5.0;8/05/2022;CT000283;PRB0041150;Aswegersite;https://wegenenverkeer.data.vlaanderen.be/doc/implementatiemodel/aswegersite;KlPrinterMerk;https://wegenenverkeer.data.vlaanderen.be/doc/conceptscheme/KlPrinterMerk;"PutRelatie;AIMNaamObject;IndoorKast;Put;Laag;Netwerkpoort;AIMObject";De OTL werd uitgebreid met het model Aswegersite met oa. volgende nieuwe elementen, Aswegersite,Weegcel,Aswegerput,Weegcomputer,Printer,Weegplaat,...
2.5.0;8/05/2022;CT000283;PRB0041150;Aswegersite;https://wegenenverkeer.data.vlaanderen.be/doc/implementatiemodel/aswegersite;KlPrinterModelnaam;https://wegenenverkeer.data.vlaanderen.be/doc/conceptscheme/KlPrinterModelnaam;"PutRelatie;AIMNaamObject;IndoorKast;Put;Laag;Netwerkpoort;AIMObject";De OTL werd uitgebreid met het model Aswegersite met oa. volgende nieuwe elementen, Aswegersite,Weegcel,Aswegerput,Weegcomputer,Printer,Weegplaat,...
2.5.0;8/05/2022;CT000283;PRB0041150;Aswegersite;https://wegenenverkeer.data.vlaanderen.be/doc/implementatiemodel/aswegersite;KlWeegcomputerModelnaam;https://wegenenverkeer.data.vlaanderen.be/doc/conceptscheme/KlWeegcomputerModelnaam;"PutRelatie;AIMNaamObject;IndoorKast;Put;Laag;Netwerkpoort;AIMObject";De OTL werd uitgebreid met het model Aswegersite met oa. volgende nieuwe elementen, Aswegersite,Weegcel,Aswegerput,Weegcomputer,Printer,Weegplaat,...
2.5.0;8/05/2022;CT000283;PRB0041150;Aswegersite;https://wegenenverkeer.data.vlaanderen.be/doc/implementatiemodel/aswegersite;KlWeegcelModelnaam;https://wegenenverkeer.data.vlaanderen.be/doc/conceptscheme/KlWeegcelModelnaam;"PutRelatie;AIMNaamObject;IndoorKast;Put;Laag;Netwerkpoort;AIMObject";De OTL werd uitgebreid met het model Aswegersite met oa. volgende nieuwe elementen, Aswegersite,Weegcel,Aswegerput,Weegcomputer,Printer,Weegplaat,...
2.5.0;8/05/2022;CT000283;PRB0041150;Aswegersite;https://wegenenverkeer.data.vlaanderen.be/doc/implementatiemodel/aswegersite;DtcKwaliteitscertifcaat;https://wegenenverkeer.data.vlaanderen.be/doc/implementatiemodel/complexe-datatypes/DtcKwaliteitscertifcaat;"PutRelatie;AIMNaamObject;IndoorKast;Put;Laag;Netwerkpoort;AIMObject";De OTL werd uitgebreid met het model Aswegersite met oa. volgende nieuwe elementen, Aswegersite,Weegcel,Aswegerput,Weegcomputer,Printer,Weegplaat,...
2.5.0;8/05/2022;CT000283;PRB0041150;Aswegersite;https://wegenenverkeer.data.vlaanderen.be/doc/implementatiemodel/aswegersite;KlAswegersiteTypeMarkering;https://wegenenverkeer.data.vlaanderen.be/doc/conceptscheme/KlAswegersiteTypeMarkering;"PutRelatie;AIMNaamObject;IndoorKast;Put;Laag;Netwerkpoort;AIMObject";De OTL werd uitgebreid met het model Aswegersite met oa. volgende nieuwe elementen, Aswegersite,Weegcel,Aswegerput,Weegcomputer,Printer,Weegplaat,...
2.5.0;8/05/2022;CT000283;PRB0041150;Aswegersite;https://wegenenverkeer.data.vlaanderen.be/doc/implementatiemodel/aswegersite;DtcBereikInKg;https://wegenenverkeer.data.vlaanderen.be/doc/implementatiemodel/complexe-datatypes/DtcBereikInKg;"PutRelatie;AIMNaamObject;IndoorKast;Put;Laag;Netwerkpoort;AIMObject";De OTL werd uitgebreid met het model Aswegersite met oa. volgende nieuwe elementen, Aswegersite,Weegcel,Aswegerput,Weegcomputer,Printer,Weegplaat,...
2.5.0;8/05/2022;CT000283;PRB0041150;Aswegersite;https://wegenenverkeer.data.vlaanderen.be/doc/implementatiemodel/aswegersite;Verlichtingstoestel;https://wegenenverkeer.data.vlaanderen.be/ns/abstracten#Verlichtingstoestel;"PutRelatie;AIMNaamObject;IndoorKast;Put;Laag;Netwerkpoort;AIMObject";De OTL werd uitgebreid met het model Aswegersite met oa. volgende nieuwe elementen, Aswegersite,Weegcel,Aswegerput,Weegcomputer,Printer,Weegplaat,...
2.5.0;8/05/2022;CT000283;PRB0041150;Aswegersite;https://wegenenverkeer.data.vlaanderen.be/doc/implementatiemodel/aswegersite;Afsluiting;https://wegenenverkeer.data.vlaanderen.be/ns/onderdeel#Afsluiting;"PutRelatie;AIMNaamObject;IndoorKast;Put;Laag;Netwerkpoort;AIMObject";De OTL werd uitgebreid met het model Aswegersite met oa. volgende nieuwe elementen, Aswegersite,Weegcel,Aswegerput,Weegcomputer,Printer,Weegplaat,...
2.5.0;8/05/2022;CT000283;PRB0041150;Aswegersite;https://wegenenverkeer.data.vlaanderen.be/doc/implementatiemodel/aswegersite;Lokaal;https://wegenenverkeer.data.vlaanderen.be/ns/installatie#Lokaal;"PutRelatie;AIMNaamObject;IndoorKast;Put;Laag;Netwerkpoort;AIMObject";De OTL werd uitgebreid met het model Aswegersite met oa. volgende nieuwe elementen, Aswegersite,Weegcel,Aswegerput,Weegcomputer,Printer,Weegplaat,...
2.5.0;8/05/2022;CT000283;PRB0041150;Aswegersite;https://wegenenverkeer.data.vlaanderen.be/doc/implementatiemodel/aswegersite;Brandblusser;https://wegenenverkeer.data.vlaanderen.be/ns/onderdeel#Brandblusser;"PutRelatie;AIMNaamObject;IndoorKast;Put;Laag;Netwerkpoort;AIMObject";De OTL werd uitgebreid met het model Aswegersite met oa. volgende nieuwe elementen, Aswegersite,Weegcel,Aswegerput,Weegcomputer,Printer,Weegplaat,...
2.5.0;8/05/2022;CT000283;PRB0041150;Aswegersite;https://wegenenverkeer.data.vlaanderen.be/doc/implementatiemodel/aswegersite;Slagboom;https://wegenenverkeer.data.vlaanderen.be/ns/installatie#Slagboom;"PutRelatie;AIMNaamObject;IndoorKast;Put;Laag;Netwerkpoort;AIMObject";De OTL werd uitgebreid met het model Aswegersite met oa. volgende nieuwe elementen, Aswegersite,Weegcel,Aswegerput,Weegcomputer,Printer,Weegplaat,...
2.5.0;8/05/2022;CT000283;PRB0041150;Aswegersite;https://wegenenverkeer.data.vlaanderen.be/doc/implementatiemodel/aswegersite;Gebouw;https://wegenenverkeer.data.vlaanderen.be/ns/installatie#Gebouw;"PutRelatie;AIMNaamObject;IndoorKast;Put;Laag;Netwerkpoort;AIMObject";De OTL werd uitgebreid met het model Aswegersite met oa. volgende nieuwe elementen, Aswegersite,Weegcel,Aswegerput,Weegcomputer,Printer,Weegplaat,...
2.5.0;8/05/2022;CT000283;PRB0041150;Aswegersite;https://wegenenverkeer.data.vlaanderen.be/doc/implementatiemodel/aswegersite;Stroomkring;https://wegenenverkeer.data.vlaanderen.be/ns/onderdeel#Stroomkring;"PutRelatie;AIMNaamObject;IndoorKast;Put;Laag;Netwerkpoort;AIMObject";De OTL werd uitgebreid met het model Aswegersite met oa. volgende nieuwe elementen, Aswegersite,Weegcel,Aswegerput,Weegcomputer,Printer,Weegplaat,...
2.5.0;8/05/2022;CT000282;PRB0041066;BiFlash;https://wegenenverkeer.data.vlaanderen.be/doc/implementatiemodel/biflash;BiFlashInstallatie;https://wegenenverkeer.data.vlaanderen.be/ns/installatie#BiFlashInstallatie;"RetroreflecterendVerkeersbord;Stroomkring;RechteSteun;LEDBord;Draagconstructie;SoftwareToegang;DynBordExternePU;AIMNaamObject;NaampadObject;Stroomkring";Het model BiFlash werd aangemaakt. Dit bevat volgende nieuwe klassen: BiFlashInstallatie, BiFlash, Tijdsschakelaar. Deze nieuwe klassen hebben relaties met deze bestaande klassen: Draagconstructie, RechteSteun, RetroreflecterendVerkeersbord, RetroreflecterendeFolie, Stroomkring, ForfaitaireAansluiting, DNBMeter, DynBordExternePU, LEDBord en SoftwareToegang.
2.5.0;8/05/2022;CT000282;PRB0041066;BiFlash;https://wegenenverkeer.data.vlaanderen.be/doc/implementatiemodel/biflash;BiFlash;https://wegenenverkeer.data.vlaanderen.be/ns/onderdeel#BiFlash;"RetroreflecterendVerkeersbord;Stroomkring;RechteSteun;LEDBord;Draagconstructie;SoftwareToegang;DynBordExternePU;AIMNaamObject;NaampadObject;Stroomkring";Het model BiFlash werd aangemaakt. Dit bevat volgende nieuwe klassen: BiFlashInstallatie, BiFlash, Tijdsschakelaar. Deze nieuwe klassen hebben relaties met deze bestaande klassen: Draagconstructie, RechteSteun, RetroreflecterendVerkeersbord, RetroreflecterendeFolie, Stroomkring, ForfaitaireAansluiting, DNBMeter, DynBordExternePU, LEDBord en SoftwareToegang.
2.5.0;8/05/2022;CT000282;PRB0041066;BiFlash;https://wegenenverkeer.data.vlaanderen.be/doc/implementatiemodel/biflash;Tijdschakelaar;https://wegenenverkeer.data.vlaanderen.be/ns/onderdeel#Tijdschakelaar;"RetroreflecterendVerkeersbord;Stroomkring;RechteSteun;LEDBord;Draagconstructie;SoftwareToegang;DynBordExternePU;AIMNaamObject;NaampadObject;Stroomkring";Het model BiFlash werd aangemaakt. Dit bevat volgende nieuwe klassen: BiFlashInstallatie, BiFlash, Tijdsschakelaar. Deze nieuwe klassen hebben relaties met deze bestaande klassen: Draagconstructie, RechteSteun, RetroreflecterendVerkeersbord, RetroreflecterendeFolie, Stroomkring, ForfaitaireAansluiting, DNBMeter, DynBordExternePU, LEDBord en SoftwareToegang.
2.5.0;8/05/2022;CT000283;PRB0041150;BiFlash;https://wegenenverkeer.data.vlaanderen.be/doc/implementatiemodel/biflash;Stroomkring;https://wegenenverkeer.data.vlaanderen.be/ns/onderdeel#Stroomkring;"PutRelatie;AIMNaamObject;IndoorKast;Put;Laag;Netwerkpoort;AIMObject";De OTL werd uitgebreid met het model Aswegersite met oa. volgende nieuwe elementen, Aswegersite,Weegcel,Aswegerput,Weegcomputer,Printer,Weegplaat,...
2.5.0;8/05/2022;CT000283;PRB0041150;Brandleiding;https://wegenenverkeer.data.vlaanderen.be/doc/implementatiemodel/brandleiding;Stroomkring;https://wegenenverkeer.data.vlaanderen.be/ns/onderdeel#Stroomkring;"PutRelatie;AIMNaamObject;IndoorKast;Put;Laag;Netwerkpoort;AIMObject";De OTL werd uitgebreid met het model Aswegersite met oa. volgende nieuwe elementen, Aswegersite,Weegcel,Aswegerput,Weegcomputer,Printer,Weegplaat,...
2.5.0;8/05/2022;CT000272;PRB0041148;Camerainstallatie;https://wegenenverkeer.data.vlaanderen.be/doc/implementatiemodel/camerainstallatie;Camera;https://wegenenverkeer.data.vlaanderen.be/ns/onderdeel#Camera;"Laag;Stroomkring;Netwerkpoort;Batterij;Draagconstructie;IOKaart;SoftwareToegang;Kast;AIMNaamObject;PLC;Referentiepunt;Stroomkring";Uitbreiding van de OTL met specifieke componenten voor het model Meteo, zoals installatie Meetstation, toevoeging van nieuwe sensor types, aanpassing aan bestaande sensor types maar ook de voeding en sturing van deze sensor types.
2.5.0;8/05/2022;CT000281;PRB0041149;Camerainstallatie;https://wegenenverkeer.data.vlaanderen.be/doc/implementatiemodel/camerainstallatie;Netwerkelement;https://wegenenverkeer.data.vlaanderen.be/ns/onderdeel#Netwerkelement;;Attribuut telefoonnummer toegevoegd aan Netwerkelement, voornamelijk in functie van het gebruik van netwerkelementen in DSL installaties.
2.5.0;8/05/2022;CT000283;PRB0041150;Camerainstallatie;https://wegenenverkeer.data.vlaanderen.be/doc/implementatiemodel/camerainstallatie;Stroomkring;https://wegenenverkeer.data.vlaanderen.be/ns/onderdeel#Stroomkring;"PutRelatie;AIMNaamObject;IndoorKast;Put;Laag;Netwerkpoort;AIMObject";De OTL werd uitgebreid met het model Aswegersite met oa. volgende nieuwe elementen, Aswegersite,Weegcel,Aswegerput,Weegcomputer,Printer,Weegplaat,...
2.5.0;8/05/2022;CT000263;PRB0041099;Draagconstructies;https://wegenenverkeer.data.vlaanderen.be/doc/implementatiemodel/draagconstructies;Funderingspaal;https://wegenenverkeer.data.vlaanderen.be/ns/onderdeel#Funderingspaal;;Funderingspaal en Betonnen heipaal werden aangemaakt en toegevoegd aan model Draagconstructies.
2.5.0;8/05/2022;CT000264;PRB0041009;Draagconstructies;https://wegenenverkeer.data.vlaanderen.be/doc/implementatiemodel/draagconstructies;Verkeersbordsteun;https://wegenenverkeer.data.vlaanderen.be/ns/onderdeel#Verkeersbordsteun;;De definitie van Verkeersbordsteun werd aangepast naar 'Een draagconstructie voor verkeersborden. Dit kan een ronde paal of een vakwerksteun zijn.'
2.5.0;8/05/2022;CT000265;PRB0041039;Draagconstructies;https://wegenenverkeer.data.vlaanderen.be/doc/implementatiemodel/draagconstructies;Verkeersbordsteun;https://wegenenverkeer.data.vlaanderen.be/ns/onderdeel#Verkeersbordsteun;;Eigenschap breedte in millimeter van Verkeersbordsteun werd terug geactiveerd om de breedte van een vakwerksteun (type van Verkeersbordsteun) in onder te brengen.
2.5.0;8/05/2022;CT000281;PRB0041149;Dynamische-borden;https://wegenenverkeer.data.vlaanderen.be/doc/implementatiemodel/dynamische-borden;Netwerkelement;https://wegenenverkeer.data.vlaanderen.be/ns/onderdeel#Netwerkelement;;Attribuut telefoonnummer toegevoegd aan Netwerkelement, voornamelijk in functie van het gebruik van netwerkelementen in DSL installaties.
2.5.0;8/05/2022;CT000283;PRB0041150;Dynamische-borden;https://wegenenverkeer.data.vlaanderen.be/doc/implementatiemodel/dynamische-borden;Gebouw;https://wegenenverkeer.data.vlaanderen.be/ns/installatie#Gebouw;"PutRelatie;AIMNaamObject;IndoorKast;Put;Laag;Netwerkpoort;AIMObject";De OTL werd uitgebreid met het model Aswegersite met oa. volgende nieuwe elementen, Aswegersite,Weegcel,Aswegerput,Weegcomputer,Printer,Weegplaat,...
2.5.0;8/05/2022;CT000283;PRB0041150;Dynamische-borden;https://wegenenverkeer.data.vlaanderen.be/doc/implementatiemodel/dynamische-borden;Stroomkring;https://wegenenverkeer.data.vlaanderen.be/ns/onderdeel#Stroomkring;"PutRelatie;AIMNaamObject;IndoorKast;Put;Laag;Netwerkpoort;AIMObject";De OTL werd uitgebreid met het model Aswegersite met oa. volgende nieuwe elementen, Aswegersite,Weegcel,Aswegerput,Weegcomputer,Printer,Weegplaat,...
2.5.0;8/05/2022;CT000272;PRB0041148;Eenvoudige-datatypes;https://wegenenverkeer.data.vlaanderen.be/doc/implementatiemodel/eenvoudige-datatypes;KwantWrdInmAh;https://wegenenverkeer.data.vlaanderen.be/ns/implementatieelement#KwantWrdInmAh;"Laag;Stroomkring;Netwerkpoort;Batterij;Draagconstructie;IOKaart;SoftwareToegang;Kast;AIMNaamObject;PLC;Referentiepunt;Stroomkring";Uitbreiding van de OTL met specifieke componenten voor het model Meteo, zoals installatie Meetstation, toevoeging van nieuwe sensor types, aanpassing aan bestaande sensor types maar ook de voeding en sturing van deze sensor types.
2.5.0;8/05/2022;CT000272;PRB0041148;Elektrische-componenten;https://wegenenverkeer.data.vlaanderen.be/doc/implementatiemodel/elektrische-componenten;Zonnepaneel;https://wegenenverkeer.data.vlaanderen.be/ns/onderdeel#Zonnepaneel;"Laag;Stroomkring;Netwerkpoort;Batterij;Draagconstructie;IOKaart;SoftwareToegang;Kast;AIMNaamObject;PLC;Referentiepunt;Stroomkring";Uitbreiding van de OTL met specifieke componenten voor het model Meteo, zoals installatie Meetstation, toevoeging van nieuwe sensor types, aanpassing aan bestaande sensor types maar ook de voeding en sturing van deze sensor types.
2.5.0;8/05/2022;CT000274;PRB0041140;Elektrische-componenten;https://wegenenverkeer.data.vlaanderen.be/doc/implementatiemodel/elektrische-componenten;Behuizing;https://wegenenverkeer.data.vlaanderen.be/ns/abstracten#Behuizing;;De spelfout in de usage note van attribuut Behuizing.riscicoanalyse werd gecorrigeerd.
2.5.0;8/05/2022;CT000283;PRB0041150;Elektrische-componenten;https://wegenenverkeer.data.vlaanderen.be/doc/implementatiemodel/elektrische-componenten;Stroomkring;https://wegenenverkeer.data.vlaanderen.be/ns/onderdeel#Stroomkring;"PutRelatie;AIMNaamObject;IndoorKast;Put;Laag;Netwerkpoort;AIMObject";De OTL werd uitgebreid met het model Aswegersite met oa. volgende nieuwe elementen, Aswegersite,Weegcel,Aswegerput,Weegcomputer,Printer,Weegplaat,...
2.5.0;8/05/2022;CT000274;PRB0041140;Elektromechanische-afbakening;https://wegenenverkeer.data.vlaanderen.be/doc/implementatiemodel/elektromechanische-afbakening;Behuizing;https://wegenenverkeer.data.vlaanderen.be/ns/abstracten#Behuizing;;De spelfout in de usage note van attribuut Behuizing.riscicoanalyse werd gecorrigeerd.
2.5.0;8/05/2022;CT000283;PRB0041150;Elektromechanische-afbakening;https://wegenenverkeer.data.vlaanderen.be/doc/implementatiemodel/elektromechanische-afbakening;Stroomkring;https://wegenenverkeer.data.vlaanderen.be/ns/onderdeel#Stroomkring;"PutRelatie;AIMNaamObject;IndoorKast;Put;Laag;Netwerkpoort;AIMObject";De OTL werd uitgebreid met het model Aswegersite met oa. volgende nieuwe elementen, Aswegersite,Weegcel,Aswegerput,Weegcomputer,Printer,Weegplaat,...
2.5.0;8/05/2022;CT000272;PRB0041148;Fietstelinstallatie;https://wegenenverkeer.data.vlaanderen.be/doc/implementatiemodel/fietstelinstallatie;Zonnepaneel;https://wegenenverkeer.data.vlaanderen.be/ns/onderdeel#Zonnepaneel;"Laag;Stroomkring;Netwerkpoort;Batterij;Draagconstructie;IOKaart;SoftwareToegang;Kast;AIMNaamObject;PLC;Referentiepunt;Stroomkring";Uitbreiding van de OTL met specifieke componenten voor het model Meteo, zoals installatie Meetstation, toevoeging van nieuwe sensor types, aanpassing aan bestaande sensor types maar ook de voeding en sturing van deze sensor types.
2.5.0;8/05/2022;CT000283;PRB0041150;Fietstelinstallatie;https://wegenenverkeer.data.vlaanderen.be/doc/implementatiemodel/fietstelinstallatie;Stroomkring;https://wegenenverkeer.data.vlaanderen.be/ns/onderdeel#Stroomkring;"PutRelatie;AIMNaamObject;IndoorKast;Put;Laag;Netwerkpoort;AIMObject";De OTL werd uitgebreid met het model Aswegersite met oa. volgende nieuwe elementen, Aswegersite,Weegcel,Aswegerput,Weegcomputer,Printer,Weegplaat,...
2.5.0;8/05/2022;CT000272;PRB0041148;Hoppinpunten;https://wegenenverkeer.data.vlaanderen.be/doc/implementatiemodel/hoppinpunten;Zonnepaneel;https://wegenenverkeer.data.vlaanderen.be/ns/onderdeel#Zonnepaneel;"Laag;Stroomkring;Netwerkpoort;Batterij;Draagconstructie;IOKaart;SoftwareToegang;Kast;AIMNaamObject;PLC;Referentiepunt;Stroomkring";Uitbreiding van de OTL met specifieke componenten voor het model Meteo, zoals installatie Meetstation, toevoeging van nieuwe sensor types, aanpassing aan bestaande sensor types maar ook de voeding en sturing van deze sensor types.
2.5.0;8/05/2022;CT000283;PRB0041150;Hulpposten;https://wegenenverkeer.data.vlaanderen.be/doc/implementatiemodel/hulpposten;Brandblusser;https://wegenenverkeer.data.vlaanderen.be/ns/onderdeel#Brandblusser;"PutRelatie;AIMNaamObject;IndoorKast;Put;Laag;Netwerkpoort;AIMObject";De OTL werd uitgebreid met het model Aswegersite met oa. volgende nieuwe elementen, Aswegersite,Weegcel,Aswegerput,Weegcomputer,Printer,Weegplaat,...
2.5.0;8/05/2022;CT000283;PRB0041150;Hulpposten;https://wegenenverkeer.data.vlaanderen.be/doc/implementatiemodel/hulpposten;Stroomkring;https://wegenenverkeer.data.vlaanderen.be/ns/onderdeel#Stroomkring;"PutRelatie;AIMNaamObject;IndoorKast;Put;Laag;Netwerkpoort;AIMObject";De OTL werd uitgebreid met het model Aswegersite met oa. volgende nieuwe elementen, Aswegersite,Weegcel,Aswegerput,Weegcomputer,Printer,Weegplaat,...
2.5.0;8/05/2022;CT000272;PRB0041148;Inbreuken-zwaar-vervoer;https://wegenenverkeer.data.vlaanderen.be/doc/implementatiemodel/inbreuken-zwaar-vervoer;Neerslagsensor;https://wegenenverkeer.data.vlaanderen.be/ns/onderdeel#Neerslagsensor;"Laag;Stroomkring;Netwerkpoort;Batterij;Draagconstructie;IOKaart;SoftwareToegang;Kast;AIMNaamObject;PLC;Referentiepunt;Stroomkring";Uitbreiding van de OTL met specifieke componenten voor het model Meteo, zoals installatie Meetstation, toevoeging van nieuwe sensor types, aanpassing aan bestaande sensor types maar ook de voeding en sturing van deze sensor types.
2.5.0;8/05/2022;CT000272;PRB0041148;Inbreuken-zwaar-vervoer;https://wegenenverkeer.data.vlaanderen.be/doc/implementatiemodel/inbreuken-zwaar-vervoer;Camera;https://wegenenverkeer.data.vlaanderen.be/ns/onderdeel#Camera;"Laag;Stroomkring;Netwerkpoort;Batterij;Draagconstructie;IOKaart;SoftwareToegang;Kast;AIMNaamObject;PLC;Referentiepunt;Stroomkring";Uitbreiding van de OTL met specifieke componenten voor het model Meteo, zoals installatie Meetstation, toevoeging van nieuwe sensor types, aanpassing aan bestaande sensor types maar ook de voeding en sturing van deze sensor types.
2.5.0;8/05/2022;CT000274;PRB0041140;Inbreuken-zwaar-vervoer;https://wegenenverkeer.data.vlaanderen.be/doc/implementatiemodel/inbreuken-zwaar-vervoer;Behuizing;https://wegenenverkeer.data.vlaanderen.be/ns/abstracten#Behuizing;;De spelfout in de usage note van attribuut Behuizing.riscicoanalyse werd gecorrigeerd.
2.5.0;8/05/2022;CT000281;PRB0041149;Inbreuken-zwaar-vervoer;https://wegenenverkeer.data.vlaanderen.be/doc/implementatiemodel/inbreuken-zwaar-vervoer;Netwerkelement;https://wegenenverkeer.data.vlaanderen.be/ns/onderdeel#Netwerkelement;;Attribuut telefoonnummer toegevoegd aan Netwerkelement, voornamelijk in functie van het gebruik van netwerkelementen in DSL installaties.
2.5.0;8/05/2022;CT000283;PRB0041150;Inbreuken-zwaar-vervoer;https://wegenenverkeer.data.vlaanderen.be/doc/implementatiemodel/inbreuken-zwaar-vervoer;Stroomkring;https://wegenenverkeer.data.vlaanderen.be/ns/onderdeel#Stroomkring;"PutRelatie;AIMNaamObject;IndoorKast;Put;Laag;Netwerkpoort;AIMObject";De OTL werd uitgebreid met het model Aswegersite met oa. volgende nieuwe elementen, Aswegersite,Weegcel,Aswegerput,Weegcomputer,Printer,Weegplaat,...
2.5.0;8/05/2022;CT000274;PRB0041140;IP-Netwerk;https://wegenenverkeer.data.vlaanderen.be/doc/implementatiemodel/ip-netwerk;Behuizing;https://wegenenverkeer.data.vlaanderen.be/ns/abstracten#Behuizing;;De spelfout in de usage note van attribuut Behuizing.riscicoanalyse werd gecorrigeerd.
2.5.0;8/05/2022;CT000281;PRB0041149;IP-Netwerk;https://wegenenverkeer.data.vlaanderen.be/doc/implementatiemodel/ip-netwerk;Netwerkelement;https://wegenenverkeer.data.vlaanderen.be/ns/onderdeel#Netwerkelement;;Attribuut telefoonnummer toegevoegd aan Netwerkelement, voornamelijk in functie van het gebruik van netwerkelementen in DSL installaties.
2.5.0;8/05/2022;CT000283;PRB0041150;IP-Netwerk;https://wegenenverkeer.data.vlaanderen.be/doc/implementatiemodel/ip-netwerk;Stroomkring;https://wegenenverkeer.data.vlaanderen.be/ns/onderdeel#Stroomkring;"PutRelatie;AIMNaamObject;IndoorKast;Put;Laag;Netwerkpoort;AIMObject";De OTL werd uitgebreid met het model Aswegersite met oa. volgende nieuwe elementen, Aswegersite,Weegcel,Aswegerput,Weegcomputer,Printer,Weegplaat,...
2.5.0;8/05/2022;CT000274;PRB0041140;Kabels-en-leidingen;https://wegenenverkeer.data.vlaanderen.be/doc/implementatiemodel/kabels-en-leidingen;Behuizing;https://wegenenverkeer.data.vlaanderen.be/ns/abstracten#Behuizing;;De spelfout in de usage note van attribuut Behuizing.riscicoanalyse werd gecorrigeerd.
2.5.0;8/05/2022;CT000274;PRB0041140;Kasten-Cabines-Behuizing;https://wegenenverkeer.data.vlaanderen.be/doc/implementatiemodel/kasten-cabines-behuizing;Behuizing;https://wegenenverkeer.data.vlaanderen.be/ns/abstracten#Behuizing;;De spelfout in de usage note van attribuut Behuizing.riscicoanalyse werd gecorrigeerd.
2.5.0;8/05/2022;CT000283;PRB0041150;Kasten-Cabines-Behuizing;https://wegenenverkeer.data.vlaanderen.be/doc/implementatiemodel/kasten-cabines-behuizing;Lokaal;https://wegenenverkeer.data.vlaanderen.be/ns/installatie#Lokaal;"PutRelatie;AIMNaamObject;IndoorKast;Put;Laag;Netwerkpoort;AIMObject";De OTL werd uitgebreid met het model Aswegersite met oa. volgende nieuwe elementen, Aswegersite,Weegcel,Aswegerput,Weegcomputer,Printer,Weegplaat,...
2.5.0;8/05/2022;CT000283;PRB0041150;Kasten-Cabines-Behuizing;https://wegenenverkeer.data.vlaanderen.be/doc/implementatiemodel/kasten-cabines-behuizing;Gebouw;https://wegenenverkeer.data.vlaanderen.be/ns/installatie#Gebouw;"PutRelatie;AIMNaamObject;IndoorKast;Put;Laag;Netwerkpoort;AIMObject";De OTL werd uitgebreid met het model Aswegersite met oa. volgende nieuwe elementen, Aswegersite,Weegcel,Aswegerput,Weegcomputer,Printer,Weegplaat,...
2.5.0;8/05/2022;CT000270;PRB0041142;Lijnvormige-elementen;https://wegenenverkeer.data.vlaanderen.be/doc/implementatiemodel/lijnvormige-elementen;VerlichtingstoestelLED;https://wegenenverkeer.data.vlaanderen.be/ns/onderdeel#VerlichtingstoestelLED;"Geleideconstructie;Geleideconstructie";VerlichtingstoestelLED werd toegevoegd aan het model Lijnvormige-elementen met een bevestigingsrelatie naar Geleideconstructie.
2.5.0;8/05/2022;CT000269;PRB0041137;Lijnvormige-elementen;https://wegenenverkeer.data.vlaanderen.be/doc/implementatiemodel/lijnvormige-elementen;NietConformBegin;https://wegenenverkeer.data.vlaanderen.be/ns/onderdeel#NietConformBegin;"AIMObject;VoertuigkerendGeluidsschermelement";Toevoeging van object NietConformBegin met eigenschap 'materiaal' en als relaties SluitAanOp op een Geleideconstructie en VoertuigkerendGeluidsschermelement.
2.5.0;8/05/2022;CT000272;PRB0041148;Lijnvormige-elementen;https://wegenenverkeer.data.vlaanderen.be/doc/implementatiemodel/lijnvormige-elementen;Zonnepaneel;https://wegenenverkeer.data.vlaanderen.be/ns/onderdeel#Zonnepaneel;"Laag;Stroomkring;Netwerkpoort;Batterij;Draagconstructie;IOKaart;SoftwareToegang;Kast;AIMNaamObject;PLC;Referentiepunt;Stroomkring";Uitbreiding van de OTL met specifieke componenten voor het model Meteo, zoals installatie Meetstation, toevoeging van nieuwe sensor types, aanpassing aan bestaande sensor types maar ook de voeding en sturing van deze sensor types.
2.5.0;8/05/2022;CT000280;PRB0041146;Lijnvormige-elementen;https://wegenenverkeer.data.vlaanderen.be/doc/implementatiemodel/lijnvormige-elementen;NietStandaardStalenProfiel;https://wegenenverkeer.data.vlaanderen.be/ns/onderdeel#NietStandaardStalenProfiel;;Attributen 'profielbreedte' en 'profielhoogte' werden uit gebruik genomen en vervangen door detailDwarsdoorsnede ('detail dwarsdoorsnede').
2.5.0;8/05/2022;CT000278;PRB0041145;Lijnvormige-elementen;https://wegenenverkeer.data.vlaanderen.be/doc/implementatiemodel/lijnvormige-elementen;StalenProfiel;https://wegenenverkeer.data.vlaanderen.be/ns/abstracten#StalenProfiel;"StandaardStalenProfiel;NietStandaardStalenProfiel;NietStandaardStalenProfiel";De definitie van attribuut lengte werd aangepast.
2.5.0;8/05/2022;CT000285;PRB0041161;Lijnvormige-elementen;https://wegenenverkeer.data.vlaanderen.be/doc/implementatiemodel/lijnvormige-elementen;VerlichtingstoestelLED;https://wegenenverkeer.data.vlaanderen.be/ns/onderdeel#VerlichtingstoestelLED;;Attribuut 'isLijnvormig' met als datatype Boolean werd toegevoegd om aan te duiden dat VerlichtingstoestelLed al dan niet lijnvormig is, zoals bv. een led-strip.
2.5.0;8/05/2022;CT000286;PRB0041163;Lijnvormige-elementen;https://wegenenverkeer.data.vlaanderen.be/doc/implementatiemodel/lijnvormige-elementen;Geleideconstructie;https://wegenenverkeer.data.vlaanderen.be/ns/onderdeel#Geleideconstructie;"Beginstuk;NietConformBegin";Een SluitAanOp relatie werd toegevoegd van GeleideConstructie naar abstracte Beginstuk en NietConformBegin.
2.5.0;8/05/2022;CT000283;PRB0041150;Luchtkwaliteit;https://wegenenverkeer.data.vlaanderen.be/doc/implementatiemodel/luchtkwaliteit;Stroomkring;https://wegenenverkeer.data.vlaanderen.be/ns/onderdeel#Stroomkring;"PutRelatie;AIMNaamObject;IndoorKast;Put;Laag;Netwerkpoort;AIMObject";De OTL werd uitgebreid met het model Aswegersite met oa. volgende nieuwe elementen, Aswegersite,Weegcel,Aswegerput,Weegcomputer,Printer,Weegplaat,...
2.5.0;8/05/2022;CT000283;PRB0041150;Luidspreker-intercom;https://wegenenverkeer.data.vlaanderen.be/doc/implementatiemodel/luidspreker-intercom;Stroomkring;https://wegenenverkeer.data.vlaanderen.be/ns/onderdeel#Stroomkring;"PutRelatie;AIMNaamObject;IndoorKast;Put;Laag;Netwerkpoort;AIMObject";De OTL werd uitgebreid met het model Aswegersite met oa. volgende nieuwe elementen, Aswegersite,Weegcel,Aswegerput,Weegcomputer,Printer,Weegplaat,...
2.5.0;8/05/2022;CT000274;PRB0041140;Meten-in-Vlaanderen;https://wegenenverkeer.data.vlaanderen.be/doc/implementatiemodel/meten-in-vlaanderen;Behuizing;https://wegenenverkeer.data.vlaanderen.be/ns/abstracten#Behuizing;;De spelfout in de usage note van attribuut Behuizing.riscicoanalyse werd gecorrigeerd.
2.5.0;8/05/2022;CT000281;PRB0041149;Meten-in-Vlaanderen;https://wegenenverkeer.data.vlaanderen.be/doc/implementatiemodel/meten-in-vlaanderen;Netwerkelement;https://wegenenverkeer.data.vlaanderen.be/ns/onderdeel#Netwerkelement;;Attribuut telefoonnummer toegevoegd aan Netwerkelement, voornamelijk in functie van het gebruik van netwerkelementen in DSL installaties.
2.5.0;8/05/2022;CT000283;PRB0041150;Meten-in-Vlaanderen;https://wegenenverkeer.data.vlaanderen.be/doc/implementatiemodel/meten-in-vlaanderen;Stroomkring;https://wegenenverkeer.data.vlaanderen.be/ns/onderdeel#Stroomkring;"PutRelatie;AIMNaamObject;IndoorKast;Put;Laag;Netwerkpoort;AIMObject";De OTL werd uitgebreid met het model Aswegersite met oa. volgende nieuwe elementen, Aswegersite,Weegcel,Aswegerput,Weegcomputer,Printer,Weegplaat,...
2.5.0;8/05/2022;CT000267;PRB0041105;Meteo;https://wegenenverkeer.data.vlaanderen.be/doc/implementatiemodel/meteo;Lichtsensor;https://wegenenverkeer.data.vlaanderen.be/ns/onderdeel#Lichtsensor;;De bestaande definitie van Lichtsensor werd aangepast naar 'Een meettoestel dat wordt gebruikt om de lichtsterkte of illuminantie, voortgebracht door een lichtbron, te meten.' in kader van Meteo.
2.5.0;8/05/2022;CT000272;PRB0041148;Meteo;https://wegenenverkeer.data.vlaanderen.be/doc/implementatiemodel/meteo;IoTSensor;https://wegenenverkeer.data.vlaanderen.be/ns/onderdeel#IoTSensor;"Laag;Stroomkring;Netwerkpoort;Batterij;Draagconstructie;IOKaart;SoftwareToegang;Kast;AIMNaamObject;PLC;Referentiepunt;Stroomkring";Uitbreiding van de OTL met specifieke componenten voor het model Meteo, zoals installatie Meetstation, toevoeging van nieuwe sensor types, aanpassing aan bestaande sensor types maar ook de voeding en sturing van deze sensor types.
2.5.0;8/05/2022;CT000272;PRB0041148;Meteo;https://wegenenverkeer.data.vlaanderen.be/doc/implementatiemodel/meteo;KlSpectrum;https://wegenenverkeer.data.vlaanderen.be/doc/conceptscheme/KlSpectrum;"Laag;Stroomkring;Netwerkpoort;Batterij;Draagconstructie;IOKaart;SoftwareToegang;Kast;AIMNaamObject;PLC;Referentiepunt;Stroomkring";Uitbreiding van de OTL met specifieke componenten voor het model Meteo, zoals installatie Meetstation, toevoeging van nieuwe sensor types, aanpassing aan bestaande sensor types maar ook de voeding en sturing van deze sensor types.
2.5.0;8/05/2022;CT000272;PRB0041148;Meteo;https://wegenenverkeer.data.vlaanderen.be/doc/implementatiemodel/meteo;KlIoTSensorMerk;https://wegenenverkeer.data.vlaanderen.be/doc/conceptscheme/KlIoTSensorMerk;"Laag;Stroomkring;Netwerkpoort;Batterij;Draagconstructie;IOKaart;SoftwareToegang;Kast;AIMNaamObject;PLC;Referentiepunt;Stroomkring";Uitbreiding van de OTL met specifieke componenten voor het model Meteo, zoals installatie Meetstation, toevoeging van nieuwe sensor types, aanpassing aan bestaande sensor types maar ook de voeding en sturing van deze sensor types.
2.5.0;8/05/2022;CT000272;PRB0041148;Meteo;https://wegenenverkeer.data.vlaanderen.be/doc/implementatiemodel/meteo;KlIoTSensorVerbindingstype;https://wegenenverkeer.data.vlaanderen.be/doc/conceptscheme/KlIoTSensorVerbindingstype;"Laag;Stroomkring;Netwerkpoort;Batterij;Draagconstructie;IOKaart;SoftwareToegang;Kast;AIMNaamObject;PLC;Referentiepunt;Stroomkring";Uitbreiding van de OTL met specifieke componenten voor het model Meteo, zoals installatie Meetstation, toevoeging van nieuwe sensor types, aanpassing aan bestaande sensor types maar ook de voeding en sturing van deze sensor types.
2.5.0;8/05/2022;CT000272;PRB0041148;Meteo;https://wegenenverkeer.data.vlaanderen.be/doc/implementatiemodel/meteo;KlWindmeterModelnaam;https://wegenenverkeer.data.vlaanderen.be/doc/conceptscheme/KlWindmeterModelnaam;"Laag;Stroomkring;Netwerkpoort;Batterij;Draagconstructie;IOKaart;SoftwareToegang;Kast;AIMNaamObject;PLC;Referentiepunt;Stroomkring";Uitbreiding van de OTL met specifieke componenten voor het model Meteo, zoals installatie Meetstation, toevoeging van nieuwe sensor types, aanpassing aan bestaande sensor types maar ook de voeding en sturing van deze sensor types.
2.5.0;8/05/2022;CT000272;PRB0041148;Meteo;https://wegenenverkeer.data.vlaanderen.be/doc/implementatiemodel/meteo;KlWegdeksensorMerk;https://wegenenverkeer.data.vlaanderen.be/doc/conceptscheme/KlWegdeksensorMerk;"Laag;Stroomkring;Netwerkpoort;Batterij;Draagconstructie;IOKaart;SoftwareToegang;Kast;AIMNaamObject;PLC;Referentiepunt;Stroomkring";Uitbreiding van de OTL met specifieke componenten voor het model Meteo, zoals installatie Meetstation, toevoeging van nieuwe sensor types, aanpassing aan bestaande sensor types maar ook de voeding en sturing van deze sensor types.
2.5.0;8/05/2022;CT000272;PRB0041148;Meteo;https://wegenenverkeer.data.vlaanderen.be/doc/implementatiemodel/meteo;KlIoTSensorModelnaam;https://wegenenverkeer.data.vlaanderen.be/doc/conceptscheme/KlIoTSensorModelnaam;"Laag;Stroomkring;Netwerkpoort;Batterij;Draagconstructie;IOKaart;SoftwareToegang;Kast;AIMNaamObject;PLC;Referentiepunt;Stroomkring";Uitbreiding van de OTL met specifieke componenten voor het model Meteo, zoals installatie Meetstation, toevoeging van nieuwe sensor types, aanpassing aan bestaande sensor types maar ook de voeding en sturing van deze sensor types.
2.5.0;8/05/2022;CT000272;PRB0041148;Meteo;https://wegenenverkeer.data.vlaanderen.be/doc/implementatiemodel/meteo;KlPMUModelnaam;https://wegenenverkeer.data.vlaanderen.be/doc/conceptscheme/KlPMUModelnaam;"Laag;Stroomkring;Netwerkpoort;Batterij;Draagconstructie;IOKaart;SoftwareToegang;Kast;AIMNaamObject;PLC;Referentiepunt;Stroomkring";Uitbreiding van de OTL met specifieke componenten voor het model Meteo, zoals installatie Meetstation, toevoeging van nieuwe sensor types, aanpassing aan bestaande sensor types maar ook de voeding en sturing van deze sensor types.
2.5.0;8/05/2022;CT000272;PRB0041148;Meteo;https://wegenenverkeer.data.vlaanderen.be/doc/implementatiemodel/meteo;KlCompacteBatterijModelnaam;https://wegenenverkeer.data.vlaanderen.be/doc/conceptscheme/KlCompacteBatterijModelnaam;"Laag;Stroomkring;Netwerkpoort;Batterij;Draagconstructie;IOKaart;SoftwareToegang;Kast;AIMNaamObject;PLC;Referentiepunt;Stroomkring";Uitbreiding van de OTL met specifieke componenten voor het model Meteo, zoals installatie Meetstation, toevoeging van nieuwe sensor types, aanpassing aan bestaande sensor types maar ook de voeding en sturing van deze sensor types.
2.5.0;8/05/2022;CT000272;PRB0041148;Meteo;https://wegenenverkeer.data.vlaanderen.be/doc/implementatiemodel/meteo;KlIoTSensorParameter;https://wegenenverkeer.data.vlaanderen.be/doc/conceptscheme/KlIoTSensorParameter;"Laag;Stroomkring;Netwerkpoort;Batterij;Draagconstructie;IOKaart;SoftwareToegang;Kast;AIMNaamObject;PLC;Referentiepunt;Stroomkring";Uitbreiding van de OTL met specifieke componenten voor het model Meteo, zoals installatie Meetstation, toevoeging van nieuwe sensor types, aanpassing aan bestaande sensor types maar ook de voeding en sturing van deze sensor types.
2.5.0;8/05/2022;CT000272;PRB0041148;Meteo;https://wegenenverkeer.data.vlaanderen.be/doc/implementatiemodel/meteo;KlPyranometerModelnaam;https://wegenenverkeer.data.vlaanderen.be/doc/conceptscheme/KlPyranometerModelnaam;"Laag;Stroomkring;Netwerkpoort;Batterij;Draagconstructie;IOKaart;SoftwareToegang;Kast;AIMNaamObject;PLC;Referentiepunt;Stroomkring";Uitbreiding van de OTL met specifieke componenten voor het model Meteo, zoals installatie Meetstation, toevoeging van nieuwe sensor types, aanpassing aan bestaande sensor types maar ook de voeding en sturing van deze sensor types.
2.5.0;8/05/2022;CT000272;PRB0041148;Meteo;https://wegenenverkeer.data.vlaanderen.be/doc/implementatiemodel/meteo;KlThermoHygrometerMerk;https://wegenenverkeer.data.vlaanderen.be/doc/conceptscheme/KlThermoHygrometerMerk;"Laag;Stroomkring;Netwerkpoort;Batterij;Draagconstructie;IOKaart;SoftwareToegang;Kast;AIMNaamObject;PLC;Referentiepunt;Stroomkring";Uitbreiding van de OTL met specifieke componenten voor het model Meteo, zoals installatie Meetstation, toevoeging van nieuwe sensor types, aanpassing aan bestaande sensor types maar ook de voeding en sturing van deze sensor types.
2.5.0;8/05/2022;CT000272;PRB0041148;Meteo;https://wegenenverkeer.data.vlaanderen.be/doc/implementatiemodel/meteo;KlThermoHygrometerModelnaam;https://wegenenverkeer.data.vlaanderen.be/doc/conceptscheme/KlThermoHygrometerModelnaam;"Laag;Stroomkring;Netwerkpoort;Batterij;Draagconstructie;IOKaart;SoftwareToegang;Kast;AIMNaamObject;PLC;Referentiepunt;Stroomkring";Uitbreiding van de OTL met specifieke componenten voor het model Meteo, zoals installatie Meetstation, toevoeging van nieuwe sensor types, aanpassing aan bestaande sensor types maar ook de voeding en sturing van deze sensor types.
2.5.0;8/05/2022;CT000272;PRB0041148;Meteo;https://wegenenverkeer.data.vlaanderen.be/doc/implementatiemodel/meteo;KlLokaalTerreinType;https://wegenenverkeer.data.vlaanderen.be/doc/conceptscheme/KlLokaalTerreinType;"Laag;Stroomkring;Netwerkpoort;Batterij;Draagconstructie;IOKaart;SoftwareToegang;Kast;AIMNaamObject;PLC;Referentiepunt;Stroomkring";Uitbreiding van de OTL met specifieke componenten voor het model Meteo, zoals installatie Meetstation, toevoeging van nieuwe sensor types, aanpassing aan bestaande sensor types maar ook de voeding en sturing van deze sensor types.
2.5.0;8/05/2022;CT000272;PRB0041148;Meteo;https://wegenenverkeer.data.vlaanderen.be/doc/implementatiemodel/meteo;OptischeWegdeksensor;https://wegenenverkeer.data.vlaanderen.be/ns/onderdeel#OptischeWegdeksensor;"Laag;Stroomkring;Netwerkpoort;Batterij;Draagconstructie;IOKaart;SoftwareToegang;Kast;AIMNaamObject;PLC;Referentiepunt;Stroomkring";Uitbreiding van de OTL met specifieke componenten voor het model Meteo, zoals installatie Meetstation, toevoeging van nieuwe sensor types, aanpassing aan bestaande sensor types maar ook de voeding en sturing van deze sensor types.
2.5.0;8/05/2022;CT000272;PRB0041148;Meteo;https://wegenenverkeer.data.vlaanderen.be/doc/implementatiemodel/meteo;KlPyranometerMerk;https://wegenenverkeer.data.vlaanderen.be/doc/conceptscheme/KlPyranometerMerk;"Laag;Stroomkring;Netwerkpoort;Batterij;Draagconstructie;IOKaart;SoftwareToegang;Kast;AIMNaamObject;PLC;Referentiepunt;Stroomkring";Uitbreiding van de OTL met specifieke componenten voor het model Meteo, zoals installatie Meetstation, toevoeging van nieuwe sensor types, aanpassing aan bestaande sensor types maar ook de voeding en sturing van deze sensor types.
2.5.0;8/05/2022;CT000272;PRB0041148;Meteo;https://wegenenverkeer.data.vlaanderen.be/doc/implementatiemodel/meteo;KlDieptetemperatuursensorModelnaam;https://wegenenverkeer.data.vlaanderen.be/doc/conceptscheme/KlDieptetemperatuursensorModelnaam;"Laag;Stroomkring;Netwerkpoort;Batterij;Draagconstructie;IOKaart;SoftwareToegang;Kast;AIMNaamObject;PLC;Referentiepunt;Stroomkring";Uitbreiding van de OTL met specifieke componenten voor het model Meteo, zoals installatie Meetstation, toevoeging van nieuwe sensor types, aanpassing aan bestaande sensor types maar ook de voeding en sturing van deze sensor types.
2.5.0;8/05/2022;CT000272;PRB0041148;Meteo;https://wegenenverkeer.data.vlaanderen.be/doc/implementatiemodel/meteo;KlDieptetemperatuurSensorMerk;https://wegenenverkeer.data.vlaanderen.be/doc/conceptscheme/KlDieptetemperatuurSensorMerk;"Laag;Stroomkring;Netwerkpoort;Batterij;Draagconstructie;IOKaart;SoftwareToegang;Kast;AIMNaamObject;PLC;Referentiepunt;Stroomkring";Uitbreiding van de OTL met specifieke componenten voor het model Meteo, zoals installatie Meetstation, toevoeging van nieuwe sensor types, aanpassing aan bestaande sensor types maar ook de voeding en sturing van deze sensor types.
2.5.0;8/05/2022;CT000272;PRB0041148;Meteo;https://wegenenverkeer.data.vlaanderen.be/doc/implementatiemodel/meteo;KlWindmeterType;https://wegenenverkeer.data.vlaanderen.be/doc/conceptscheme/KlWindmeterType;"Laag;Stroomkring;Netwerkpoort;Batterij;Draagconstructie;IOKaart;SoftwareToegang;Kast;AIMNaamObject;PLC;Referentiepunt;Stroomkring";Uitbreiding van de OTL met specifieke componenten voor het model Meteo, zoals installatie Meetstation, toevoeging van nieuwe sensor types, aanpassing aan bestaande sensor types maar ook de voeding en sturing van deze sensor types.
2.5.0;8/05/2022;CT000272;PRB0041148;Meteo;https://wegenenverkeer.data.vlaanderen.be/doc/implementatiemodel/meteo;KlWegdeksensorModelnaam;https://wegenenverkeer.data.vlaanderen.be/doc/conceptscheme/KlWegdeksensorModelnaam;"Laag;Stroomkring;Netwerkpoort;Batterij;Draagconstructie;IOKaart;SoftwareToegang;Kast;AIMNaamObject;PLC;Referentiepunt;Stroomkring";Uitbreiding van de OTL met specifieke componenten voor het model Meteo, zoals installatie Meetstation, toevoeging van nieuwe sensor types, aanpassing aan bestaande sensor types maar ook de voeding en sturing van deze sensor types.
2.5.0;8/05/2022;CT000272;PRB0041148;Meteo;https://wegenenverkeer.data.vlaanderen.be/doc/implementatiemodel/meteo;Pyranometer;https://wegenenverkeer.data.vlaanderen.be/ns/onderdeel#Pyranometer;"Laag;Stroomkring;Netwerkpoort;Batterij;Draagconstructie;IOKaart;SoftwareToegang;Kast;AIMNaamObject;PLC;Referentiepunt;Stroomkring";Uitbreiding van de OTL met specifieke componenten voor het model Meteo, zoals installatie Meetstation, toevoeging van nieuwe sensor types, aanpassing aan bestaande sensor types maar ook de voeding en sturing van deze sensor types.
2.5.0;8/05/2022;CT000272;PRB0041148;Meteo;https://wegenenverkeer.data.vlaanderen.be/doc/implementatiemodel/meteo;Dieptetemperatuursensor;https://wegenenverkeer.data.vlaanderen.be/ns/onderdeel#Dieptetemperatuursensor;"Laag;Stroomkring;Netwerkpoort;Batterij;Draagconstructie;IOKaart;SoftwareToegang;Kast;AIMNaamObject;PLC;Referentiepunt;Stroomkring";Uitbreiding van de OTL met specifieke componenten voor het model Meteo, zoals installatie Meetstation, toevoeging van nieuwe sensor types, aanpassing aan bestaande sensor types maar ook de voeding en sturing van deze sensor types.
2.5.0;8/05/2022;CT000272;PRB0041148;Meteo;https://wegenenverkeer.data.vlaanderen.be/doc/implementatiemodel/meteo;KlOptischeWegdeksensorMerk;https://wegenenverkeer.data.vlaanderen.be/doc/conceptscheme/KlOptischeWegdeksensorMerk;"Laag;Stroomkring;Netwerkpoort;Batterij;Draagconstructie;IOKaart;SoftwareToegang;Kast;AIMNaamObject;PLC;Referentiepunt;Stroomkring";Uitbreiding van de OTL met specifieke componenten voor het model Meteo, zoals installatie Meetstation, toevoeging van nieuwe sensor types, aanpassing aan bestaande sensor types maar ook de voeding en sturing van deze sensor types.
2.5.0;8/05/2022;CT000272;PRB0041148;Meteo;https://wegenenverkeer.data.vlaanderen.be/doc/implementatiemodel/meteo;KlOptischeWegdeksensorModelnaam;https://wegenenverkeer.data.vlaanderen.be/doc/conceptscheme/KlOptischeWegdeksensorModelnaam;"Laag;Stroomkring;Netwerkpoort;Batterij;Draagconstructie;IOKaart;SoftwareToegang;Kast;AIMNaamObject;PLC;Referentiepunt;Stroomkring";Uitbreiding van de OTL met specifieke componenten voor het model Meteo, zoals installatie Meetstation, toevoeging van nieuwe sensor types, aanpassing aan bestaande sensor types maar ook de voeding en sturing van deze sensor types.
2.5.0;8/05/2022;CT000272;PRB0041148;Meteo;https://wegenenverkeer.data.vlaanderen.be/doc/implementatiemodel/meteo;KlWindmeterMerk;https://wegenenverkeer.data.vlaanderen.be/doc/conceptscheme/KlWindmeterMerk;"Laag;Stroomkring;Netwerkpoort;Batterij;Draagconstructie;IOKaart;SoftwareToegang;Kast;AIMNaamObject;PLC;Referentiepunt;Stroomkring";Uitbreiding van de OTL met specifieke componenten voor het model Meteo, zoals installatie Meetstation, toevoeging van nieuwe sensor types, aanpassing aan bestaande sensor types maar ook de voeding en sturing van deze sensor types.
2.5.0;8/05/2022;CT000272;PRB0041148;Meteo;https://wegenenverkeer.data.vlaanderen.be/doc/implementatiemodel/meteo;KlPMUMerk;https://wegenenverkeer.data.vlaanderen.be/doc/conceptscheme/KlPMUMerk;"Laag;Stroomkring;Netwerkpoort;Batterij;Draagconstructie;IOKaart;SoftwareToegang;Kast;AIMNaamObject;PLC;Referentiepunt;Stroomkring";Uitbreiding van de OTL met specifieke componenten voor het model Meteo, zoals installatie Meetstation, toevoeging van nieuwe sensor types, aanpassing aan bestaande sensor types maar ook de voeding en sturing van deze sensor types.
2.5.0;8/05/2022;CT000272;PRB0041148;Meteo;https://wegenenverkeer.data.vlaanderen.be/doc/implementatiemodel/meteo;KlSensorOpstelwijze;https://wegenenverkeer.data.vlaanderen.be/doc/conceptscheme/KlSensorOpstelwijze;"Laag;Stroomkring;Netwerkpoort;Batterij;Draagconstructie;IOKaart;SoftwareToegang;Kast;AIMNaamObject;PLC;Referentiepunt;Stroomkring";Uitbreiding van de OTL met specifieke componenten voor het model Meteo, zoals installatie Meetstation, toevoeging van nieuwe sensor types, aanpassing aan bestaande sensor types maar ook de voeding en sturing van deze sensor types.
2.5.0;8/05/2022;CT000272;PRB0041148;Meteo;https://wegenenverkeer.data.vlaanderen.be/doc/implementatiemodel/meteo;KlTypeStralingsscherm;https://wegenenverkeer.data.vlaanderen.be/doc/conceptscheme/KlTypeStralingsscherm;"Laag;Stroomkring;Netwerkpoort;Batterij;Draagconstructie;IOKaart;SoftwareToegang;Kast;AIMNaamObject;PLC;Referentiepunt;Stroomkring";Uitbreiding van de OTL met specifieke componenten voor het model Meteo, zoals installatie Meetstation, toevoeging van nieuwe sensor types, aanpassing aan bestaande sensor types maar ook de voeding en sturing van deze sensor types.
2.5.0;8/05/2022;CT000272;PRB0041148;Meteo;https://wegenenverkeer.data.vlaanderen.be/doc/implementatiemodel/meteo;KlCompacteBatterijMerk;https://wegenenverkeer.data.vlaanderen.be/doc/conceptscheme/KlCompacteBatterijMerk;"Laag;Stroomkring;Netwerkpoort;Batterij;Draagconstructie;IOKaart;SoftwareToegang;Kast;AIMNaamObject;PLC;Referentiepunt;Stroomkring";Uitbreiding van de OTL met specifieke componenten voor het model Meteo, zoals installatie Meetstation, toevoeging van nieuwe sensor types, aanpassing aan bestaande sensor types maar ook de voeding en sturing van deze sensor types.
2.5.0;8/05/2022;CT000272;PRB0041148;Meteo;https://wegenenverkeer.data.vlaanderen.be/doc/implementatiemodel/meteo;Sensor;https://wegenenverkeer.data.vlaanderen.be/ns/abstracten#Sensor;"Laag;Stroomkring;Netwerkpoort;Batterij;Draagconstructie;IOKaart;SoftwareToegang;Kast;AIMNaamObject;PLC;Referentiepunt;Stroomkring";Uitbreiding van de OTL met specifieke componenten voor het model Meteo, zoals installatie Meetstation, toevoeging van nieuwe sensor types, aanpassing aan bestaande sensor types maar ook de voeding en sturing van deze sensor types.
2.5.0;8/05/2022;CT000272;PRB0041148;Meteo;https://wegenenverkeer.data.vlaanderen.be/doc/implementatiemodel/meteo;PMU;https://wegenenverkeer.data.vlaanderen.be/ns/onderdeel#PMU;"Laag;Stroomkring;Netwerkpoort;Batterij;Draagconstructie;IOKaart;SoftwareToegang;Kast;AIMNaamObject;PLC;Referentiepunt;Stroomkring";Uitbreiding van de OTL met specifieke componenten voor het model Meteo, zoals installatie Meetstation, toevoeging van nieuwe sensor types, aanpassing aan bestaande sensor types maar ook de voeding en sturing van deze sensor types.
2.5.0;8/05/2022;CT000272;PRB0041148;Meteo;https://wegenenverkeer.data.vlaanderen.be/doc/implementatiemodel/meteo;DtcCompacteBatterij;https://wegenenverkeer.data.vlaanderen.be/doc/implementatiemodel/complexe-datatypes/DtcCompacteBatterij;"Laag;Stroomkring;Netwerkpoort;Batterij;Draagconstructie;IOKaart;SoftwareToegang;Kast;AIMNaamObject;PLC;Referentiepunt;Stroomkring";Uitbreiding van de OTL met specifieke componenten voor het model Meteo, zoals installatie Meetstation, toevoeging van nieuwe sensor types, aanpassing aan bestaande sensor types maar ook de voeding en sturing van deze sensor types.
2.5.0;8/05/2022;CT000272;PRB0041148;Meteo;https://wegenenverkeer.data.vlaanderen.be/doc/implementatiemodel/meteo;Sensoropstelling;https://wegenenverkeer.data.vlaanderen.be/ns/abstracten#Sensoropstelling;"Laag;Stroomkring;Netwerkpoort;Batterij;Draagconstructie;IOKaart;SoftwareToegang;Kast;AIMNaamObject;PLC;Referentiepunt;Stroomkring";Uitbreiding van de OTL met specifieke componenten voor het model Meteo, zoals installatie Meetstation, toevoeging van nieuwe sensor types, aanpassing aan bestaande sensor types maar ook de voeding en sturing van deze sensor types.
2.5.0;8/05/2022;CT000272;PRB0041148;Meteo;https://wegenenverkeer.data.vlaanderen.be/doc/implementatiemodel/meteo;Windmeter;https://wegenenverkeer.data.vlaanderen.be/ns/onderdeel#Windmeter;"Laag;Stroomkring;Netwerkpoort;Batterij;Draagconstructie;IOKaart;SoftwareToegang;Kast;AIMNaamObject;PLC;Referentiepunt;Stroomkring";Uitbreiding van de OTL met specifieke componenten voor het model Meteo, zoals installatie Meetstation, toevoeging van nieuwe sensor types, aanpassing aan bestaande sensor types maar ook de voeding en sturing van deze sensor types.
2.5.0;8/05/2022;CT000272;PRB0041148;Meteo;https://wegenenverkeer.data.vlaanderen.be/doc/implementatiemodel/meteo;Meetstation;https://wegenenverkeer.data.vlaanderen.be/ns/installatie#Meetstation;"Laag;Stroomkring;Netwerkpoort;Batterij;Draagconstructie;IOKaart;SoftwareToegang;Kast;AIMNaamObject;PLC;Referentiepunt;Stroomkring";Uitbreiding van de OTL met specifieke componenten voor het model Meteo, zoals installatie Meetstation, toevoeging van nieuwe sensor types, aanpassing aan bestaande sensor types maar ook de voeding en sturing van deze sensor types.
2.5.0;8/05/2022;CT000272;PRB0041148;Meteo;https://wegenenverkeer.data.vlaanderen.be/doc/implementatiemodel/meteo;ThermoHygrometer;https://wegenenverkeer.data.vlaanderen.be/ns/onderdeel#ThermoHygrometer;"Laag;Stroomkring;Netwerkpoort;Batterij;Draagconstructie;IOKaart;SoftwareToegang;Kast;AIMNaamObject;PLC;Referentiepunt;Stroomkring";Uitbreiding van de OTL met specifieke componenten voor het model Meteo, zoals installatie Meetstation, toevoeging van nieuwe sensor types, aanpassing aan bestaande sensor types maar ook de voeding en sturing van deze sensor types.
2.5.0;8/05/2022;CT000272;PRB0041148;Meteo;https://wegenenverkeer.data.vlaanderen.be/doc/implementatiemodel/meteo;Wegdeksensor;https://wegenenverkeer.data.vlaanderen.be/ns/onderdeel#Wegdeksensor;"Laag;Stroomkring;Netwerkpoort;Batterij;Draagconstructie;IOKaart;SoftwareToegang;Kast;AIMNaamObject;PLC;Referentiepunt;Stroomkring";Uitbreiding van de OTL met specifieke componenten voor het model Meteo, zoals installatie Meetstation, toevoeging van nieuwe sensor types, aanpassing aan bestaande sensor types maar ook de voeding en sturing van deze sensor types.
2.5.0;8/05/2022;CT000272;PRB0041148;Meteo;https://wegenenverkeer.data.vlaanderen.be/doc/implementatiemodel/meteo;NietGedragenSensor;https://wegenenverkeer.data.vlaanderen.be/ns/abstracten#NietGedragenSensor;"Laag;Stroomkring;Netwerkpoort;Batterij;Draagconstructie;IOKaart;SoftwareToegang;Kast;AIMNaamObject;PLC;Referentiepunt;Stroomkring";Uitbreiding van de OTL met specifieke componenten voor het model Meteo, zoals installatie Meetstation, toevoeging van nieuwe sensor types, aanpassing aan bestaande sensor types maar ook de voeding en sturing van deze sensor types.
2.5.0;8/05/2022;CT000272;PRB0041148;Meteo;https://wegenenverkeer.data.vlaanderen.be/doc/implementatiemodel/meteo;Lichtsensor;https://wegenenverkeer.data.vlaanderen.be/ns/onderdeel#Lichtsensor;"Laag;Stroomkring;Netwerkpoort;Batterij;Draagconstructie;IOKaart;SoftwareToegang;Kast;AIMNaamObject;PLC;Referentiepunt;Stroomkring";Uitbreiding van de OTL met specifieke componenten voor het model Meteo, zoals installatie Meetstation, toevoeging van nieuwe sensor types, aanpassing aan bestaande sensor types maar ook de voeding en sturing van deze sensor types.
2.5.0;8/05/2022;CT000272;PRB0041148;Meteo;https://wegenenverkeer.data.vlaanderen.be/doc/implementatiemodel/meteo;Neerslagsensor;https://wegenenverkeer.data.vlaanderen.be/ns/onderdeel#Neerslagsensor;"Laag;Stroomkring;Netwerkpoort;Batterij;Draagconstructie;IOKaart;SoftwareToegang;Kast;AIMNaamObject;PLC;Referentiepunt;Stroomkring";Uitbreiding van de OTL met specifieke componenten voor het model Meteo, zoals installatie Meetstation, toevoeging van nieuwe sensor types, aanpassing aan bestaande sensor types maar ook de voeding en sturing van deze sensor types.
2.5.0;8/05/2022;CT000272;PRB0041148;Meteo;https://wegenenverkeer.data.vlaanderen.be/doc/implementatiemodel/meteo;Zonnepaneel;https://wegenenverkeer.data.vlaanderen.be/ns/onderdeel#Zonnepaneel;"Laag;Stroomkring;Netwerkpoort;Batterij;Draagconstructie;IOKaart;SoftwareToegang;Kast;AIMNaamObject;PLC;Referentiepunt;Stroomkring";Uitbreiding van de OTL met specifieke componenten voor het model Meteo, zoals installatie Meetstation, toevoeging van nieuwe sensor types, aanpassing aan bestaande sensor types maar ook de voeding en sturing van deze sensor types.
2.5.0;8/05/2022;CT000272;PRB0041148;Meteo;https://wegenenverkeer.data.vlaanderen.be/doc/implementatiemodel/meteo;Camera;https://wegenenverkeer.data.vlaanderen.be/ns/onderdeel#Camera;"Laag;Stroomkring;Netwerkpoort;Batterij;Draagconstructie;IOKaart;SoftwareToegang;Kast;AIMNaamObject;PLC;Referentiepunt;Stroomkring";Uitbreiding van de OTL met specifieke componenten voor het model Meteo, zoals installatie Meetstation, toevoeging van nieuwe sensor types, aanpassing aan bestaande sensor types maar ook de voeding en sturing van deze sensor types.
2.5.0;8/05/2022;CT000275;PRB0041153;Meteo;https://wegenenverkeer.data.vlaanderen.be/doc/implementatiemodel/meteo;Lichtsensor;https://wegenenverkeer.data.vlaanderen.be/ns/onderdeel#Lichtsensor;IOKaart;De directe sturingsrelatie tussen Lichtsensor en IOKaart werd uit gebruik genomen wegens een dubbele sturingsrelatie die via overerving van abstracte Sensor tevens op beide klassen terecht komt.
2.5.0;8/05/2022;CT000281;PRB0041149;Meteo;https://wegenenverkeer.data.vlaanderen.be/doc/implementatiemodel/meteo;Netwerkelement;https://wegenenverkeer.data.vlaanderen.be/ns/onderdeel#Netwerkelement;;Attribuut telefoonnummer toegevoegd aan Netwerkelement, voornamelijk in functie van het gebruik van netwerkelementen in DSL installaties.
2.5.0;8/05/2022;CT000283;PRB0041150;Meteo;https://wegenenverkeer.data.vlaanderen.be/doc/implementatiemodel/meteo;Stroomkring;https://wegenenverkeer.data.vlaanderen.be/ns/onderdeel#Stroomkring;"PutRelatie;AIMNaamObject;IndoorKast;Put;Laag;Netwerkpoort;AIMObject";De OTL werd uitgebreid met het model Aswegersite met oa. volgende nieuwe elementen, Aswegersite,Weegcel,Aswegerput,Weegcomputer,Printer,Weegplaat,...
2.5.0;8/05/2022;CT000266;PRB0041076;Optisch-Transport-Netwerk;https://wegenenverkeer.data.vlaanderen.be/doc/implementatiemodel/optisch-transport-netwerk;AIMObject;https://wegenenverkeer.data.vlaanderen.be/ns/implementatieelement#AIMObject;;De definitie van het attribuut DatumOprichtingObject werd aangepast met een duidelijkere omschrijving.
2.5.0;8/05/2022;CT000274;PRB0041140;Optisch-Transport-Netwerk;https://wegenenverkeer.data.vlaanderen.be/doc/implementatiemodel/optisch-transport-netwerk;Behuizing;https://wegenenverkeer.data.vlaanderen.be/ns/abstracten#Behuizing;;De spelfout in de usage note van attribuut Behuizing.riscicoanalyse werd gecorrigeerd.
2.5.0;8/05/2022;CT000281;PRB0041149;Optisch-Transport-Netwerk;https://wegenenverkeer.data.vlaanderen.be/doc/implementatiemodel/optisch-transport-netwerk;Netwerkelement;https://wegenenverkeer.data.vlaanderen.be/ns/onderdeel#Netwerkelement;;Attribuut telefoonnummer toegevoegd aan Netwerkelement, voornamelijk in functie van het gebruik van netwerkelementen in DSL installaties.
2.5.0;8/05/2022;CT000270;PRB0041142;Punctuele-verlichting;https://wegenenverkeer.data.vlaanderen.be/doc/implementatiemodel/punctuele-verlichting;VerlichtingstoestelLED;https://wegenenverkeer.data.vlaanderen.be/ns/onderdeel#VerlichtingstoestelLED;"Geleideconstructie;Geleideconstructie";VerlichtingstoestelLED werd toegevoegd aan het model Lijnvormige-elementen met een bevestigingsrelatie naar Geleideconstructie.
2.5.0;8/05/2022;CT000274;PRB0041140;Punctuele-verlichting;https://wegenenverkeer.data.vlaanderen.be/doc/implementatiemodel/punctuele-verlichting;Behuizing;https://wegenenverkeer.data.vlaanderen.be/ns/abstracten#Behuizing;;De spelfout in de usage note van attribuut Behuizing.riscicoanalyse werd gecorrigeerd.
2.5.0;8/05/2022;CT000283;PRB0041150;Punctuele-verlichting;https://wegenenverkeer.data.vlaanderen.be/doc/implementatiemodel/punctuele-verlichting;Verlichtingstoestel;https://wegenenverkeer.data.vlaanderen.be/ns/abstracten#Verlichtingstoestel;"PutRelatie;AIMNaamObject;IndoorKast;Put;Laag;Netwerkpoort;AIMObject";De OTL werd uitgebreid met het model Aswegersite met oa. volgende nieuwe elementen, Aswegersite,Weegcel,Aswegerput,Weegcomputer,Printer,Weegplaat,...
2.5.0;8/05/2022;CT000283;PRB0041150;Punctuele-verlichting;https://wegenenverkeer.data.vlaanderen.be/doc/implementatiemodel/punctuele-verlichting;Stroomkring;https://wegenenverkeer.data.vlaanderen.be/ns/onderdeel#Stroomkring;"PutRelatie;AIMNaamObject;IndoorKast;Put;Laag;Netwerkpoort;AIMObject";De OTL werd uitgebreid met het model Aswegersite met oa. volgende nieuwe elementen, Aswegersite,Weegcel,Aswegerput,Weegcomputer,Printer,Weegplaat,...
2.5.0;8/05/2022;CT000285;PRB0041161;Punctuele-verlichting;https://wegenenverkeer.data.vlaanderen.be/doc/implementatiemodel/punctuele-verlichting;VerlichtingstoestelLED;https://wegenenverkeer.data.vlaanderen.be/ns/onderdeel#VerlichtingstoestelLED;;Attribuut 'isLijnvormig' met als datatype Boolean werd toegevoegd om aan te duiden dat VerlichtingstoestelLed al dan niet lijnvormig is, zoals bv. een led-strip.
2.5.0;8/05/2022;CT000264;PRB0041009;Signalisatie;https://wegenenverkeer.data.vlaanderen.be/doc/implementatiemodel/signalisatie;Verkeersbordsteun;https://wegenenverkeer.data.vlaanderen.be/ns/onderdeel#Verkeersbordsteun;;De definitie van Verkeersbordsteun werd aangepast naar 'Een draagconstructie voor verkeersborden. Dit kan een ronde paal of een vakwerksteun zijn.'
2.5.0;8/05/2022;CT000265;PRB0041039;Signalisatie;https://wegenenverkeer.data.vlaanderen.be/doc/implementatiemodel/signalisatie;Verkeersbordsteun;https://wegenenverkeer.data.vlaanderen.be/ns/onderdeel#Verkeersbordsteun;;Eigenschap breedte in millimeter van Verkeersbordsteun werd terug geactiveerd om de breedte van een vakwerksteun (type van Verkeersbordsteun) in onder te brengen.
2.5.0;8/05/2022;CT000271;PRB0041126;Signalisatie;https://wegenenverkeer.data.vlaanderen.be/doc/implementatiemodel/signalisatie;OmegaElement;https://wegenenverkeer.data.vlaanderen.be/ns/onderdeel#OmegaElement;"Funderingsmassief;Verankeringsmassief";Bevestigingsrelatie van OmegaElement naar Verankeringsmassief werd uit gebruik genomen. Bevestigingsrelatie van OmegaElement naar Funderingsmassief werd toegevoegd. 
2.5.0;8/05/2022;CT000283;PRB0041150;Slagboom-Doorsteek;https://wegenenverkeer.data.vlaanderen.be/doc/implementatiemodel/slagboom-doorsteek;Slagboom;https://wegenenverkeer.data.vlaanderen.be/ns/installatie#Slagboom;"PutRelatie;AIMNaamObject;IndoorKast;Put;Laag;Netwerkpoort;AIMObject";De OTL werd uitgebreid met het model Aswegersite met oa. volgende nieuwe elementen, Aswegersite,Weegcel,Aswegerput,Weegcomputer,Printer,Weegplaat,...
2.5.0;8/05/2022;CT000283;PRB0041150;Slagboom-Doorsteek;https://wegenenverkeer.data.vlaanderen.be/doc/implementatiemodel/slagboom-doorsteek;Stroomkring;https://wegenenverkeer.data.vlaanderen.be/ns/onderdeel#Stroomkring;"PutRelatie;AIMNaamObject;IndoorKast;Put;Laag;Netwerkpoort;AIMObject";De OTL werd uitgebreid met het model Aswegersite met oa. volgende nieuwe elementen, Aswegersite,Weegcel,Aswegerput,Weegcomputer,Printer,Weegplaat,...
2.5.0;8/05/2022;CT000274;PRB0041140;Snelheids-roodlichtcamera;https://wegenenverkeer.data.vlaanderen.be/doc/implementatiemodel/snelheids-roodlichtcamera;Behuizing;https://wegenenverkeer.data.vlaanderen.be/ns/abstracten#Behuizing;;De spelfout in de usage note van attribuut Behuizing.riscicoanalyse werd gecorrigeerd.
2.5.0;8/05/2022;CT000281;PRB0041149;Snelheids-roodlichtcamera;https://wegenenverkeer.data.vlaanderen.be/doc/implementatiemodel/snelheids-roodlichtcamera;Netwerkelement;https://wegenenverkeer.data.vlaanderen.be/ns/onderdeel#Netwerkelement;;Attribuut telefoonnummer toegevoegd aan Netwerkelement, voornamelijk in functie van het gebruik van netwerkelementen in DSL installaties.
2.5.0;8/05/2022;CT000283;PRB0041150;Snelheids-roodlichtcamera;https://wegenenverkeer.data.vlaanderen.be/doc/implementatiemodel/snelheids-roodlichtcamera;Stroomkring;https://wegenenverkeer.data.vlaanderen.be/ns/onderdeel#Stroomkring;"PutRelatie;AIMNaamObject;IndoorKast;Put;Laag;Netwerkpoort;AIMObject";De OTL werd uitgebreid met het model Aswegersite met oa. volgende nieuwe elementen, Aswegersite,Weegcel,Aswegerput,Weegcomputer,Printer,Weegplaat,...
2.5.0;8/05/2022;CT000281;PRB0041149;Software-Hardware;https://wegenenverkeer.data.vlaanderen.be/doc/implementatiemodel/software-hardware;Netwerkelement;https://wegenenverkeer.data.vlaanderen.be/ns/onderdeel#Netwerkelement;;Attribuut telefoonnummer toegevoegd aan Netwerkelement, voornamelijk in functie van het gebruik van netwerkelementen in DSL installaties.
2.5.0;8/05/2022;CT000283;PRB0041150;Software-Hardware;https://wegenenverkeer.data.vlaanderen.be/doc/implementatiemodel/software-hardware;Stroomkring;https://wegenenverkeer.data.vlaanderen.be/ns/onderdeel#Stroomkring;"PutRelatie;AIMNaamObject;IndoorKast;Put;Laag;Netwerkpoort;AIMObject";De OTL werd uitgebreid met het model Aswegersite met oa. volgende nieuwe elementen, Aswegersite,Weegcel,Aswegerput,Weegcomputer,Printer,Weegplaat,...
2.5.0;8/05/2022;CT000283;PRB0041150;Tunnelevacuatie;https://wegenenverkeer.data.vlaanderen.be/doc/implementatiemodel/tunnelevacuatie;Stroomkring;https://wegenenverkeer.data.vlaanderen.be/ns/onderdeel#Stroomkring;"PutRelatie;AIMNaamObject;IndoorKast;Put;Laag;Netwerkpoort;AIMObject";De OTL werd uitgebreid met het model Aswegersite met oa. volgende nieuwe elementen, Aswegersite,Weegcel,Aswegerput,Weegcomputer,Printer,Weegplaat,...
2.5.0;8/05/2022;CT000283;PRB0041150;Ventilatie;https://wegenenverkeer.data.vlaanderen.be/doc/implementatiemodel/ventilatie;Stroomkring;https://wegenenverkeer.data.vlaanderen.be/ns/onderdeel#Stroomkring;"PutRelatie;AIMNaamObject;IndoorKast;Put;Laag;Netwerkpoort;AIMObject";De OTL werd uitgebreid met het model Aswegersite met oa. volgende nieuwe elementen, Aswegersite,Weegcel,Aswegerput,Weegcomputer,Printer,Weegplaat,...
2.5.0;8/05/2022;CT000267;PRB0041105;Verkeersregelinstallatie;https://wegenenverkeer.data.vlaanderen.be/doc/implementatiemodel/verkeersregelinstallatie;Lichtsensor;https://wegenenverkeer.data.vlaanderen.be/ns/onderdeel#Lichtsensor;;De bestaande definitie van Lichtsensor werd aangepast naar 'Een meettoestel dat wordt gebruikt om de lichtsterkte of illuminantie, voortgebracht door een lichtbron, te meten.' in kader van Meteo.
2.5.0;8/05/2022;CT000272;PRB0041148;Verkeersregelinstallatie;https://wegenenverkeer.data.vlaanderen.be/doc/implementatiemodel/verkeersregelinstallatie;Lichtsensor;https://wegenenverkeer.data.vlaanderen.be/ns/onderdeel#Lichtsensor;"Laag;Stroomkring;Netwerkpoort;Batterij;Draagconstructie;IOKaart;SoftwareToegang;Kast;AIMNaamObject;PLC;Referentiepunt;Stroomkring";Uitbreiding van de OTL met specifieke componenten voor het model Meteo, zoals installatie Meetstation, toevoeging van nieuwe sensor types, aanpassing aan bestaande sensor types maar ook de voeding en sturing van deze sensor types.
2.5.0;8/05/2022;CT000275;PRB0041153;Verkeersregelinstallatie;https://wegenenverkeer.data.vlaanderen.be/doc/implementatiemodel/verkeersregelinstallatie;Lichtsensor;https://wegenenverkeer.data.vlaanderen.be/ns/onderdeel#Lichtsensor;IOKaart;De directe sturingsrelatie tussen Lichtsensor en IOKaart werd uit gebruik genomen wegens een dubbele sturingsrelatie die via overerving van abstracte Sensor tevens op beide klassen terecht komt.
2.5.0;8/05/2022;CT000283;PRB0041150;Verkeersregelinstallatie;https://wegenenverkeer.data.vlaanderen.be/doc/implementatiemodel/verkeersregelinstallatie;Stroomkring;https://wegenenverkeer.data.vlaanderen.be/ns/onderdeel#Stroomkring;"PutRelatie;AIMNaamObject;IndoorKast;Put;Laag;Netwerkpoort;AIMObject";De OTL werd uitgebreid met het model Aswegersite met oa. volgende nieuwe elementen, Aswegersite,Weegcel,Aswegerput,Weegcomputer,Printer,Weegplaat,...
2.5.0;8/05/2022;CT000270;PRB0041142;Verlichtingsinstallatie;https://wegenenverkeer.data.vlaanderen.be/doc/implementatiemodel/verlichtingsinstallatie;VerlichtingstoestelLED;https://wegenenverkeer.data.vlaanderen.be/ns/onderdeel#VerlichtingstoestelLED;"Geleideconstructie;Geleideconstructie";VerlichtingstoestelLED werd toegevoegd aan het model Lijnvormige-elementen met een bevestigingsrelatie naar Geleideconstructie.
2.5.0;8/05/2022;CT000274;PRB0041140;Verlichtingsinstallatie;https://wegenenverkeer.data.vlaanderen.be/doc/implementatiemodel/verlichtingsinstallatie;Behuizing;https://wegenenverkeer.data.vlaanderen.be/ns/abstracten#Behuizing;;De spelfout in de usage note van attribuut Behuizing.riscicoanalyse werd gecorrigeerd.
2.5.0;8/05/2022;CT000281;PRB0041149;Verlichtingsinstallatie;https://wegenenverkeer.data.vlaanderen.be/doc/implementatiemodel/verlichtingsinstallatie;Netwerkelement;https://wegenenverkeer.data.vlaanderen.be/ns/onderdeel#Netwerkelement;;Attribuut telefoonnummer toegevoegd aan Netwerkelement, voornamelijk in functie van het gebruik van netwerkelementen in DSL installaties.
2.5.0;8/05/2022;CT000283;PRB0041150;Verlichtingsinstallatie;https://wegenenverkeer.data.vlaanderen.be/doc/implementatiemodel/verlichtingsinstallatie;Verlichtingstoestel;https://wegenenverkeer.data.vlaanderen.be/ns/abstracten#Verlichtingstoestel;"PutRelatie;AIMNaamObject;IndoorKast;Put;Laag;Netwerkpoort;AIMObject";De OTL werd uitgebreid met het model Aswegersite met oa. volgende nieuwe elementen, Aswegersite,Weegcel,Aswegerput,Weegcomputer,Printer,Weegplaat,...
2.5.0;8/05/2022;CT000283;PRB0041150;Verlichtingsinstallatie;https://wegenenverkeer.data.vlaanderen.be/doc/implementatiemodel/verlichtingsinstallatie;Stroomkring;https://wegenenverkeer.data.vlaanderen.be/ns/onderdeel#Stroomkring;"PutRelatie;AIMNaamObject;IndoorKast;Put;Laag;Netwerkpoort;AIMObject";De OTL werd uitgebreid met het model Aswegersite met oa. volgende nieuwe elementen, Aswegersite,Weegcel,Aswegerput,Weegcomputer,Printer,Weegplaat,...
2.5.0;8/05/2022;CT000285;PRB0041161;Verlichtingsinstallatie;https://wegenenverkeer.data.vlaanderen.be/doc/implementatiemodel/verlichtingsinstallatie;VerlichtingstoestelLED;https://wegenenverkeer.data.vlaanderen.be/ns/onderdeel#VerlichtingstoestelLED;;Attribuut 'isLijnvormig' met als datatype Boolean werd toegevoegd om aan te duiden dat VerlichtingstoestelLed al dan niet lijnvormig is, zoals bv. een led-strip.
2.5.0;8/05/2022;CT000283;PRB0041150;Zone-30;https://wegenenverkeer.data.vlaanderen.be/doc/implementatiemodel/zone-30;Stroomkring;https://wegenenverkeer.data.vlaanderen.be/ns/onderdeel#Stroomkring;"PutRelatie;AIMNaamObject;IndoorKast;Put;Laag;Netwerkpoort;AIMObject";De OTL werd uitgebreid met het model Aswegersite met oa. volgende nieuwe elementen, Aswegersite,Weegcel,Aswegerput,Weegcomputer,Printer,Weegplaat,...
