RELEASENOTES;;;;;;;;;;
OTL VERSIE;DATUM GEPUBLICEERD;CHANGE TICKET NR;PROBLEEM NR;IMPLEMENTATIEMODEL;IMPLEMENTATIEMODEL URL;PRIMAIRE OTL KLASSE;PRIMAIRE OTL KLASSE URL;SECUNDAIRE OTL KLASSE;OPLOSSING;NIEUW
2.13.0-RC2;17/09/2024;CT000560;PRB2938;AIM-Object;https://wegenenverkeer-test.data.vlaanderen.be/doc/implementatiemodel/aim-object;Bijlage;https://wegenenverkeer-test.data.vlaanderen.be/ns/onderdeel#Bijlage;;"Volgende usage_note werd toegevoegd : ""Vooral voor bijlagen die meerdere assettypes behandelen of aanvullende informatie bieden. Voor specifieke informatie van de asset, bv. technische fiche, overweeg om dit als een eigenschap van dat assettype vast te leggen.""";0
2.13.0-RC2;17/09/2024;CT000566;PRB2956;AIM-Object;https://wegenenverkeer-test.data.vlaanderen.be/doc/implementatiemodel/aim-object;Bijlage;https://wegenenverkeer-test.data.vlaanderen.be/ns/onderdeel#Bijlage;"KlBijlageType;AIMObject;AbstracteAanvullendeGeometrie";Bijlage werd onterecht gepubliceerd in het implementatie-element vocabularium. Dit werd gecorrigeerd en Bijlage is nu toegevoegd aan het Onderdelen vocabularium.;1
2.13.0-RC2;17/09/2024;CT000552;PRB2911;Brug;https://wegenenverkeer-test.data.vlaanderen.be/doc/implementatiemodel/brug;Trekker;https://wegenenverkeer-test.data.vlaanderen.be/ns/installatie#Trekker;Brugdeel;Een bevestigingsrelatie werd toegevoegd tussen Trekker en Brugdeel.;0
2.13.0-RC2;17/09/2024;CT000564;PRB2914;Hoppinpunten;https://wegenenverkeer-test.data.vlaanderen.be/doc/implementatiemodel/hoppinpunten;DigitaleHoppinzuil;https://wegenenverkeer-test.data.vlaanderen.be/ns/onderdeel#DigitaleHoppinzuil;;Type 'DigitaleHoppinzuil' werd toegevoegd. Naast de eigenschappen die worden overge�rfd van de abstracte 'Hoppinzuil', bevat de DigitaleHoppinzuil nog 1 specifieke eigenschap 'schermHoogte'.;1
2.13.0-RC2;17/09/2024;CT000564;PRB2914;Hoppinpunten;https://wegenenverkeer-test.data.vlaanderen.be/doc/implementatiemodel/hoppinpunten;Hoppinzuil;https://wegenenverkeer-test.data.vlaanderen.be/ns/abstracten#Hoppinzuil;;Type 'DigitaleHoppinzuil' werd toegevoegd. Naast de eigenschappen die worden overge�rfd van de abstracte 'Hoppinzuil', bevat de DigitaleHoppinzuil nog 1 specifieke eigenschap 'schermHoogte'.;0
2.13.0-RC2;17/09/2024;CT000559;PRB2789;IP-Netwerk;https://wegenenverkeer-test.data.vlaanderen.be/doc/implementatiemodel/ip-netwerk;IPBackbone;https://wegenenverkeer-test.data.vlaanderen.be/ns/installatie#IPBackbone;"Been;Lensplaat;VirtueleServer;TLCfiPoort;Software;RIS;LogischePoort;ITSapp;ExterneDetectie;DNBLaagspanning;DNBHoogspanning;Zpad;VLAN;VerkeersbordVerkeersteken;VerkeersbordConcept;Pad;Link;L2AccessStructuur;MeteropnameEnergiemeterGecombineerd;MeteropnameEnergiemeter;Keuring";Voor de volgende objecttypes is in de usage_note verduidelijkt dat ze niet geometrisch hoeven te worden opgemeten : IPBackbone,L2AccessStructuur,Link,Pad,VerkeersbordConcept,VerkeersbordVerkeersteken,VLAN,Zpad,DNBHoogspanning,DNBLaagspanning,ExterneDetectie,ITSapp,LogischePoort,RIS,Software,TLCfiPoort,VirtueleServer,Keuring,MeteropnameEnergiemeter,MeteropnameEnergiemeterGecombineerd,Lensplaat,Been,Bijlage;0
2.13.0-RC2;17/09/2024;CT000561;PRB2944;Kasten-Cabines-Behuizing;https://wegenenverkeer-test.data.vlaanderen.be/doc/implementatiemodel/kasten-cabines-behuizing;ThermoHygrometer;https://wegenenverkeer-test.data.vlaanderen.be/ns/onderdeel#ThermoHygrometer;"Wegkantkast;Rack";Een bevestigingsrelatie werd voorzien tussen ThermoHygrometer en Rack en tussen ThermoHygrometer en Wegkantkast.;0
2.13.0-RC2;17/09/2024;CT000553;PRB2474;Koker;https://wegenenverkeer-test.data.vlaanderen.be/doc/implementatiemodel/koker;Toegangsluik;https://wegenenverkeer-test.data.vlaanderen.be/ns/onderdeel#Toegangsluik;AanhorigheidKoker;Onderdeel Toegangsluik is een subklasse geworden van abstracte AanhorigheidKoker in het Kokermodel.;0
2.13.0-RC2;17/09/2024;CT000557;PRB2871;Koker;https://wegenenverkeer-test.data.vlaanderen.be/doc/implementatiemodel/koker;VerlichtingstoestelLED;https://wegenenverkeer-test.data.vlaanderen.be/ns/onderdeel#VerlichtingstoestelLED;;De attributen 'tussenafstandLED' en 'AantalTeVerlichtenRijstroken' werden verder toegelicht in de usage_note.;0
2.13.0-RC2;17/09/2024;CT000562;PRB2913;Koker;https://wegenenverkeer-test.data.vlaanderen.be/doc/implementatiemodel/koker;WazeBeacon;https://wegenenverkeer-test.data.vlaanderen.be/ns/onderdeel#WazeBeacon;"Wand;AIMNaamObject";Waze Beacon werd toegevoegd aan het kokermodel en kan bevestigd worden aan een wand.;1
2.13.0-RC2;17/09/2024;CT000557;PRB2871;Lijnvormige-elementen;https://wegenenverkeer-test.data.vlaanderen.be/doc/implementatiemodel/lijnvormige-elementen;VerlichtingstoestelLED;https://wegenenverkeer-test.data.vlaanderen.be/ns/onderdeel#VerlichtingstoestelLED;;De attributen 'tussenafstandLED' en 'AantalTeVerlichtenRijstroken' werden verder toegelicht in de usage_note.;0
2.13.0-RC2;17/09/2024;CT000556;PRB2919;Meten-in-Vlaanderen;https://wegenenverkeer-test.data.vlaanderen.be/doc/implementatiemodel/meten-in-vlaanderen;MIVModule;https://wegenenverkeer-test.data.vlaanderen.be/ns/installatie#MIVModule;;MIVModule werd uitgebreid met een attribuut IP-adres (IP v4 adres).;0
2.13.0-RC2;17/09/2024;CT000565;PRB2955;Meten-in-Vlaanderen;https://wegenenverkeer-test.data.vlaanderen.be/doc/implementatiemodel/meten-in-vlaanderen;MIVMeetpunt;https://wegenenverkeer-test.data.vlaanderen.be/ns/installatie#MIVMeetpunt;"Kabelmof;Signaalkabel;Datakabel;Laagspanningsbord";Relaties werden toegevoegd en waar nodig ook usageNotes.;0
2.13.0-RC2;17/09/2024;CT000563;PRB2918;Meten-in-Vlaanderen;https://wegenenverkeer-test.data.vlaanderen.be/doc/implementatiemodel/meten-in-vlaanderen;MIVMeetpunt;https://wegenenverkeer-test.data.vlaanderen.be/ns/installatie#MIVMeetpunt;;Legacy-eigenschappen: trekput, aansluiting, wegdek werden toegevoegd in het kader van de verweving tussen Legacy data en OTL data. Zoals aangegeven in de usageNotes zijn deze eigenschappen bedoeld als tussenoplossing en zal de informatie die hierin wordt ondergebracht op termijn in andere OTL-types moeten worden bijgehouden. ;0
2.13.0-RC2;17/09/2024;CT000561;PRB2944;Meteo;https://wegenenverkeer-test.data.vlaanderen.be/doc/implementatiemodel/meteo;ThermoHygrometer;https://wegenenverkeer-test.data.vlaanderen.be/ns/onderdeel#ThermoHygrometer;"Wegkantkast;Rack";Een bevestigingsrelatie werd voorzien tussen ThermoHygrometer en Rack en tussen ThermoHygrometer en Wegkantkast.;0
2.13.0-RC2;17/09/2024;CT000557;PRB2871;Punctuele-verlichting;https://wegenenverkeer-test.data.vlaanderen.be/doc/implementatiemodel/punctuele-verlichting;VerlichtingstoestelLED;https://wegenenverkeer-test.data.vlaanderen.be/ns/onderdeel#VerlichtingstoestelLED;;De attributen 'tussenafstandLED' en 'AantalTeVerlichtenRijstroken' werden verder toegelicht in de usage_note.;0
2.13.0-RC2;17/09/2024;CT000565;PRB2955;Radioheruitzending;https://wegenenverkeer-test.data.vlaanderen.be/doc/implementatiemodel/radioheruitzending;ASTRIDInstallatie;https://wegenenverkeer-test.data.vlaanderen.be/ns/installatie#ASTRIDInstallatie;"Kabelmof;Signaalkabel;Datakabel;Laagspanningsbord";Relaties werden toegevoegd en waar nodig ook usageNotes.;0
2.13.0-RC2;17/09/2024;CT000565;PRB2955;Radioheruitzending;https://wegenenverkeer-test.data.vlaanderen.be/doc/implementatiemodel/radioheruitzending;RadioheruitzendInstallatie;https://wegenenverkeer-test.data.vlaanderen.be/ns/installatie#RadioheruitzendInstallatie;"Kabelmof;Signaalkabel;Datakabel;Laagspanningsbord";Relaties werden toegevoegd en waar nodig ook usageNotes.;0
2.13.0-RC2;17/09/2024;CT000551;PRB2923;Signalisatie;https://wegenenverkeer-test.data.vlaanderen.be/doc/implementatiemodel/signalisatie;IVSB;https://wegenenverkeer-test.data.vlaanderen.be/ns/onderdeel#IVSB;"RetroreflecterendVerkeersbord;Stroomkring";De nieuwe klasse IVSB (Inwendig verlicht signalisatiebord) werd toegevoegd aan de OTL als specialisatie van RetroreflecterendVerkeersbord en krijgt voeding via Stroomkring.;1
2.13.0-RC2;17/09/2024;CT000551;PRB2923;Signalisatie;https://wegenenverkeer-test.data.vlaanderen.be/doc/implementatiemodel/signalisatie;KlTypeIVSB;https://wegenenverkeer-test.data.vlaanderen.be/doc/conceptscheme/KlTypeIVSB;"RetroreflecterendVerkeersbord;Stroomkring";De nieuwe klasse IVSB (Inwendig verlicht signalisatiebord) werd toegevoegd aan de OTL als specialisatie van RetroreflecterendVerkeersbord en krijgt voeding via Stroomkring.;1
2.13.0-RC2;17/09/2024;CT000558;PRB2935;Sites;https://wegenenverkeer-test.data.vlaanderen.be/doc/implementatiemodel/sites;Zoutbijlaadplaats;https://wegenenverkeer-test.data.vlaanderen.be/ns/installatie#Zoutbijlaadplaats;;Een typo in de definitie van Zoutbijlaadplaats werd aangepast.;0
2.13.0-RC2;17/09/2024;CT000553;PRB2474;Sluizen-stuwen;https://wegenenverkeer-test.data.vlaanderen.be/doc/implementatiemodel/sluizen-stuwen;Toegangsluik;https://wegenenverkeer-test.data.vlaanderen.be/ns/onderdeel#Toegangsluik;AanhorigheidKoker;Onderdeel Toegangsluik is een subklasse geworden van abstracte AanhorigheidKoker in het Kokermodel.;0
2.13.0-RC2;17/09/2024;CT000554;PRB2932;Verharding-wegfundering;https://wegenenverkeer-test.data.vlaanderen.be/doc/implementatiemodel/verharding-wegfundering;BeschermingWapening;https://wegenenverkeer-test.data.vlaanderen.be/ns/onderdeel#BeschermingWapening;;De klassen ScheurremmendeLaag en BeschermingWapening werden uitgebreid met een attribuut 'technische fiche'.;0
2.13.0-RC2;17/09/2024;CT000554;PRB2932;Verharding-wegfundering;https://wegenenverkeer-test.data.vlaanderen.be/doc/implementatiemodel/verharding-wegfundering;ScheurremmendeLaag;https://wegenenverkeer-test.data.vlaanderen.be/ns/onderdeel#ScheurremmendeLaag;;De klassen ScheurremmendeLaag en BeschermingWapening werden uitgebreid met een attribuut 'technische fiche'.;0
2.13.0-RC2;17/09/2024;CT000557;PRB2871;Verlichtingsinstallatie;https://wegenenverkeer-test.data.vlaanderen.be/doc/implementatiemodel/verlichtingsinstallatie;VerlichtingstoestelLED;https://wegenenverkeer-test.data.vlaanderen.be/ns/onderdeel#VerlichtingstoestelLED;;De attributen 'tussenafstandLED' en 'AantalTeVerlichtenRijstroken' werden verder toegelicht in de usage_note.;0
2.13.0-RC2;17/09/2024;CT000558;PRB2935;Zoutbijlaadplaats;https://wegenenverkeer-test.data.vlaanderen.be/doc/implementatiemodel/zoutbijlaadplaats;Zoutbijlaadplaats;https://wegenenverkeer-test.data.vlaanderen.be/ns/installatie#Zoutbijlaadplaats;;Een typo in de definitie van Zoutbijlaadplaats werd aangepast.;0
