RELEASENOTES;;;;;;;;;
OTL VERSIE;DATUM GEPUBLICEERD;CHANGE TICKET NR;PROBLEEM NR;IMPLEMENTATIEMODEL;IMPLEMENTATIEMODEL URL;PRIMAIRE OTL KLASSE;PRIMAIRE OTL KLASSE URL;SECUNDAIRE OTL KLASSE;OPLOSSING
2.2.0;1/10/2022;CT000220;PRB0041027;Camerainstallatie;https://wegenenverkeer.data.vlaanderen.be/doc/implementatiemodel/camerainstallatie;Montagekast;https://wegenenverkeer.data.vlaanderen.be/ns/onderdeel#Montagekast;;Attribuut 'opstelhoogte' toegevoegd aan onderdeel Montagekast.
2.2.0;1/10/2022;CT000218;PRB0041022;Camerainstallatie;https://wegenenverkeer.data.vlaanderen.be/doc/implementatiemodel/camerainstallatie;PoEInjector;https://wegenenverkeer.data.vlaanderen.be/ns/onderdeel#PoEInjector;Kast;Een bevestigingsrelatie is toegevoegd tussen PoEInjector (Onderdeel) en Kast (Abstracte), d.w.z. zowel de Indoorkast als Wegkant- en Montagekast.
2.2.0;1/10/2022;CT000220;PRB0041027;Draagconstructies;https://wegenenverkeer.data.vlaanderen.be/doc/implementatiemodel/draagconstructies;Montagekast;https://wegenenverkeer.data.vlaanderen.be/ns/onderdeel#Montagekast;;Attribuut 'opstelhoogte' toegevoegd aan onderdeel Montagekast.
2.2.0;1/10/2022;CT000220;PRB0041027;Dynamische-borden;https://wegenenverkeer.data.vlaanderen.be/doc/implementatiemodel/dynamische-borden;Montagekast;https://wegenenverkeer.data.vlaanderen.be/ns/onderdeel#Montagekast;;Attribuut 'opstelhoogte' toegevoegd aan onderdeel Montagekast.
2.2.0;1/10/2022;CT000224;PRB0041038;Eenvoudige-datatypes;https://wegenenverkeer.data.vlaanderen.be/doc/implementatiemodel/eenvoudige-datatypes;KwantWrdInKubiekeMeterPerSeconde;https://wegenenverkeer.data.vlaanderen.be/ns/implementatieelement#KwantWrdInKubiekeMeterPerSeconde;;Read-only geplaatst en constraints toegevoegd op staandaardEenheid attribuut van  KwantWrdInKubiekeMeterPerSeconde en KwantWrdInKilogram.
2.2.0;1/10/2022;CT000224;PRB0041038;Eenvoudige-datatypes;https://wegenenverkeer.data.vlaanderen.be/doc/implementatiemodel/eenvoudige-datatypes;KwantWrdInKilogram;https://wegenenverkeer.data.vlaanderen.be/ns/implementatieelement#KwantWrdInKilogram;;Read-only geplaatst en constraints toegevoegd op staandaardEenheid attribuut van  KwantWrdInKubiekeMeterPerSeconde en KwantWrdInKilogram.
2.2.0;1/10/2022;CT000219;PRB0041023;Hoppinpunten;https://wegenenverkeer.data.vlaanderen.be/doc/implementatiemodel/hoppinpunten;AnalogeHoppinzuil;https://wegenenverkeer.data.vlaanderen.be/ns/onderdeel#AnalogeHoppinzuil;"Zonnepaneel;Laag;AIMObject;Fundering";Toevoeging van het model Hoppinpunten (voorlopig enkel de Analogehoppinzuil). Volgende klassen werden toegevoegd : Abstracte Hoppinzuil met Bevestiging naar Fundering en LigtOp naar Laag / Onderdeel AnalogeHoppinzuil met Bevestiging naar Zonnepaneel / Keuzelijsten KlHoppinzuilType en KlWeergegevenVervoersmodiOpKaart.
2.2.0;1/10/2022;CT000219;PRB0041023;Hoppinpunten;https://wegenenverkeer.data.vlaanderen.be/doc/implementatiemodel/hoppinpunten;KlWeergegevenVervoersmodiOpKaart;https://wegenenverkeer.data.vlaanderen.be/doc/conceptscheme/KlWeergegevenVervoersmodiOpKaart;"Zonnepaneel;Laag;AIMObject;Fundering";Toevoeging van het model Hoppinpunten (voorlopig enkel de Analogehoppinzuil). Volgende klassen werden toegevoegd : Abstracte Hoppinzuil met Bevestiging naar Fundering en LigtOp naar Laag / Onderdeel AnalogeHoppinzuil met Bevestiging naar Zonnepaneel / Keuzelijsten KlHoppinzuilType en KlWeergegevenVervoersmodiOpKaart.
2.2.0;1/10/2022;CT000219;PRB0041023;Hoppinpunten;https://wegenenverkeer.data.vlaanderen.be/doc/implementatiemodel/hoppinpunten;KlHoppinzuilType;https://wegenenverkeer.data.vlaanderen.be/doc/conceptscheme/KlHoppinzuilType;"Zonnepaneel;Laag;AIMObject;Fundering";Toevoeging van het model Hoppinpunten (voorlopig enkel de Analogehoppinzuil). Volgende klassen werden toegevoegd : Abstracte Hoppinzuil met Bevestiging naar Fundering en LigtOp naar Laag / Onderdeel AnalogeHoppinzuil met Bevestiging naar Zonnepaneel / Keuzelijsten KlHoppinzuilType en KlWeergegevenVervoersmodiOpKaart.
2.2.0;1/10/2022;CT000219;PRB0041023;Hoppinpunten;https://wegenenverkeer.data.vlaanderen.be/doc/implementatiemodel/hoppinpunten;Hoppinzuil;https://wegenenverkeer.data.vlaanderen.be/ns/abstracten#Hoppinzuil;"Zonnepaneel;Laag;AIMObject;Fundering";Toevoeging van het model Hoppinpunten (voorlopig enkel de Analogehoppinzuil). Volgende klassen werden toegevoegd : Abstracte Hoppinzuil met Bevestiging naar Fundering en LigtOp naar Laag / Onderdeel AnalogeHoppinzuil met Bevestiging naar Zonnepaneel / Keuzelijsten KlHoppinzuilType en KlWeergegevenVervoersmodiOpKaart.
2.2.0;1/10/2022;CT000225;PRB0041032;Hoppinpunten;https://wegenenverkeer.data.vlaanderen.be/doc/implementatiemodel/hoppinpunten;AnalogeHoppinzuil;https://wegenenverkeer.data.vlaanderen.be/ns/onderdeel#AnalogeHoppinzuil;;label-nl aangepast van AnalogeHoppinzuil.
2.2.0;1/10/2022;CT000220;PRB0041027;Hulpposten;https://wegenenverkeer.data.vlaanderen.be/doc/implementatiemodel/hulpposten;Montagekast;https://wegenenverkeer.data.vlaanderen.be/ns/onderdeel#Montagekast;;Attribuut 'opstelhoogte' toegevoegd aan onderdeel Montagekast.
2.2.0;1/10/2022;CT000220;PRB0041027;Kasten-Cabines-Behuizing;https://wegenenverkeer.data.vlaanderen.be/doc/implementatiemodel/kasten-cabines-behuizing;Montagekast;https://wegenenverkeer.data.vlaanderen.be/ns/onderdeel#Montagekast;;Attribuut 'opstelhoogte' toegevoegd aan onderdeel Montagekast.
2.2.0;1/10/2022;CT000222;PRB0041030;Kasten-Cabines-Behuizing;https://wegenenverkeer.data.vlaanderen.be/doc/implementatiemodel/kasten-cabines-behuizing;Keuring;https://wegenenverkeer.data.vlaanderen.be/ns/proefenmeting#Keuring;Proef;Generalisatie toegevoegd van Keuring naar abstracte Proef zodat Keuring een AIMObject wordt.
2.2.0;1/10/2022;CT000220;PRB0041027;Luidspreker-intercom;https://wegenenverkeer.data.vlaanderen.be/doc/implementatiemodel/luidspreker-intercom;Montagekast;https://wegenenverkeer.data.vlaanderen.be/ns/onderdeel#Montagekast;;Attribuut 'opstelhoogte' toegevoegd aan onderdeel Montagekast.
2.2.0;1/10/2022;CT000220;PRB0041027;Slagboom-Doorsteek;https://wegenenverkeer.data.vlaanderen.be/doc/implementatiemodel/slagboom-doorsteek;Montagekast;https://wegenenverkeer.data.vlaanderen.be/ns/onderdeel#Montagekast;;Attribuut 'opstelhoogte' toegevoegd aan onderdeel Montagekast.
2.2.0;1/10/2022;CT000220;PRB0041027;Verlichtingsinstallatie;https://wegenenverkeer.data.vlaanderen.be/doc/implementatiemodel/verlichtingsinstallatie;Montagekast;https://wegenenverkeer.data.vlaanderen.be/ns/onderdeel#Montagekast;;Attribuut 'opstelhoogte' toegevoegd aan onderdeel Montagekast.
2.2.0;1/10/2022;CT000223;PRB0041031;Verlichtingsinstallatie;https://wegenenverkeer.data.vlaanderen.be/doc/implementatiemodel/verlichtingsinstallatie;VerlichtingstoestelTL;https://wegenenverkeer.data.vlaanderen.be/ns/onderdeel#VerlichtingstoestelTL;;Het attribuut lichtpunthoogte (in meter) toegevoegd aan VerlichtingstoestelTL om tijdens de migratie van de AWV Akela toepassing geen bestaande gegevens te laten verloren gaan.
2.2.0;1/10/2022;CT000220;PRB0041027;Zone-30;https://wegenenverkeer.data.vlaanderen.be/doc/implementatiemodel/zone-30;Montagekast;https://wegenenverkeer.data.vlaanderen.be/ns/onderdeel#Montagekast;;Attribuut 'opstelhoogte' toegevoegd aan onderdeel Montagekast.
