RELEASENOTES;;;;;;;;;
OTL VERSIE;DATUM GEPUBLICEERD;CHANGE TICKET NR;PROBLEEM NR;IMPLEMENTATIEMODEL;IMPLEMENTATIEMODEL URL;PRIMAIRE OTL KLASSE;PRIMAIRE OTL KLASSE URL;SECUNDAIRE OTL KLASSE;OPLOSSING
1.1.0-RC3;14/04/2021;CT000117;PRB0040850;ANPR-Trajectcontrole;https://wegenenverkeer-test.data.vlaanderen.be/doc/implementatiemodel/anpr-trajectcontrole;Bevestigingsbeugel;https://wegenenverkeer-test.data.vlaanderen.be/ns/onderdeel#Bevestigingsbeugel;;"De nieuwe abstracte ""BevestigingGC"" werd toegevoegd. Er werd een bevestigingsrelatie toegevoegd naar de abstracte ""Geluidsschermelement"".  Volgende onderdelen kregen een overervingsrelatie van ""BevestigingGC"": ""Pictogram"", ""Bevestigingsbeugel"", ""Zonnepaneel"", ""Referentiepunt"" en ""Vluchtdeur""."
1.1.0-RC3;14/04/2021;CT000128;PRB0040692;ANPR-Trajectcontrole;https://wegenenverkeer-test.data.vlaanderen.be/doc/implementatiemodel/anpr-trajectcontrole;Netwerkpoort;https://wegenenverkeer-test.data.vlaanderen.be/ns/onderdeel#Netwerkpoort;Hardware;
1.1.0-RC3;14/04/2021;CT000117;PRB0040850;Camerainstallatie;https://wegenenverkeer-test.data.vlaanderen.be/doc/implementatiemodel/camerainstallatie;Bevestigingsbeugel;https://wegenenverkeer-test.data.vlaanderen.be/ns/onderdeel#Bevestigingsbeugel;;"De nieuwe abstracte ""BevestigingGC"" werd toegevoegd. Er werd een bevestigingsrelatie toegevoegd naar de abstracte ""Geluidsschermelement"".  Volgende onderdelen kregen een overervingsrelatie van ""BevestigingGC"": ""Pictogram"", ""Bevestigingsbeugel"", ""Zonnepaneel"", ""Referentiepunt"" en ""Vluchtdeur""."
1.1.0-RC3;14/04/2021;CT000128;PRB0040692;Camerainstallatie;https://wegenenverkeer-test.data.vlaanderen.be/doc/implementatiemodel/camerainstallatie;Netwerkpoort;https://wegenenverkeer-test.data.vlaanderen.be/ns/onderdeel#Netwerkpoort;Hardware;
1.1.0-RC3;14/04/2021;CT000129;PRB0040876;Camerainstallatie;https://wegenenverkeer-test.data.vlaanderen.be/doc/implementatiemodel/camerainstallatie;Omvormer;https://wegenenverkeer-test.data.vlaanderen.be/ns/onderdeel#Omvormer;;
1.1.0-RC3;14/04/2021;CT000117;PRB0040850;Draagconstructies;https://wegenenverkeer-test.data.vlaanderen.be/doc/implementatiemodel/draagconstructies;Bevestigingsbeugel;https://wegenenverkeer-test.data.vlaanderen.be/ns/onderdeel#Bevestigingsbeugel;;"De nieuwe abstracte ""BevestigingGC"" werd toegevoegd. Er werd een bevestigingsrelatie toegevoegd naar de abstracte ""Geluidsschermelement"".  Volgende onderdelen kregen een overervingsrelatie van ""BevestigingGC"": ""Pictogram"", ""Bevestigingsbeugel"", ""Zonnepaneel"", ""Referentiepunt"" en ""Vluchtdeur""."
1.1.0-RC3;14/04/2021;CT000108;PRB0040756;Draagconstructies;https://wegenenverkeer-test.data.vlaanderen.be/doc/implementatiemodel/draagconstructies;Sokkel;https://wegenenverkeer-test.data.vlaanderen.be/ns/onderdeel#Sokkel;;"Datatype van het attribuut 'hoogteSokkel' van de Klasse ""Sokkel"" succesvol aangepast."
1.1.0-RC3;14/04/2021;CT000117;PRB0040850;Dynamische-borden;https://wegenenverkeer-test.data.vlaanderen.be/doc/implementatiemodel/dynamische-borden;Bevestigingsbeugel;https://wegenenverkeer-test.data.vlaanderen.be/ns/onderdeel#Bevestigingsbeugel;;"De nieuwe abstracte ""BevestigingGC"" werd toegevoegd. Er werd een bevestigingsrelatie toegevoegd naar de abstracte ""Geluidsschermelement"".  Volgende onderdelen kregen een overervingsrelatie van ""BevestigingGC"": ""Pictogram"", ""Bevestigingsbeugel"", ""Zonnepaneel"", ""Referentiepunt"" en ""Vluchtdeur""."
1.1.0-RC3;14/04/2021;CT000128;PRB0040692;Dynamische-borden;https://wegenenverkeer-test.data.vlaanderen.be/doc/implementatiemodel/dynamische-borden;Netwerkpoort;https://wegenenverkeer-test.data.vlaanderen.be/ns/onderdeel#Netwerkpoort;Hardware;
1.1.0-RC3;14/04/2021;CT000129;PRB0040876;Dynamische-borden;https://wegenenverkeer-test.data.vlaanderen.be/doc/implementatiemodel/dynamische-borden;Omvormer;https://wegenenverkeer-test.data.vlaanderen.be/ns/onderdeel#Omvormer;;
1.1.0-RC3;14/04/2021;CT000092;PRB0040658;Ecologische-maatregelen;https://wegenenverkeer-test.data.vlaanderen.be/doc/implementatiemodel/ecologische-maatregelen;Boom;https://wegenenverkeer-test.data.vlaanderen.be/ns/onderdeel#Boom;"ProefNaderOnderzoekTomograaf;ProefVerderOnderzoekTrekproef;ProefBoomtoestand;BeheerBoomvorm;Boombrug";"De klassenaam van het onderdeel ""Opgaande boom"" werd gewijzigd naar ""Boom""."
1.1.0-RC3;14/04/2021;CT000092;PRB0040658;Ecologische-maatregelen;https://wegenenverkeer-test.data.vlaanderen.be/doc/implementatiemodel/ecologische-maatregelen;OpgaandeBoom;https://wegenenverkeer.data.vlaanderen.be/ns/onderdeel#OpgaandeBoom;"ProefNaderOnderzoekTomograaf;ProefVerderOnderzoekTrekproef;ProefBoomtoestand;BeheerBoomvorm;Boombrug";"De klassenaam van het onderdeel ""Opgaande boom"" werd gewijzigd naar ""Boom""."
1.1.0-RC3;14/04/2021;CT000094;PRB0040666;Ecologische-maatregelen;https://wegenenverkeer-test.data.vlaanderen.be/doc/implementatiemodel/ecologische-maatregelen;Boom;https://wegenenverkeer-test.data.vlaanderen.be/ns/onderdeel#Boom;;"De kardinaliteiten van de attributen ""groeiplaatsverbetering"", ""boomspiegel"" en ""type"" werden verhoogd van 1 naar 1..* op de respectievelijke onderdelen ""Opgaande houtige vegetatie"", ""Opgaande boom"" en ""Sierbeplanting""."
1.1.0-RC3;14/04/2021;CT000101;PRB0040777;Eenvoudige-datatypes;https://wegenenverkeer-test.data.vlaanderen.be/doc/implementatiemodel/eenvoudige-datatypes;KwantWrdInKubiekeMeterPerSeconde;https://wegenenverkeer-test.data.vlaanderen.be/ns/implementatieelement#KwantWrdInKubiekeMeterPerSeconde;"Ventilator;Overdrukventilator";"1) Nieuw datatype 'KwantWrdInKubiekeMeterPerSeconde' is toegevoegd en 2) Attribuut 'maximaalDebiet' van ""Ventilatie"" is vervangen door 'maximaalVolumedebiet'."
1.1.0-RC3;14/04/2021;CT000096;PRB0040799;Elektrische-componenten;https://wegenenverkeer-test.data.vlaanderen.be/doc/implementatiemodel/elektrische-componenten;Zonnepaneel;https://wegenenverkeer-test.data.vlaanderen.be/ns/onderdeel#Zonnepaneel;;Verandering succesvol uitgevoerd: Newline character is gedeletet.
1.1.0-RC3;14/04/2021;CT000117;PRB0040850;Elektrische-componenten;https://wegenenverkeer-test.data.vlaanderen.be/doc/implementatiemodel/elektrische-componenten;Zonnepaneel;https://wegenenverkeer-test.data.vlaanderen.be/ns/onderdeel#Zonnepaneel;;"De nieuwe abstracte ""BevestigingGC"" werd toegevoegd. Er werd een bevestigingsrelatie toegevoegd naar de abstracte ""Geluidsschermelement"".  Volgende onderdelen kregen een overervingsrelatie van ""BevestigingGC"": ""Pictogram"", ""Bevestigingsbeugel"", ""Zonnepaneel"", ""Referentiepunt"" en ""Vluchtdeur""."
1.1.0-RC3;14/04/2021;CT000096;PRB0040799;Fietstelinstallatie;https://wegenenverkeer-test.data.vlaanderen.be/doc/implementatiemodel/fietstelinstallatie;Zonnepaneel;https://wegenenverkeer-test.data.vlaanderen.be/ns/onderdeel#Zonnepaneel;;Verandering succesvol uitgevoerd: Newline character is gedeletet.
1.1.0-RC3;14/04/2021;CT000117;PRB0040850;Fietstelinstallatie;https://wegenenverkeer-test.data.vlaanderen.be/doc/implementatiemodel/fietstelinstallatie;Zonnepaneel;https://wegenenverkeer-test.data.vlaanderen.be/ns/onderdeel#Zonnepaneel;;"De nieuwe abstracte ""BevestigingGC"" werd toegevoegd. Er werd een bevestigingsrelatie toegevoegd naar de abstracte ""Geluidsschermelement"".  Volgende onderdelen kregen een overervingsrelatie van ""BevestigingGC"": ""Pictogram"", ""Bevestigingsbeugel"", ""Zonnepaneel"", ""Referentiepunt"" en ""Vluchtdeur""."
1.1.0-RC3;14/04/2021;CT000117;PRB0040850;Hulpposten;https://wegenenverkeer-test.data.vlaanderen.be/doc/implementatiemodel/hulpposten;Pictogram;https://wegenenverkeer-test.data.vlaanderen.be/ns/onderdeel#Pictogram;;"De nieuwe abstracte ""BevestigingGC"" werd toegevoegd. Er werd een bevestigingsrelatie toegevoegd naar de abstracte ""Geluidsschermelement"".  Volgende onderdelen kregen een overervingsrelatie van ""BevestigingGC"": ""Pictogram"", ""Bevestigingsbeugel"", ""Zonnepaneel"", ""Referentiepunt"" en ""Vluchtdeur""."
1.1.0-RC3;14/04/2021;CT000117;PRB0040850;Inbreuken-zwaar-vervoer;https://wegenenverkeer-test.data.vlaanderen.be/doc/implementatiemodel/inbreuken-zwaar-vervoer;Bevestigingsbeugel;https://wegenenverkeer-test.data.vlaanderen.be/ns/onderdeel#Bevestigingsbeugel;;"De nieuwe abstracte ""BevestigingGC"" werd toegevoegd. Er werd een bevestigingsrelatie toegevoegd naar de abstracte ""Geluidsschermelement"".  Volgende onderdelen kregen een overervingsrelatie van ""BevestigingGC"": ""Pictogram"", ""Bevestigingsbeugel"", ""Zonnepaneel"", ""Referentiepunt"" en ""Vluchtdeur""."
1.1.0-RC3;14/04/2021;CT000128;PRB0040692;Inbreuken-zwaar-vervoer;https://wegenenverkeer-test.data.vlaanderen.be/doc/implementatiemodel/inbreuken-zwaar-vervoer;Netwerkpoort;https://wegenenverkeer-test.data.vlaanderen.be/ns/onderdeel#Netwerkpoort;Hardware;
1.1.0-RC3;14/04/2021;CT000108;PRB0040756;Kasten-Cabines-Behuizing;https://wegenenverkeer-test.data.vlaanderen.be/doc/implementatiemodel/kasten-cabines-behuizing;Sokkel;https://wegenenverkeer-test.data.vlaanderen.be/ns/onderdeel#Sokkel;;"Datatype van het attribuut 'hoogteSokkel' van de Klasse ""Sokkel"" succesvol aangepast."
1.1.0-RC3;14/04/2021;CT000102;PRB0040825;Lijnvormige-elementen;https://wegenenverkeer-test.data.vlaanderen.be/doc/implementatiemodel/lijnvormige-elementen;VlakGeluidsschermelement;https://wegenenverkeer-test.data.vlaanderen.be/ns/onderdeel#VlakGeluidsschermelement;;"Het nieuw onderdeel ""VlakGeluidsschermelement"" werd aangemaakt. Een generalisatierelatie werd toegevoegd naar de abstracte ""Geluidsschermelement"". De attributen ""opstelling"", ""vorm"" en ""schermelementtype"" werden toegevoegd. De keuzelijst ""VormSchermelement"" werd aangemaakt. De keuzemogelijkheden van deze keuzelijst werden toegevoegd in de OAT tool."
1.1.0-RC3;14/04/2021;CT000096;PRB0040799;Lijnvormige-elementen;https://wegenenverkeer-test.data.vlaanderen.be/doc/implementatiemodel/lijnvormige-elementen;Zonnepaneel;https://wegenenverkeer-test.data.vlaanderen.be/ns/onderdeel#Zonnepaneel;;Verandering succesvol uitgevoerd: Newline character is gedeletet.
1.1.0-RC3;14/04/2021;CT000103;PRB0040826;Lijnvormige-elementen;https://wegenenverkeer-test.data.vlaanderen.be/doc/implementatiemodel/lijnvormige-elementen;BijzonderGeluidsschermelement;https://wegenenverkeer-test.data.vlaanderen.be/ns/onderdeel#BijzonderGeluidsschermelement;;"Het nieuwe onderdeel ""Bijzonder geluidsschermelement"" werd toegevoegd. Een generalisatie relatie werd toegevoegd naar de abstracte ""Geluidsschermelement"". Het attribuut ""schermelementtype"" werd toegevoegd (met als datatype een keuzelijst met keuzemogelijkheden ""bloembakelement"" en ""L-element"")."
1.1.0-RC3;14/04/2021;CT000103;PRB0040826;Lijnvormige-elementen;https://wegenenverkeer-test.data.vlaanderen.be/doc/implementatiemodel/lijnvormige-elementen;KlBGSchermelementtype;https://wegenenverkeer-test.data.vlaanderen.be/doc/conceptscheme/KlBGSchermelementtype;;"Het nieuwe onderdeel ""Bijzonder geluidsschermelement"" werd toegevoegd. Een generalisatie relatie werd toegevoegd naar de abstracte ""Geluidsschermelement"". Het attribuut ""schermelementtype"" werd toegevoegd (met als datatype een keuzelijst met keuzemogelijkheden ""bloembakelement"" en ""L-element"")."
1.1.0-RC3;14/04/2021;CT000114;PRB0040833;Lijnvormige-elementen;https://wegenenverkeer-test.data.vlaanderen.be/doc/implementatiemodel/lijnvormige-elementen;BijlageVoertuigkering;https://wegenenverkeer-test.data.vlaanderen.be/ns/abstracten#BijlageVoertuigkering;"Eindstuk;Beginstuk;NietGetestBeginstuk;AansluitendeConstructie";"De attributen ""testrapport"" en ""video"" van abstracte ""Afschermende Constructie"" werden uit gebruik genomen. Een generalisatie-relatie werd toegevoegd tussen ""BijlageVoertuigkering"" en de abstracte ""Afschermende constructie"" en ook het onderdeel ""VoertuigkerendGeluidsschermelement""."
1.1.0-RC3;14/04/2021;CT000114;PRB0040833;Lijnvormige-elementen;https://wegenenverkeer-test.data.vlaanderen.be/doc/implementatiemodel/lijnvormige-elementen;VoertuigkerendGeluidsschermelement;https://wegenenverkeer-test.data.vlaanderen.be/ns/onderdeel#VoertuigkerendGeluidsschermelement;"Eindstuk;Beginstuk;NietGetestBeginstuk;AansluitendeConstructie";"De attributen ""testrapport"" en ""video"" van abstracte ""Afschermende Constructie"" werden uit gebruik genomen. Een generalisatie-relatie werd toegevoegd tussen ""BijlageVoertuigkering"" en de abstracte ""Afschermende constructie"" en ook het onderdeel ""VoertuigkerendGeluidsschermelement""."
1.1.0-RC3;14/04/2021;CT000114;PRB0040833;Lijnvormige-elementen;https://wegenenverkeer-test.data.vlaanderen.be/doc/implementatiemodel/lijnvormige-elementen;AfschermendeConstructie;https://wegenenverkeer-test.data.vlaanderen.be/ns/abstracten#AfschermendeConstructie;"Eindstuk;Beginstuk;NietGetestBeginstuk;AansluitendeConstructie";"De attributen ""testrapport"" en ""video"" van abstracte ""Afschermende Constructie"" werden uit gebruik genomen. Een generalisatie-relatie werd toegevoegd tussen ""BijlageVoertuigkering"" en de abstracte ""Afschermende constructie"" en ook het onderdeel ""VoertuigkerendGeluidsschermelement""."
1.1.0-RC3;14/04/2021;CT000097;PRB0040790;Lijnvormige-elementen;https://wegenenverkeer-test.data.vlaanderen.be/doc/implementatiemodel/lijnvormige-elementen;AfschermendeConstructie;https://wegenenverkeer-test.data.vlaanderen.be/ns/abstracten#AfschermendeConstructie;;"Het attribuut ""productnaam"" werd toegevoegd aan de abstracte ""Afschermende constructie""."
1.1.0-RC3;14/04/2021;CT000098;PRB0040792;Lijnvormige-elementen;https://wegenenverkeer-test.data.vlaanderen.be/doc/implementatiemodel/lijnvormige-elementen;Motorvangplank;https://wegenenverkeer-test.data.vlaanderen.be/ns/onderdeel#Motorvangplank;;"Een overervingsrelatie werd toegevoegd van de abstracte ""Afschermende constructie"" naar het onderdeel ""Motorvangplank""."
1.1.0-RC3;14/04/2021;CT000105;PRB0040827;Lijnvormige-elementen;https://wegenenverkeer-test.data.vlaanderen.be/doc/implementatiemodel/lijnvormige-elementen;VoertuigkerendGeluidsschermelement;https://wegenenverkeer-test.data.vlaanderen.be/ns/onderdeel#VoertuigkerendGeluidsschermelement;;"Het nieuwe onderdeel ""VoertuigkerendGeluidsschermelement"" werd toegevoegd. Een generalisatierelatie werd toegevoegd met de abstracte ""Geluidsschermelement""."
1.1.0-RC3;14/04/2021;CT000110;PRB0040867;Lijnvormige-elementen;https://wegenenverkeer-test.data.vlaanderen.be/doc/implementatiemodel/lijnvormige-elementen;VlakGeluidsschermelement;https://wegenenverkeer-test.data.vlaanderen.be/ns/onderdeel#VlakGeluidsschermelement;;"Er werd een nieuwe keuzelijst ""KlVlakGeluidsschermelementtype"" aangemaakt met opties ""schermelement zonder profielen"",  ""schermelement geplaatst tussen profielen"" en ""schermelement bevestigd tegen de profielen"". Er werd een nieuwe  keuzelijst ""KlVlakGeluidsschermelementOpstelling"" aangemaakt met opties ""loodrecht op maaiveld"", ""schuin naar achter hellend"" en ""schuin naar voor hellend"". Deze keuzelijsten werden toegevoegd als datatype bij de attributen ""schermelementtype"" en ""opstelling"" op het onderdeel ""VlakGeluidsschermelement""."
1.1.0-RC3;14/04/2021;CT000110;PRB0040867;Lijnvormige-elementen;https://wegenenverkeer-test.data.vlaanderen.be/doc/implementatiemodel/lijnvormige-elementen;KlLEGCOpstelling;https://wegenenverkeer.data.vlaanderen.be/ns/implementatieelement#KlLEGCOpstelling;;"Er werd een nieuwe keuzelijst ""KlVlakGeluidsschermelementtype"" aangemaakt met opties ""schermelement zonder profielen"",  ""schermelement geplaatst tussen profielen"" en ""schermelement bevestigd tegen de profielen"". Er werd een nieuwe  keuzelijst ""KlVlakGeluidsschermelementOpstelling"" aangemaakt met opties ""loodrecht op maaiveld"", ""schuin naar achter hellend"" en ""schuin naar voor hellend"". Deze keuzelijsten werden toegevoegd als datatype bij de attributen ""schermelementtype"" en ""opstelling"" op het onderdeel ""VlakGeluidsschermelement""."
1.1.0-RC3;14/04/2021;CT000110;PRB0040867;Lijnvormige-elementen;https://wegenenverkeer-test.data.vlaanderen.be/doc/implementatiemodel/lijnvormige-elementen;KlLEGCSchermelementType;https://wegenenverkeer.data.vlaanderen.be/ns/implementatieelement#KlLEGCSchermelementType;;"Er werd een nieuwe keuzelijst ""KlVlakGeluidsschermelementtype"" aangemaakt met opties ""schermelement zonder profielen"",  ""schermelement geplaatst tussen profielen"" en ""schermelement bevestigd tegen de profielen"". Er werd een nieuwe  keuzelijst ""KlVlakGeluidsschermelementOpstelling"" aangemaakt met opties ""loodrecht op maaiveld"", ""schuin naar achter hellend"" en ""schuin naar voor hellend"". Deze keuzelijsten werden toegevoegd als datatype bij de attributen ""schermelementtype"" en ""opstelling"" op het onderdeel ""VlakGeluidsschermelement""."
1.1.0-RC3;14/04/2021;CT000107;PRB0040842;Lijnvormige-elementen;https://wegenenverkeer-test.data.vlaanderen.be/doc/implementatiemodel/lijnvormige-elementen;Obstakelbeveiliger;https://wegenenverkeer-test.data.vlaanderen.be/ns/onderdeel#Obstakelbeveiliger;KlLEACPerformantieniveau;"Het attribuut ""performantieniveau"" werd toegevoegd op het onderdeel ""Obstakelbeveiliger"". Het proefobject ""ProefPerformantieniveau"" werd uit gebruik genomen."
1.1.0-RC3;14/04/2021;CT000107;PRB0040842;Lijnvormige-elementen;https://wegenenverkeer-test.data.vlaanderen.be/doc/implementatiemodel/lijnvormige-elementen;ProefPerformantieniveau;https://wegenenverkeer.data.vlaanderen.be/ns/proefenmeting#ProefPerformantieniveau;KlLEACPerformantieniveau;"Het attribuut ""performantieniveau"" werd toegevoegd op het onderdeel ""Obstakelbeveiliger"". Het proefobject ""ProefPerformantieniveau"" werd uit gebruik genomen."
1.1.0-RC3;14/04/2021;CT000100;PRB0040824;Lijnvormige-elementen;https://wegenenverkeer-test.data.vlaanderen.be/doc/implementatiemodel/lijnvormige-elementen;Geluidsschermelement;https://wegenenverkeer-test.data.vlaanderen.be/ns/abstracten#Geluidsschermelement;;"De abstracte ""Geluidsschermelement"" werd toegevoegd met attributen: ""maximale totale dikte"", ""windbelasting"", ""materiaalkarakteristiek"", ""lengte"" en ""hoogte"". Er werd ook een sluit aan op relatie naar zichzelf toegevoegd en de abstracte krijgt een overervingsrelatie van de abstracte ""Lijnvormig element""."
1.1.0-RC3;14/04/2021;CT000116;PRB0040843;Lijnvormige-elementen;https://wegenenverkeer-test.data.vlaanderen.be/doc/implementatiemodel/lijnvormige-elementen;Motorvangplank;https://wegenenverkeer-test.data.vlaanderen.be/ns/onderdeel#Motorvangplank;KlLEACSchokindexMVP;"De proefobjecten ""ProefWerkingsbreedteMvp"" en ""ProefSchokindexMvp"" werden uit gebruik genomen. Het attribuut ""schokindexMvp"" werd toegevoegd op het onderdeel ""Motorvangplank""."
1.1.0-RC3;14/04/2021;CT000116;PRB0040843;Lijnvormige-elementen;https://wegenenverkeer-test.data.vlaanderen.be/doc/implementatiemodel/lijnvormige-elementen;ProefSchokindexMVP;https://wegenenverkeer.data.vlaanderen.be/ns/proefenmeting#ProefSchokindexMVP;KlLEACSchokindexMVP;"De proefobjecten ""ProefWerkingsbreedteMvp"" en ""ProefSchokindexMvp"" werden uit gebruik genomen. Het attribuut ""schokindexMvp"" werd toegevoegd op het onderdeel ""Motorvangplank""."
1.1.0-RC3;14/04/2021;CT000119;PRB0040836;Lijnvormige-elementen;https://wegenenverkeer-test.data.vlaanderen.be/doc/implementatiemodel/lijnvormige-elementen;Geluidsschermelement;https://wegenenverkeer-test.data.vlaanderen.be/ns/abstracten#Geluidsschermelement;;"De abstracte ""ConstructieElementGC"" werd toegevoegd. Een ligt op en bevestigingsrelatie werd gelegd naar de abstracte ""Geluidsschermelement""."
1.1.0-RC3;14/04/2021;CT000119;PRB0040836;Lijnvormige-elementen;https://wegenenverkeer-test.data.vlaanderen.be/doc/implementatiemodel/lijnvormige-elementen;ConstructieElementenGC;https://wegenenverkeer-test.data.vlaanderen.be/ns/abstracten#ConstructieElementenGC;;"De abstracte ""ConstructieElementGC"" werd toegevoegd. Een ligt op en bevestigingsrelatie werd gelegd naar de abstracte ""Geluidsschermelement""."
1.1.0-RC3;14/04/2021;CT000112;PRB0040831;Lijnvormige-elementen;https://wegenenverkeer-test.data.vlaanderen.be/doc/implementatiemodel/lijnvormige-elementen;GeluidswerendeConstructie;https://wegenenverkeer-test.data.vlaanderen.be/ns/installatie#GeluidswerendeConstructie;;De installatie Geluidswerende Constructie werd toegevoegd met bijhoren attributen: totale lengte, overzichtsafbeelding, rekennota, horizontaal ruimtebeslag, technische fiche, totale oppervlakte en detailplan hoogteverloop.
1.1.0-RC3;14/04/2021;CT000113;PRB0040835;Lijnvormige-elementen;https://wegenenverkeer-test.data.vlaanderen.be/doc/implementatiemodel/lijnvormige-elementen;BijlageVoertuigkering;https://wegenenverkeer-test.data.vlaanderen.be/ns/abstracten#BijlageVoertuigkering;;"De nieuwe abstracte ""BijlageVoertuigkering"" werd toegevoegd. De attributen ""videoVoertuigkering"" en ""testrapportVoertuigkering"" werden toegevoegd aan deze nieuwe abstracte."
1.1.0-RC3;14/04/2021;CT000120;PRB0040849;Lijnvormige-elementen;https://wegenenverkeer-test.data.vlaanderen.be/doc/implementatiemodel/lijnvormige-elementen;AfschermendeConstructie;https://wegenenverkeer-test.data.vlaanderen.be/ns/abstracten#AfschermendeConstructie;;"Twee sluit aan op relaties werden toegevoegd tussen ""Voertuigkerend geluidsschermelement"" en ""Afschermende constructie""."
1.1.0-RC3;14/04/2021;CT000117;PRB0040850;Lijnvormige-elementen;https://wegenenverkeer-test.data.vlaanderen.be/doc/implementatiemodel/lijnvormige-elementen;Geluidsschermelement;https://wegenenverkeer-test.data.vlaanderen.be/ns/abstracten#Geluidsschermelement;;"De nieuwe abstracte ""BevestigingGC"" werd toegevoegd. Er werd een bevestigingsrelatie toegevoegd naar de abstracte ""Geluidsschermelement"".  Volgende onderdelen kregen een overervingsrelatie van ""BevestigingGC"": ""Pictogram"", ""Bevestigingsbeugel"", ""Zonnepaneel"", ""Referentiepunt"" en ""Vluchtdeur""."
1.1.0-RC3;14/04/2021;CT000117;PRB0040850;Lijnvormige-elementen;https://wegenenverkeer-test.data.vlaanderen.be/doc/implementatiemodel/lijnvormige-elementen;BevestigingGC;https://wegenenverkeer-test.data.vlaanderen.be/ns/abstracten#BevestigingGC;;"De nieuwe abstracte ""BevestigingGC"" werd toegevoegd. Er werd een bevestigingsrelatie toegevoegd naar de abstracte ""Geluidsschermelement"".  Volgende onderdelen kregen een overervingsrelatie van ""BevestigingGC"": ""Pictogram"", ""Bevestigingsbeugel"", ""Zonnepaneel"", ""Referentiepunt"" en ""Vluchtdeur""."
1.1.0-RC3;14/04/2021;CT000117;PRB0040850;Lijnvormige-elementen;https://wegenenverkeer-test.data.vlaanderen.be/doc/implementatiemodel/lijnvormige-elementen;Bevestigingsbeugel;https://wegenenverkeer-test.data.vlaanderen.be/ns/onderdeel#Bevestigingsbeugel;;"De nieuwe abstracte ""BevestigingGC"" werd toegevoegd. Er werd een bevestigingsrelatie toegevoegd naar de abstracte ""Geluidsschermelement"".  Volgende onderdelen kregen een overervingsrelatie van ""BevestigingGC"": ""Pictogram"", ""Bevestigingsbeugel"", ""Zonnepaneel"", ""Referentiepunt"" en ""Vluchtdeur""."
1.1.0-RC3;14/04/2021;CT000117;PRB0040850;Lijnvormige-elementen;https://wegenenverkeer-test.data.vlaanderen.be/doc/implementatiemodel/lijnvormige-elementen;Zonnepaneel;https://wegenenverkeer-test.data.vlaanderen.be/ns/onderdeel#Zonnepaneel;;"De nieuwe abstracte ""BevestigingGC"" werd toegevoegd. Er werd een bevestigingsrelatie toegevoegd naar de abstracte ""Geluidsschermelement"".  Volgende onderdelen kregen een overervingsrelatie van ""BevestigingGC"": ""Pictogram"", ""Bevestigingsbeugel"", ""Zonnepaneel"", ""Referentiepunt"" en ""Vluchtdeur""."
1.1.0-RC3;14/04/2021;CT000117;PRB0040850;Lijnvormige-elementen;https://wegenenverkeer-test.data.vlaanderen.be/doc/implementatiemodel/lijnvormige-elementen;Vluchtdeur;https://wegenenverkeer-test.data.vlaanderen.be/ns/onderdeel#Vluchtdeur;;"De nieuwe abstracte ""BevestigingGC"" werd toegevoegd. Er werd een bevestigingsrelatie toegevoegd naar de abstracte ""Geluidsschermelement"".  Volgende onderdelen kregen een overervingsrelatie van ""BevestigingGC"": ""Pictogram"", ""Bevestigingsbeugel"", ""Zonnepaneel"", ""Referentiepunt"" en ""Vluchtdeur""."
1.1.0-RC3;14/04/2021;CT000117;PRB0040850;Lijnvormige-elementen;https://wegenenverkeer-test.data.vlaanderen.be/doc/implementatiemodel/lijnvormige-elementen;Referentiepunt;https://wegenenverkeer-test.data.vlaanderen.be/ns/onderdeel#Referentiepunt;;"De nieuwe abstracte ""BevestigingGC"" werd toegevoegd. Er werd een bevestigingsrelatie toegevoegd naar de abstracte ""Geluidsschermelement"".  Volgende onderdelen kregen een overervingsrelatie van ""BevestigingGC"": ""Pictogram"", ""Bevestigingsbeugel"", ""Zonnepaneel"", ""Referentiepunt"" en ""Vluchtdeur""."
1.1.0-RC3;14/04/2021;CT000117;PRB0040850;Lijnvormige-elementen;https://wegenenverkeer-test.data.vlaanderen.be/doc/implementatiemodel/lijnvormige-elementen;Pictogram;https://wegenenverkeer-test.data.vlaanderen.be/ns/onderdeel#Pictogram;;"De nieuwe abstracte ""BevestigingGC"" werd toegevoegd. Er werd een bevestigingsrelatie toegevoegd naar de abstracte ""Geluidsschermelement"".  Volgende onderdelen kregen een overervingsrelatie van ""BevestigingGC"": ""Pictogram"", ""Bevestigingsbeugel"", ""Zonnepaneel"", ""Referentiepunt"" en ""Vluchtdeur""."
1.1.0-RC3;14/04/2021;CT000124;PRB0040845;Lijnvormige-elementen;https://wegenenverkeer-test.data.vlaanderen.be/doc/implementatiemodel/lijnvormige-elementen;GeluidswerendeConstructie;https://wegenenverkeer-test.data.vlaanderen.be/ns/installatie#GeluidswerendeConstructie;ProefGeluidstest;"Een ""is inpectie van"" relatie werd toegevoegd tussen het proefobject proef geluidstest en de installatie geluidswerende constructie."
1.1.0-RC3;14/04/2021;CT000121;PRB0040853;Lijnvormige-elementen;https://wegenenverkeer-test.data.vlaanderen.be/doc/implementatiemodel/lijnvormige-elementen;VegetatieElement;https://wegenenverkeer-test.data.vlaanderen.be/ns/abstracten#VegetatieElement;Geluidsschermelement;"Een bevestigingsrelatie werd toegevoegd tussen ""VegetatieElement"" en ""Geluidsschermelement""."
1.1.0-RC3;14/04/2021;CT000126;PRB0040871;Lijnvormige-elementen;https://wegenenverkeer-test.data.vlaanderen.be/doc/implementatiemodel/lijnvormige-elementen;GeluidswerendeConstructie;https://wegenenverkeer-test.data.vlaanderen.be/ns/installatie#GeluidswerendeConstructie;AIMObject;Een overervingsrelatie werd toegevoegd tussen AIMObject en de installatie GeluidswerendeConstructie.
1.1.0-RC3;14/04/2021;CT000109;PRB0040828;Lijnvormige-elementen;https://wegenenverkeer-test.data.vlaanderen.be/doc/implementatiemodel/lijnvormige-elementen;GeluidswerendeConstructie;https://wegenenverkeer-test.data.vlaanderen.be/ns/installatie#GeluidswerendeConstructie;"Gronddam;ProefGeluidstest;Doorgang;Lichtmast;RetroreflecterendVerkeersbord;Voorzetconstructie;KlLEGCSchermtype";"Het onderdeel ""GeluidswerendeConstructie"" is uit gebruik genomen."
1.1.0-RC3;14/04/2021;CT000104;PRB0040863;Lijnvormige-elementen;https://wegenenverkeer-test.data.vlaanderen.be/doc/implementatiemodel/lijnvormige-elementen;LijnvormigElement;https://wegenenverkeer-test.data.vlaanderen.be/ns/abstracten#LijnvormigElement;;"De usage note van het attribuut ""technische fiche"" op de abstracte ""Lijnvormig element"" werd aangevuld met extra informatie voor geluidsschermelementen."
1.1.0-RC3;14/04/2021;CT000106;PRB0040841;Lijnvormige-elementen;https://wegenenverkeer-test.data.vlaanderen.be/doc/implementatiemodel/lijnvormige-elementen;GetesteBeginconstructie;https://wegenenverkeer-test.data.vlaanderen.be/ns/onderdeel#GetesteBeginconstructie;KlLEACPerformantieklasse;"Het attribuut ""performantieklasse"" werd op het onderdeel ""Geteste beginconstructie"" toegevoegd en het proefobject ""ProefPerformantieklasse"" werd verwijderd."
1.1.0-RC3;14/04/2021;CT000106;PRB0040841;Lijnvormige-elementen;https://wegenenverkeer-test.data.vlaanderen.be/doc/implementatiemodel/lijnvormige-elementen;ProefPerformantieklasse;https://wegenenverkeer.data.vlaanderen.be/ns/proefenmeting#ProefPerformantieklasse;KlLEACPerformantieklasse;"Het attribuut ""performantieklasse"" werd op het onderdeel ""Geteste beginconstructie"" toegevoegd en het proefobject ""ProefPerformantieklasse"" werd verwijderd."
1.1.0-RC3;14/04/2021;CT000095;PRB0040753;Lijnvormige-elementen;https://wegenenverkeer-test.data.vlaanderen.be/doc/implementatiemodel/lijnvormige-elementen;Motorvangplank;https://wegenenverkeer-test.data.vlaanderen.be/ns/onderdeel#Motorvangplank;;"Het attribuut lengte werd toegevoegd aan het onderdeel ""Motorvangplank""."
1.1.0-RC3;14/04/2021;CT000122;PRB0040868;Lijnvormige-elementen;https://wegenenverkeer-test.data.vlaanderen.be/doc/implementatiemodel/lijnvormige-elementen;VoertuigkerendGeluidsschermelement;https://wegenenverkeer-test.data.vlaanderen.be/ns/onderdeel#VoertuigkerendGeluidsschermelement;;"Het attribuut werkingsbreedte werd toegevoegd aan het onderdeel ""VoertuigkerendGeluidsschermelement""."
1.1.0-RC3;14/04/2021;CT000111;PRB0040791;Lijnvormige-elementen;https://wegenenverkeer-test.data.vlaanderen.be/doc/implementatiemodel/lijnvormige-elementen;EigenschappenVoertuigkering;https://wegenenverkeer-test.data.vlaanderen.be/ns/abstracten#EigenschappenVoertuigkering;"KlLEACVoertuigOverhelling;KlLEACKerendVermogen";"De nieuwe abstracte ""EigenschappenVoertuigkering"" werd toegevoegd met attributen ""kerend vermogen"" en ""voertuigoverhelling"". Er werd een overervingsrelatie toegevoegd tussen deze abstracte en de onderdelen ""VoertuigkerendGeluidsschermelement"" en ""Geleideconstructie"".  De proefobjecten ""ProefWerkingsbreedteGC"", ""ProefVoertuigOverhelling"" en ""ProefKerendVermogen"" werden uit gebruik genomen."
1.1.0-RC3;14/04/2021;CT000111;PRB0040791;Lijnvormige-elementen;https://wegenenverkeer-test.data.vlaanderen.be/doc/implementatiemodel/lijnvormige-elementen;VoertuigkerendGeluidsschermelement;https://wegenenverkeer-test.data.vlaanderen.be/ns/onderdeel#VoertuigkerendGeluidsschermelement;"KlLEACVoertuigOverhelling;KlLEACKerendVermogen";"De nieuwe abstracte ""EigenschappenVoertuigkering"" werd toegevoegd met attributen ""kerend vermogen"" en ""voertuigoverhelling"". Er werd een overervingsrelatie toegevoegd tussen deze abstracte en de onderdelen ""VoertuigkerendGeluidsschermelement"" en ""Geleideconstructie"".  De proefobjecten ""ProefWerkingsbreedteGC"", ""ProefVoertuigOverhelling"" en ""ProefKerendVermogen"" werden uit gebruik genomen."
1.1.0-RC3;14/04/2021;CT000111;PRB0040791;Lijnvormige-elementen;https://wegenenverkeer-test.data.vlaanderen.be/doc/implementatiemodel/lijnvormige-elementen;Geleideconstructie;https://wegenenverkeer-test.data.vlaanderen.be/ns/onderdeel#Geleideconstructie;"KlLEACVoertuigOverhelling;KlLEACKerendVermogen";"De nieuwe abstracte ""EigenschappenVoertuigkering"" werd toegevoegd met attributen ""kerend vermogen"" en ""voertuigoverhelling"". Er werd een overervingsrelatie toegevoegd tussen deze abstracte en de onderdelen ""VoertuigkerendGeluidsschermelement"" en ""Geleideconstructie"".  De proefobjecten ""ProefWerkingsbreedteGC"", ""ProefVoertuigOverhelling"" en ""ProefKerendVermogen"" werden uit gebruik genomen."
1.1.0-RC3;14/04/2021;CT000111;PRB0040791;Lijnvormige-elementen;https://wegenenverkeer-test.data.vlaanderen.be/doc/implementatiemodel/lijnvormige-elementen;ProefKerendVermogen;https://wegenenverkeer.data.vlaanderen.be/ns/proefenmeting#ProefKerendVermogen;"KlLEACVoertuigOverhelling;KlLEACKerendVermogen";"De nieuwe abstracte ""EigenschappenVoertuigkering"" werd toegevoegd met attributen ""kerend vermogen"" en ""voertuigoverhelling"". Er werd een overervingsrelatie toegevoegd tussen deze abstracte en de onderdelen ""VoertuigkerendGeluidsschermelement"" en ""Geleideconstructie"".  De proefobjecten ""ProefWerkingsbreedteGC"", ""ProefVoertuigOverhelling"" en ""ProefKerendVermogen"" werden uit gebruik genomen."
1.1.0-RC3;14/04/2021;CT000111;PRB0040791;Lijnvormige-elementen;https://wegenenverkeer-test.data.vlaanderen.be/doc/implementatiemodel/lijnvormige-elementen;ProefWerkingsbreedteGC;https://wegenenverkeer.data.vlaanderen.be/ns/proefenmeting#ProefWerkingsbreedteGC;"KlLEACVoertuigOverhelling;KlLEACKerendVermogen";"De nieuwe abstracte ""EigenschappenVoertuigkering"" werd toegevoegd met attributen ""kerend vermogen"" en ""voertuigoverhelling"". Er werd een overervingsrelatie toegevoegd tussen deze abstracte en de onderdelen ""VoertuigkerendGeluidsschermelement"" en ""Geleideconstructie"".  De proefobjecten ""ProefWerkingsbreedteGC"", ""ProefVoertuigOverhelling"" en ""ProefKerendVermogen"" werden uit gebruik genomen."
1.1.0-RC3;14/04/2021;CT000111;PRB0040791;Lijnvormige-elementen;https://wegenenverkeer-test.data.vlaanderen.be/doc/implementatiemodel/lijnvormige-elementen;ProefVoertuigOverhelling;https://wegenenverkeer.data.vlaanderen.be/ns/proefenmeting#ProefVoertuigOverhelling;"KlLEACVoertuigOverhelling;KlLEACKerendVermogen";"De nieuwe abstracte ""EigenschappenVoertuigkering"" werd toegevoegd met attributen ""kerend vermogen"" en ""voertuigoverhelling"". Er werd een overervingsrelatie toegevoegd tussen deze abstracte en de onderdelen ""VoertuigkerendGeluidsschermelement"" en ""Geleideconstructie"".  De proefobjecten ""ProefWerkingsbreedteGC"", ""ProefVoertuigOverhelling"" en ""ProefKerendVermogen"" werden uit gebruik genomen."
1.1.0-RC3;14/04/2021;CT000115;PRB0040840;Lijnvormige-elementen;https://wegenenverkeer-test.data.vlaanderen.be/doc/implementatiemodel/lijnvormige-elementen;VoertuigkerendGeluidsschermelement;https://wegenenverkeer-test.data.vlaanderen.be/ns/onderdeel#VoertuigkerendGeluidsschermelement;KlLEACSchokindex;"Het proefobject ""ProefSchokindex"" werd uit gebruikt genomen. Een nieuwe abstracte ""SchokindexVoertuigkering"" werd toegevoegd met het attribuut ""schokindex"". De onderdelen ""Geteste beginconstructie"", ""Geleideconstructie"", ""Obstakelbeveiliger"", ""Overgangsconstructie"" en ""Voertuigkerend geluidsschermelement"" kregen een overervingsrelatie met de abstracte ""SchokindexVoertuigkering""."
1.1.0-RC3;14/04/2021;CT000115;PRB0040840;Lijnvormige-elementen;https://wegenenverkeer-test.data.vlaanderen.be/doc/implementatiemodel/lijnvormige-elementen;SchokindexVoertuigkering;https://wegenenverkeer-test.data.vlaanderen.be/ns/abstracten#SchokindexVoertuigkering;KlLEACSchokindex;"Het proefobject ""ProefSchokindex"" werd uit gebruikt genomen. Een nieuwe abstracte ""SchokindexVoertuigkering"" werd toegevoegd met het attribuut ""schokindex"". De onderdelen ""Geteste beginconstructie"", ""Geleideconstructie"", ""Obstakelbeveiliger"", ""Overgangsconstructie"" en ""Voertuigkerend geluidsschermelement"" kregen een overervingsrelatie met de abstracte ""SchokindexVoertuigkering""."
1.1.0-RC3;14/04/2021;CT000115;PRB0040840;Lijnvormige-elementen;https://wegenenverkeer-test.data.vlaanderen.be/doc/implementatiemodel/lijnvormige-elementen;Overgangsconstructie;https://wegenenverkeer-test.data.vlaanderen.be/ns/onderdeel#Overgangsconstructie;KlLEACSchokindex;"Het proefobject ""ProefSchokindex"" werd uit gebruikt genomen. Een nieuwe abstracte ""SchokindexVoertuigkering"" werd toegevoegd met het attribuut ""schokindex"". De onderdelen ""Geteste beginconstructie"", ""Geleideconstructie"", ""Obstakelbeveiliger"", ""Overgangsconstructie"" en ""Voertuigkerend geluidsschermelement"" kregen een overervingsrelatie met de abstracte ""SchokindexVoertuigkering""."
1.1.0-RC3;14/04/2021;CT000115;PRB0040840;Lijnvormige-elementen;https://wegenenverkeer-test.data.vlaanderen.be/doc/implementatiemodel/lijnvormige-elementen;GetesteBeginconstructie;https://wegenenverkeer-test.data.vlaanderen.be/ns/onderdeel#GetesteBeginconstructie;KlLEACSchokindex;"Het proefobject ""ProefSchokindex"" werd uit gebruikt genomen. Een nieuwe abstracte ""SchokindexVoertuigkering"" werd toegevoegd met het attribuut ""schokindex"". De onderdelen ""Geteste beginconstructie"", ""Geleideconstructie"", ""Obstakelbeveiliger"", ""Overgangsconstructie"" en ""Voertuigkerend geluidsschermelement"" kregen een overervingsrelatie met de abstracte ""SchokindexVoertuigkering""."
1.1.0-RC3;14/04/2021;CT000115;PRB0040840;Lijnvormige-elementen;https://wegenenverkeer-test.data.vlaanderen.be/doc/implementatiemodel/lijnvormige-elementen;Obstakelbeveiliger;https://wegenenverkeer-test.data.vlaanderen.be/ns/onderdeel#Obstakelbeveiliger;KlLEACSchokindex;"Het proefobject ""ProefSchokindex"" werd uit gebruikt genomen. Een nieuwe abstracte ""SchokindexVoertuigkering"" werd toegevoegd met het attribuut ""schokindex"". De onderdelen ""Geteste beginconstructie"", ""Geleideconstructie"", ""Obstakelbeveiliger"", ""Overgangsconstructie"" en ""Voertuigkerend geluidsschermelement"" kregen een overervingsrelatie met de abstracte ""SchokindexVoertuigkering""."
1.1.0-RC3;14/04/2021;CT000115;PRB0040840;Lijnvormige-elementen;https://wegenenverkeer-test.data.vlaanderen.be/doc/implementatiemodel/lijnvormige-elementen;ProefSchokindex;https://wegenenverkeer.data.vlaanderen.be/ns/proefenmeting#ProefSchokindex;KlLEACSchokindex;"Het proefobject ""ProefSchokindex"" werd uit gebruikt genomen. Een nieuwe abstracte ""SchokindexVoertuigkering"" werd toegevoegd met het attribuut ""schokindex"". De onderdelen ""Geteste beginconstructie"", ""Geleideconstructie"", ""Obstakelbeveiliger"", ""Overgangsconstructie"" en ""Voertuigkerend geluidsschermelement"" kregen een overervingsrelatie met de abstracte ""SchokindexVoertuigkering""."
1.1.0-RC3;14/04/2021;CT000115;PRB0040840;Lijnvormige-elementen;https://wegenenverkeer-test.data.vlaanderen.be/doc/implementatiemodel/lijnvormige-elementen;Geleideconstructie;https://wegenenverkeer-test.data.vlaanderen.be/ns/onderdeel#Geleideconstructie;KlLEACSchokindex;"Het proefobject ""ProefSchokindex"" werd uit gebruikt genomen. Een nieuwe abstracte ""SchokindexVoertuigkering"" werd toegevoegd met het attribuut ""schokindex"". De onderdelen ""Geteste beginconstructie"", ""Geleideconstructie"", ""Obstakelbeveiliger"", ""Overgangsconstructie"" en ""Voertuigkerend geluidsschermelement"" kregen een overervingsrelatie met de abstracte ""SchokindexVoertuigkering""."
1.1.0-RC3;14/04/2021;CT000123;PRB0040837;Lijnvormige-elementen;https://wegenenverkeer-test.data.vlaanderen.be/doc/implementatiemodel/lijnvormige-elementen;GeluidswerendeConstructie;https://wegenenverkeer-test.data.vlaanderen.be/ns/installatie#GeluidswerendeConstructie;"Vluchtdeur;Doorgang;ConstructieElementenGC;Geluidsschermelement";Hoortbij relaties werden toegevoegd van de installatie GeluidswerendeConstructie naar de onderdelen: Geluidsschermelement, Doorgang, Vluchtdeur en ConstructieElementenGC.
1.1.0-RC3;14/04/2021;CT000129;PRB0040876;Luidspreker-intercom;https://wegenenverkeer-test.data.vlaanderen.be/doc/implementatiemodel/luidspreker-intercom;Omvormer;https://wegenenverkeer-test.data.vlaanderen.be/ns/onderdeel#Omvormer;;
1.1.0-RC3;14/04/2021;CT000128;PRB0040692;Meten-in-Vlaanderen;https://wegenenverkeer-test.data.vlaanderen.be/doc/implementatiemodel/meten-in-vlaanderen;Netwerkpoort;https://wegenenverkeer-test.data.vlaanderen.be/ns/onderdeel#Netwerkpoort;Hardware;
1.1.0-RC3;14/04/2021;CT000128;PRB0040692;Optisch-Transport-Netwerk;https://wegenenverkeer-test.data.vlaanderen.be/doc/implementatiemodel/optisch-transport-netwerk;Netwerkpoort;https://wegenenverkeer-test.data.vlaanderen.be/ns/onderdeel#Netwerkpoort;Hardware;
1.1.0-RC3;14/04/2021;CT000092;PRB0040658;Proeven-metingen;https://wegenenverkeer-test.data.vlaanderen.be/doc/implementatiemodel/proeven-metingen;Boom;https://wegenenverkeer-test.data.vlaanderen.be/ns/onderdeel#Boom;"ProefNaderOnderzoekTomograaf;ProefVerderOnderzoekTrekproef;ProefBoomtoestand;BeheerBoomvorm;Boombrug";"De klassenaam van het onderdeel ""Opgaande boom"" werd gewijzigd naar ""Boom""."
1.1.0-RC3;14/04/2021;CT000092;PRB0040658;Proeven-metingen;https://wegenenverkeer-test.data.vlaanderen.be/doc/implementatiemodel/proeven-metingen;OpgaandeBoom;https://wegenenverkeer.data.vlaanderen.be/ns/onderdeel#OpgaandeBoom;"ProefNaderOnderzoekTomograaf;ProefVerderOnderzoekTrekproef;ProefBoomtoestand;BeheerBoomvorm;Boombrug";"De klassenaam van het onderdeel ""Opgaande boom"" werd gewijzigd naar ""Boom""."
1.1.0-RC3;14/04/2021;CT000094;PRB0040666;Proeven-metingen;https://wegenenverkeer-test.data.vlaanderen.be/doc/implementatiemodel/proeven-metingen;Boom;https://wegenenverkeer-test.data.vlaanderen.be/ns/onderdeel#Boom;;"De kardinaliteiten van de attributen ""groeiplaatsverbetering"", ""boomspiegel"" en ""type"" werden verhoogd van 1 naar 1..* op de respectievelijke onderdelen ""Opgaande houtige vegetatie"", ""Opgaande boom"" en ""Sierbeplanting""."
1.1.0-RC3;14/04/2021;CT000114;PRB0040833;Proeven-metingen;https://wegenenverkeer-test.data.vlaanderen.be/doc/implementatiemodel/proeven-metingen;AfschermendeConstructie;https://wegenenverkeer-test.data.vlaanderen.be/ns/abstracten#AfschermendeConstructie;"Eindstuk;Beginstuk;NietGetestBeginstuk;AansluitendeConstructie";"De attributen ""testrapport"" en ""video"" van abstracte ""Afschermende Constructie"" werden uit gebruik genomen. Een generalisatie-relatie werd toegevoegd tussen ""BijlageVoertuigkering"" en de abstracte ""Afschermende constructie"" en ook het onderdeel ""VoertuigkerendGeluidsschermelement""."
1.1.0-RC3;14/04/2021;CT000097;PRB0040790;Proeven-metingen;https://wegenenverkeer-test.data.vlaanderen.be/doc/implementatiemodel/proeven-metingen;AfschermendeConstructie;https://wegenenverkeer-test.data.vlaanderen.be/ns/abstracten#AfschermendeConstructie;;"Het attribuut ""productnaam"" werd toegevoegd aan de abstracte ""Afschermende constructie""."
1.1.0-RC3;14/04/2021;CT000112;PRB0040831;Proeven-metingen;https://wegenenverkeer-test.data.vlaanderen.be/doc/implementatiemodel/proeven-metingen;GeluidswerendeConstructie;https://wegenenverkeer-test.data.vlaanderen.be/ns/installatie#GeluidswerendeConstructie;;De installatie Geluidswerende Constructie werd toegevoegd met bijhoren attributen: totale lengte, overzichtsafbeelding, rekennota, horizontaal ruimtebeslag, technische fiche, totale oppervlakte en detailplan hoogteverloop.
1.1.0-RC3;14/04/2021;CT000120;PRB0040849;Proeven-metingen;https://wegenenverkeer-test.data.vlaanderen.be/doc/implementatiemodel/proeven-metingen;AfschermendeConstructie;https://wegenenverkeer-test.data.vlaanderen.be/ns/abstracten#AfschermendeConstructie;;"Twee sluit aan op relaties werden toegevoegd tussen ""Voertuigkerend geluidsschermelement"" en ""Afschermende constructie""."
1.1.0-RC3;14/04/2021;CT000124;PRB0040845;Proeven-metingen;https://wegenenverkeer-test.data.vlaanderen.be/doc/implementatiemodel/proeven-metingen;GeluidswerendeConstructie;https://wegenenverkeer-test.data.vlaanderen.be/ns/installatie#GeluidswerendeConstructie;ProefGeluidstest;"Een ""is inpectie van"" relatie werd toegevoegd tussen het proefobject proef geluidstest en de installatie geluidswerende constructie."
1.1.0-RC3;14/04/2021;CT000126;PRB0040871;Proeven-metingen;https://wegenenverkeer-test.data.vlaanderen.be/doc/implementatiemodel/proeven-metingen;GeluidswerendeConstructie;https://wegenenverkeer-test.data.vlaanderen.be/ns/installatie#GeluidswerendeConstructie;AIMObject;Een overervingsrelatie werd toegevoegd tussen AIMObject en de installatie GeluidswerendeConstructie.
1.1.0-RC3;14/04/2021;CT000109;PRB0040828;Proeven-metingen;https://wegenenverkeer-test.data.vlaanderen.be/doc/implementatiemodel/proeven-metingen;GeluidswerendeConstructie;https://wegenenverkeer-test.data.vlaanderen.be/ns/installatie#GeluidswerendeConstructie;"Gronddam;ProefGeluidstest;Doorgang;Lichtmast;RetroreflecterendVerkeersbord;Voorzetconstructie;KlLEGCSchermtype";"Het onderdeel ""GeluidswerendeConstructie"" is uit gebruik genomen."
1.1.0-RC3;14/04/2021;CT000123;PRB0040837;Proeven-metingen;https://wegenenverkeer-test.data.vlaanderen.be/doc/implementatiemodel/proeven-metingen;GeluidswerendeConstructie;https://wegenenverkeer-test.data.vlaanderen.be/ns/installatie#GeluidswerendeConstructie;"Vluchtdeur;Doorgang;ConstructieElementenGC;Geluidsschermelement";Hoortbij relaties werden toegevoegd van de installatie GeluidswerendeConstructie naar de onderdelen: Geluidsschermelement, Doorgang, Vluchtdeur en ConstructieElementenGC.
1.1.0-RC3;14/04/2021;CT000125;PRB0040870;Riolering;https://wegenenverkeer-test.data.vlaanderen.be/doc/implementatiemodel/riolering;Terugslagklep;https://wegenenverkeer-test.data.vlaanderen.be/ns/onderdeel#Terugslagklep;;Label-nl en definition-nl van terugslagklep werden gewijzigd zodat deze meer generiek worden.
1.1.0-RC3;14/04/2021;CT000114;PRB0040833;Signalisatie;https://wegenenverkeer-test.data.vlaanderen.be/doc/implementatiemodel/signalisatie;AfschermendeConstructie;https://wegenenverkeer-test.data.vlaanderen.be/ns/abstracten#AfschermendeConstructie;"Eindstuk;Beginstuk;NietGetestBeginstuk;AansluitendeConstructie";"De attributen ""testrapport"" en ""video"" van abstracte ""Afschermende Constructie"" werden uit gebruik genomen. Een generalisatie-relatie werd toegevoegd tussen ""BijlageVoertuigkering"" en de abstracte ""Afschermende constructie"" en ook het onderdeel ""VoertuigkerendGeluidsschermelement""."
1.1.0-RC3;14/04/2021;CT000097;PRB0040790;Signalisatie;https://wegenenverkeer-test.data.vlaanderen.be/doc/implementatiemodel/signalisatie;AfschermendeConstructie;https://wegenenverkeer-test.data.vlaanderen.be/ns/abstracten#AfschermendeConstructie;;"Het attribuut ""productnaam"" werd toegevoegd aan de abstracte ""Afschermende constructie""."
1.1.0-RC3;14/04/2021;CT000120;PRB0040849;Signalisatie;https://wegenenverkeer-test.data.vlaanderen.be/doc/implementatiemodel/signalisatie;AfschermendeConstructie;https://wegenenverkeer-test.data.vlaanderen.be/ns/abstracten#AfschermendeConstructie;;"Twee sluit aan op relaties werden toegevoegd tussen ""Voertuigkerend geluidsschermelement"" en ""Afschermende constructie""."
1.1.0-RC3;14/04/2021;CT000117;PRB0040850;Signalisatie;https://wegenenverkeer-test.data.vlaanderen.be/doc/implementatiemodel/signalisatie;Bevestigingsbeugel;https://wegenenverkeer-test.data.vlaanderen.be/ns/onderdeel#Bevestigingsbeugel;;"De nieuwe abstracte ""BevestigingGC"" werd toegevoegd. Er werd een bevestigingsrelatie toegevoegd naar de abstracte ""Geluidsschermelement"".  Volgende onderdelen kregen een overervingsrelatie van ""BevestigingGC"": ""Pictogram"", ""Bevestigingsbeugel"", ""Zonnepaneel"", ""Referentiepunt"" en ""Vluchtdeur""."
1.1.0-RC3;14/04/2021;CT000117;PRB0040850;Signalisatie;https://wegenenverkeer-test.data.vlaanderen.be/doc/implementatiemodel/signalisatie;Referentiepunt;https://wegenenverkeer-test.data.vlaanderen.be/ns/onderdeel#Referentiepunt;;"De nieuwe abstracte ""BevestigingGC"" werd toegevoegd. Er werd een bevestigingsrelatie toegevoegd naar de abstracte ""Geluidsschermelement"".  Volgende onderdelen kregen een overervingsrelatie van ""BevestigingGC"": ""Pictogram"", ""Bevestigingsbeugel"", ""Zonnepaneel"", ""Referentiepunt"" en ""Vluchtdeur""."
1.1.0-RC3;14/04/2021;CT000117;PRB0040850;Signalisatie;https://wegenenverkeer-test.data.vlaanderen.be/doc/implementatiemodel/signalisatie;Pictogram;https://wegenenverkeer-test.data.vlaanderen.be/ns/onderdeel#Pictogram;;"De nieuwe abstracte ""BevestigingGC"" werd toegevoegd. Er werd een bevestigingsrelatie toegevoegd naar de abstracte ""Geluidsschermelement"".  Volgende onderdelen kregen een overervingsrelatie van ""BevestigingGC"": ""Pictogram"", ""Bevestigingsbeugel"", ""Zonnepaneel"", ""Referentiepunt"" en ""Vluchtdeur""."
1.1.0-RC3;14/04/2021;CT000104;PRB0040863;Signalisatie;https://wegenenverkeer-test.data.vlaanderen.be/doc/implementatiemodel/signalisatie;LijnvormigElement;https://wegenenverkeer-test.data.vlaanderen.be/ns/abstracten#LijnvormigElement;;"De usage note van het attribuut ""technische fiche"" op de abstracte ""Lijnvormig element"" werd aangevuld met extra informatie voor geluidsschermelementen."
1.1.0-RC3;14/04/2021;CT000117;PRB0040850;Slagboom-Doorsteek;https://wegenenverkeer-test.data.vlaanderen.be/doc/implementatiemodel/slagboom-doorsteek;Bevestigingsbeugel;https://wegenenverkeer-test.data.vlaanderen.be/ns/onderdeel#Bevestigingsbeugel;;"De nieuwe abstracte ""BevestigingGC"" werd toegevoegd. Er werd een bevestigingsrelatie toegevoegd naar de abstracte ""Geluidsschermelement"".  Volgende onderdelen kregen een overervingsrelatie van ""BevestigingGC"": ""Pictogram"", ""Bevestigingsbeugel"", ""Zonnepaneel"", ""Referentiepunt"" en ""Vluchtdeur""."
1.1.0-RC3;14/04/2021;CT000108;PRB0040756;Slagboom-Doorsteek;https://wegenenverkeer-test.data.vlaanderen.be/doc/implementatiemodel/slagboom-doorsteek;Sokkel;https://wegenenverkeer-test.data.vlaanderen.be/ns/onderdeel#Sokkel;;"Datatype van het attribuut 'hoogteSokkel' van de Klasse ""Sokkel"" succesvol aangepast."
1.1.0-RC3;14/04/2021;CT000128;PRB0040692;Software-Hardware;https://wegenenverkeer-test.data.vlaanderen.be/doc/implementatiemodel/software-hardware;Netwerkpoort;https://wegenenverkeer-test.data.vlaanderen.be/ns/onderdeel#Netwerkpoort;Hardware;
1.1.0-RC3;14/04/2021;CT000117;PRB0040850;Tunnelevacuatie;https://wegenenverkeer-test.data.vlaanderen.be/doc/implementatiemodel/tunnelevacuatie;Vluchtdeur;https://wegenenverkeer-test.data.vlaanderen.be/ns/onderdeel#Vluchtdeur;;"De nieuwe abstracte ""BevestigingGC"" werd toegevoegd. Er werd een bevestigingsrelatie toegevoegd naar de abstracte ""Geluidsschermelement"".  Volgende onderdelen kregen een overervingsrelatie van ""BevestigingGC"": ""Pictogram"", ""Bevestigingsbeugel"", ""Zonnepaneel"", ""Referentiepunt"" en ""Vluchtdeur""."
1.1.0-RC3;14/04/2021;CT000117;PRB0040850;Tunnelevacuatie;https://wegenenverkeer-test.data.vlaanderen.be/doc/implementatiemodel/tunnelevacuatie;Pictogram;https://wegenenverkeer-test.data.vlaanderen.be/ns/onderdeel#Pictogram;;"De nieuwe abstracte ""BevestigingGC"" werd toegevoegd. Er werd een bevestigingsrelatie toegevoegd naar de abstracte ""Geluidsschermelement"".  Volgende onderdelen kregen een overervingsrelatie van ""BevestigingGC"": ""Pictogram"", ""Bevestigingsbeugel"", ""Zonnepaneel"", ""Referentiepunt"" en ""Vluchtdeur""."
1.1.0-RC3;14/04/2021;CT000092;PRB0040658;Vegetatie;https://wegenenverkeer-test.data.vlaanderen.be/doc/implementatiemodel/vegetatie;Boom;https://wegenenverkeer-test.data.vlaanderen.be/ns/onderdeel#Boom;"ProefNaderOnderzoekTomograaf;ProefVerderOnderzoekTrekproef;ProefBoomtoestand;BeheerBoomvorm;Boombrug";"De klassenaam van het onderdeel ""Opgaande boom"" werd gewijzigd naar ""Boom""."
1.1.0-RC3;14/04/2021;CT000092;PRB0040658;Vegetatie;https://wegenenverkeer-test.data.vlaanderen.be/doc/implementatiemodel/vegetatie;OpgaandeBoom;https://wegenenverkeer.data.vlaanderen.be/ns/onderdeel#OpgaandeBoom;"ProefNaderOnderzoekTomograaf;ProefVerderOnderzoekTrekproef;ProefBoomtoestand;BeheerBoomvorm;Boombrug";"De klassenaam van het onderdeel ""Opgaande boom"" werd gewijzigd naar ""Boom""."
1.1.0-RC3;14/04/2021;CT000094;PRB0040666;Vegetatie;https://wegenenverkeer-test.data.vlaanderen.be/doc/implementatiemodel/vegetatie;OpgaandeHoutigeVegetatie;https://wegenenverkeer-test.data.vlaanderen.be/ns/onderdeel#OpgaandeHoutigeVegetatie;;"De kardinaliteiten van de attributen ""groeiplaatsverbetering"", ""boomspiegel"" en ""type"" werden verhoogd van 1 naar 1..* op de respectievelijke onderdelen ""Opgaande houtige vegetatie"", ""Opgaande boom"" en ""Sierbeplanting""."
1.1.0-RC3;14/04/2021;CT000094;PRB0040666;Vegetatie;https://wegenenverkeer-test.data.vlaanderen.be/doc/implementatiemodel/vegetatie;Sierbeplanting;https://wegenenverkeer-test.data.vlaanderen.be/ns/onderdeel#Sierbeplanting;;"De kardinaliteiten van de attributen ""groeiplaatsverbetering"", ""boomspiegel"" en ""type"" werden verhoogd van 1 naar 1..* op de respectievelijke onderdelen ""Opgaande houtige vegetatie"", ""Opgaande boom"" en ""Sierbeplanting""."
1.1.0-RC3;14/04/2021;CT000094;PRB0040666;Vegetatie;https://wegenenverkeer-test.data.vlaanderen.be/doc/implementatiemodel/vegetatie;Boom;https://wegenenverkeer-test.data.vlaanderen.be/ns/onderdeel#Boom;;"De kardinaliteiten van de attributen ""groeiplaatsverbetering"", ""boomspiegel"" en ""type"" werden verhoogd van 1 naar 1..* op de respectievelijke onderdelen ""Opgaande houtige vegetatie"", ""Opgaande boom"" en ""Sierbeplanting""."
1.1.0-RC3;14/04/2021;CT000121;PRB0040853;Vegetatie;https://wegenenverkeer-test.data.vlaanderen.be/doc/implementatiemodel/vegetatie;VegetatieElement;https://wegenenverkeer-test.data.vlaanderen.be/ns/abstracten#VegetatieElement;Geluidsschermelement;"Een bevestigingsrelatie werd toegevoegd tussen ""VegetatieElement"" en ""Geluidsschermelement""."
1.1.0-RC3;14/04/2021;CT000101;PRB0040777;Ventilatie;https://wegenenverkeer-test.data.vlaanderen.be/doc/implementatiemodel/ventilatie;Ventilatie;https://wegenenverkeer-test.data.vlaanderen.be/ns/abstracten#Ventilatie;"Ventilator;Overdrukventilator";"1) Nieuw datatype 'KwantWrdInKubiekeMeterPerSeconde' is toegevoegd en 2) Attribuut 'maximaalDebiet' van ""Ventilatie"" is vervangen door 'maximaalVolumedebiet'."
1.1.0-RC3;14/04/2021;CT000117;PRB0040850;Ventilatie;https://wegenenverkeer-test.data.vlaanderen.be/doc/implementatiemodel/ventilatie;Bevestigingsbeugel;https://wegenenverkeer-test.data.vlaanderen.be/ns/onderdeel#Bevestigingsbeugel;;"De nieuwe abstracte ""BevestigingGC"" werd toegevoegd. Er werd een bevestigingsrelatie toegevoegd naar de abstracte ""Geluidsschermelement"".  Volgende onderdelen kregen een overervingsrelatie van ""BevestigingGC"": ""Pictogram"", ""Bevestigingsbeugel"", ""Zonnepaneel"", ""Referentiepunt"" en ""Vluchtdeur""."
1.1.0-RC3;14/04/2021;CT000093;PRB0040656;Verharding-wegfundering;https://wegenenverkeer-test.data.vlaanderen.be/doc/implementatiemodel/verharding-wegfundering;LaagBouwklasse;https://wegenenverkeer-test.data.vlaanderen.be/ns/abstracten#LaagBouwklasse;;"De definitie van het attribuut ""bouwklasse"" op de abstracte ""LaagBouwklasse"" werd gewijzigd naar: ""Een maat voor de verkeersbelasting over de volledige levensduur van de laag. De laag is ontworpen volgens de aangeduide bouwklasse."""
1.1.0-RC3;14/04/2021;CT000099;PRB0040805;Verharding-wegfundering;https://wegenenverkeer-test.data.vlaanderen.be/doc/implementatiemodel/verharding-wegfundering;BestratingVanGebakkenStraatsteen;https://wegenenverkeer-test.data.vlaanderen.be/ns/onderdeel#BestratingVanGebakkenStraatsteen;;"De definitie van ""BestratingVanGebakkenStraatsteen"" werd aangepast naar ""Gebakken straatstenen zijn straatstenen, in hoofdzaak vervaardigd uit klei al dan niet gemengd met leem, zand, brandstoffen of andere toeslagstoffen."""
1.1.0-RC3;14/04/2021;CT000117;PRB0040850;Verkeersregelinstallatie;https://wegenenverkeer-test.data.vlaanderen.be/doc/implementatiemodel/verkeersregelinstallatie;Bevestigingsbeugel;https://wegenenverkeer-test.data.vlaanderen.be/ns/onderdeel#Bevestigingsbeugel;;"De nieuwe abstracte ""BevestigingGC"" werd toegevoegd. Er werd een bevestigingsrelatie toegevoegd naar de abstracte ""Geluidsschermelement"".  Volgende onderdelen kregen een overervingsrelatie van ""BevestigingGC"": ""Pictogram"", ""Bevestigingsbeugel"", ""Zonnepaneel"", ""Referentiepunt"" en ""Vluchtdeur""."
1.1.0-RC3;14/04/2021;CT000128;PRB0040692;Verlichtingsinstallatie;https://wegenenverkeer-test.data.vlaanderen.be/doc/implementatiemodel/verlichtingsinstallatie;Netwerkpoort;https://wegenenverkeer-test.data.vlaanderen.be/ns/onderdeel#Netwerkpoort;Hardware;
1.1.0-RC3;14/04/2021;CT000117;PRB0040850;Zone-30;https://wegenenverkeer-test.data.vlaanderen.be/doc/implementatiemodel/zone-30;Bevestigingsbeugel;https://wegenenverkeer-test.data.vlaanderen.be/ns/onderdeel#Bevestigingsbeugel;;"De nieuwe abstracte ""BevestigingGC"" werd toegevoegd. Er werd een bevestigingsrelatie toegevoegd naar de abstracte ""Geluidsschermelement"".  Volgende onderdelen kregen een overervingsrelatie van ""BevestigingGC"": ""Pictogram"", ""Bevestigingsbeugel"", ""Zonnepaneel"", ""Referentiepunt"" en ""Vluchtdeur""."
