RELEASENOTES;;;;;;;;;
OTL VERSIE;DATUM GEPUBLICEERD;CHANGE TICKET NR;PROBLEEM NR;IMPLEMENTATIEMODEL;IMPLEMENTATIEMODEL URL;PRIMAIRE OTL KLASSE;PRIMAIRE OTL KLASSE URL;SECUNDAIRE OTL KLASSE;OPLOSSING
2.3.0-RC2;17/03/2022;CT000227;PRB0041072;AIM-Object;https://wegenenverkeer-test.data.vlaanderen.be/doc/implementatiemodel/aim-object;Derdenobject;https://wegenenverkeer-test.data.vlaanderen.be/ns/implementatieelement#Derdenobject;;Aanvakelijk gaf Derdenobject een probleem bij commit: geen relatie tot AIMObject. Derdenobject vormt een uitzondering. Davy heeft dit verholpen waardoor deze probleemmelding niet meer verschijnt.
2.3.0-RC2;17/03/2022;CT000242;PRB0041061;ANPR-Trajectcontrole;https://wegenenverkeer-test.data.vlaanderen.be/doc/implementatiemodel/anpr-trajectcontrole;Camera;https://wegenenverkeer-test.data.vlaanderen.be/ns/onderdeel#Camera;Draagconstructie;Toevoeging van een bevestigingsrelatie tussen Camera en Draagconstructie, waarbij dus de Bevestigingsbeugel wordt overgeslagen.
2.3.0-RC2;17/03/2022;CT000228;PRB0041053;ANPR-Trajectcontrole;https://wegenenverkeer-test.data.vlaanderen.be/doc/implementatiemodel/anpr-trajectcontrole;ANPRCamera;https://wegenenverkeer-test.data.vlaanderen.be/ns/onderdeel#ANPRCamera;;Het attribuut opstelhoogte (in meter) is toegevoegd aan de het onderdeel ANPR-camera. 
2.3.0-RC2;17/03/2022;CT000239;PRB0041077;ANPR-Trajectcontrole;https://wegenenverkeer-test.data.vlaanderen.be/doc/implementatiemodel/anpr-trajectcontrole;Netwerkelement;https://wegenenverkeer-test.data.vlaanderen.be/ns/onderdeel#Netwerkelement;;Definitie werd uitgebreid met 'backbone' en 'IP-netwerk'.
2.3.0-RC2;17/03/2022;CT000244;PRB0041082;ANPR-Trajectcontrole;https://wegenenverkeer-test.data.vlaanderen.be/doc/implementatiemodel/anpr-trajectcontrole;ANPRCamera;https://wegenenverkeer-test.data.vlaanderen.be/ns/onderdeel#ANPRCamera;Draagconstructie;Een bevestigingsrelatie werd toegevoegd tussen ANPRCamera en abstracte Draagconstructie zodat een directe bevestiging aan een draagconstructie zonder bevestigingsbeugel mogelijk is.
2.3.0-RC2;17/03/2022;CT000230;PRB0041062;ANPR-Trajectcontrole;https://wegenenverkeer-test.data.vlaanderen.be/doc/implementatiemodel/anpr-trajectcontrole;Camera;https://wegenenverkeer-test.data.vlaanderen.be/ns/onderdeel#Camera;;Deprecatie: Attribuut Camera.heeftSpitsstrook, Aanmaken: Attribuut Camera.servicePrioriteit, Aanmaken: Keuzelijst KlServicePrioriteit
2.3.0-RC2;17/03/2022;CT000243;PRB0041063;ANPR-Trajectcontrole;https://wegenenverkeer-test.data.vlaanderen.be/doc/implementatiemodel/anpr-trajectcontrole;Camera;https://wegenenverkeer-test.data.vlaanderen.be/ns/onderdeel#Camera;;De attributen heeftAid en configbestandAid zijn uit gebruik genomen.In hun plaats is een algemener attribuut beeldverwerkingsinstelling in de plaats gekomen dat toelaat om bijkomende en meerdere types van interne beeldverwerking van dezelfde camera toe te voegen, bv. ook ADR-detectie.
2.3.0-RC2;17/03/2022;CT000243;PRB0041063;ANPR-Trajectcontrole;https://wegenenverkeer-test.data.vlaanderen.be/doc/implementatiemodel/anpr-trajectcontrole;DtcCameraBeeldverwerking;https://wegenenverkeer-test.data.vlaanderen.be/doc/implementatiemodel/complexe-datatypes/DtcCameraBeeldverwerking;;De attributen heeftAid en configbestandAid zijn uit gebruik genomen.In hun plaats is een algemener attribuut beeldverwerkingsinstelling in de plaats gekomen dat toelaat om bijkomende en meerdere types van interne beeldverwerking van dezelfde camera toe te voegen, bv. ook ADR-detectie.
2.3.0-RC2;17/03/2022;CT000240;PRB0041078;Brandleiding;https://wegenenverkeer-test.data.vlaanderen.be/doc/implementatiemodel/brandleiding;Buis;https://wegenenverkeer-test.data.vlaanderen.be/ns/abstracten#Buis;;Er is een Omhult-relatie toegevoegd aan Buis (https://wegenenverkeer.data.vlaanderen.be/ns/abstracten#Buis) met zichzelf.
2.3.0-RC2;17/03/2022;CT000242;PRB0041061;Camerainstallatie;https://wegenenverkeer-test.data.vlaanderen.be/doc/implementatiemodel/camerainstallatie;Camera;https://wegenenverkeer-test.data.vlaanderen.be/ns/onderdeel#Camera;Draagconstructie;Toevoeging van een bevestigingsrelatie tussen Camera en Draagconstructie, waarbij dus de Bevestigingsbeugel wordt overgeslagen.
2.3.0-RC2;17/03/2022;CT000239;PRB0041077;Camerainstallatie;https://wegenenverkeer-test.data.vlaanderen.be/doc/implementatiemodel/camerainstallatie;Netwerkelement;https://wegenenverkeer-test.data.vlaanderen.be/ns/onderdeel#Netwerkelement;;Definitie werd uitgebreid met 'backbone' en 'IP-netwerk'.
2.3.0-RC2;17/03/2022;CT000230;PRB0041062;Camerainstallatie;https://wegenenverkeer-test.data.vlaanderen.be/doc/implementatiemodel/camerainstallatie;Camera;https://wegenenverkeer-test.data.vlaanderen.be/ns/onderdeel#Camera;;Deprecatie: Attribuut Camera.heeftSpitsstrook, Aanmaken: Attribuut Camera.servicePrioriteit, Aanmaken: Keuzelijst KlServicePrioriteit
2.3.0-RC2;17/03/2022;CT000243;PRB0041063;Camerainstallatie;https://wegenenverkeer-test.data.vlaanderen.be/doc/implementatiemodel/camerainstallatie;Camera;https://wegenenverkeer-test.data.vlaanderen.be/ns/onderdeel#Camera;;De attributen heeftAid en configbestandAid zijn uit gebruik genomen.In hun plaats is een algemener attribuut beeldverwerkingsinstelling in de plaats gekomen dat toelaat om bijkomende en meerdere types van interne beeldverwerking van dezelfde camera toe te voegen, bv. ook ADR-detectie.
2.3.0-RC2;17/03/2022;CT000243;PRB0041063;Camerainstallatie;https://wegenenverkeer-test.data.vlaanderen.be/doc/implementatiemodel/camerainstallatie;DtcCameraBeeldverwerking;https://wegenenverkeer-test.data.vlaanderen.be/doc/implementatiemodel/complexe-datatypes/DtcCameraBeeldverwerking;;De attributen heeftAid en configbestandAid zijn uit gebruik genomen.In hun plaats is een algemener attribuut beeldverwerkingsinstelling in de plaats gekomen dat toelaat om bijkomende en meerdere types van interne beeldverwerking van dezelfde camera toe te voegen, bv. ook ADR-detectie.
2.3.0-RC2;17/03/2022;CT000238;PRB0041058;Draagconstructies;https://wegenenverkeer-test.data.vlaanderen.be/doc/implementatiemodel/draagconstructies;EMDraagconstructie;https://wegenenverkeer-test.data.vlaanderen.be/ns/abstracten#EMDraagconstructie;;Definitie werd uitgebreid met 'mast'.
2.3.0-RC2;17/03/2022;CT000239;PRB0041077;Dynamische-borden;https://wegenenverkeer-test.data.vlaanderen.be/doc/implementatiemodel/dynamische-borden;Netwerkelement;https://wegenenverkeer-test.data.vlaanderen.be/ns/onderdeel#Netwerkelement;;Definitie werd uitgebreid met 'backbone' en 'IP-netwerk'.
2.3.0-RC2;17/03/2022;CT000231;PRB0041073;Elektrische-componenten;https://wegenenverkeer-test.data.vlaanderen.be/doc/implementatiemodel/elektrische-componenten;Cabine;https://wegenenverkeer-test.data.vlaanderen.be/ns/onderdeel#Cabine;;Usage note aangepast voor Cabine.kelderdiepte
2.3.0-RC2;17/03/2022;CT000241;PRB0041074;Inbreuken-zwaar-vervoer;https://wegenenverkeer-test.data.vlaanderen.be/doc/implementatiemodel/inbreuken-zwaar-vervoer;Neerslagsensor;https://wegenenverkeer-test.data.vlaanderen.be/ns/onderdeel#Neerslagsensor;;Attributen IP-adres en DNS-naam toegevoegd aan neerslagsensor.
2.3.0-RC2;17/03/2022;CT000242;PRB0041061;Inbreuken-zwaar-vervoer;https://wegenenverkeer-test.data.vlaanderen.be/doc/implementatiemodel/inbreuken-zwaar-vervoer;Camera;https://wegenenverkeer-test.data.vlaanderen.be/ns/onderdeel#Camera;Draagconstructie;Toevoeging van een bevestigingsrelatie tussen Camera en Draagconstructie, waarbij dus de Bevestigingsbeugel wordt overgeslagen.
2.3.0-RC2;17/03/2022;CT000228;PRB0041053;Inbreuken-zwaar-vervoer;https://wegenenverkeer-test.data.vlaanderen.be/doc/implementatiemodel/inbreuken-zwaar-vervoer;ANPRCamera;https://wegenenverkeer-test.data.vlaanderen.be/ns/onderdeel#ANPRCamera;;Het attribuut opstelhoogte (in meter) is toegevoegd aan de het onderdeel ANPR-camera. 
2.3.0-RC2;17/03/2022;CT000229;PRB0041021;Inbreuken-zwaar-vervoer;https://wegenenverkeer-test.data.vlaanderen.be/doc/implementatiemodel/inbreuken-zwaar-vervoer;TechnischePut;https://wegenenverkeer-test.data.vlaanderen.be/ns/onderdeel#TechnischePut;;Toevoeging attribuut 'materiaal' aan klasse 'TechnischePut'.
2.3.0-RC2;17/03/2022;CT000239;PRB0041077;Inbreuken-zwaar-vervoer;https://wegenenverkeer-test.data.vlaanderen.be/doc/implementatiemodel/inbreuken-zwaar-vervoer;Netwerkelement;https://wegenenverkeer-test.data.vlaanderen.be/ns/onderdeel#Netwerkelement;;Definitie werd uitgebreid met 'backbone' en 'IP-netwerk'.
2.3.0-RC2;17/03/2022;CT000244;PRB0041082;Inbreuken-zwaar-vervoer;https://wegenenverkeer-test.data.vlaanderen.be/doc/implementatiemodel/inbreuken-zwaar-vervoer;ANPRCamera;https://wegenenverkeer-test.data.vlaanderen.be/ns/onderdeel#ANPRCamera;Draagconstructie;Een bevestigingsrelatie werd toegevoegd tussen ANPRCamera en abstracte Draagconstructie zodat een directe bevestiging aan een draagconstructie zonder bevestigingsbeugel mogelijk is.
2.3.0-RC2;17/03/2022;CT000230;PRB0041062;Inbreuken-zwaar-vervoer;https://wegenenverkeer-test.data.vlaanderen.be/doc/implementatiemodel/inbreuken-zwaar-vervoer;Camera;https://wegenenverkeer-test.data.vlaanderen.be/ns/onderdeel#Camera;;Deprecatie: Attribuut Camera.heeftSpitsstrook, Aanmaken: Attribuut Camera.servicePrioriteit, Aanmaken: Keuzelijst KlServicePrioriteit
2.3.0-RC2;17/03/2022;CT000243;PRB0041063;Inbreuken-zwaar-vervoer;https://wegenenverkeer-test.data.vlaanderen.be/doc/implementatiemodel/inbreuken-zwaar-vervoer;Camera;https://wegenenverkeer-test.data.vlaanderen.be/ns/onderdeel#Camera;;De attributen heeftAid en configbestandAid zijn uit gebruik genomen.In hun plaats is een algemener attribuut beeldverwerkingsinstelling in de plaats gekomen dat toelaat om bijkomende en meerdere types van interne beeldverwerking van dezelfde camera toe te voegen, bv. ook ADR-detectie.
2.3.0-RC2;17/03/2022;CT000243;PRB0041063;Inbreuken-zwaar-vervoer;https://wegenenverkeer-test.data.vlaanderen.be/doc/implementatiemodel/inbreuken-zwaar-vervoer;DtcCameraBeeldverwerking;https://wegenenverkeer-test.data.vlaanderen.be/doc/implementatiemodel/complexe-datatypes/DtcCameraBeeldverwerking;;De attributen heeftAid en configbestandAid zijn uit gebruik genomen.In hun plaats is een algemener attribuut beeldverwerkingsinstelling in de plaats gekomen dat toelaat om bijkomende en meerdere types van interne beeldverwerking van dezelfde camera toe te voegen, bv. ook ADR-detectie.
2.3.0-RC2;17/03/2022;CT000239;PRB0041077;IP-Netwerk;https://wegenenverkeer-test.data.vlaanderen.be/doc/implementatiemodel/ip-netwerk;Netwerkelement;https://wegenenverkeer-test.data.vlaanderen.be/ns/onderdeel#Netwerkelement;;Definitie werd uitgebreid met 'backbone' en 'IP-netwerk'.
2.3.0-RC2;17/03/2022;CT000229;PRB0041021;Kasten-Cabines-Behuizing;https://wegenenverkeer-test.data.vlaanderen.be/doc/implementatiemodel/kasten-cabines-behuizing;TechnischePut;https://wegenenverkeer-test.data.vlaanderen.be/ns/onderdeel#TechnischePut;;Toevoeging attribuut 'materiaal' aan klasse 'TechnischePut'.
2.3.0-RC2;17/03/2022;CT000231;PRB0041073;Kasten-Cabines-Behuizing;https://wegenenverkeer-test.data.vlaanderen.be/doc/implementatiemodel/kasten-cabines-behuizing;Cabine;https://wegenenverkeer-test.data.vlaanderen.be/ns/onderdeel#Cabine;;Usage note aangepast voor Cabine.kelderdiepte
2.3.0-RC2;17/03/2022;CT000232;PRB0041041;Lijnvormige-elementen;https://wegenenverkeer-test.data.vlaanderen.be/doc/implementatiemodel/lijnvormige-elementen;Kantopsluiting;https://wegenenverkeer-test.data.vlaanderen.be/ns/abstracten#Kantopsluiting;;Overerving van LijnvormigElement zichtbaar gemaakt bij Kantopsluiting, op model Signalisatie.
2.3.0-RC2;17/03/2022;CT000229;PRB0041021;Meten-in-Vlaanderen;https://wegenenverkeer-test.data.vlaanderen.be/doc/implementatiemodel/meten-in-vlaanderen;TechnischePut;https://wegenenverkeer-test.data.vlaanderen.be/ns/onderdeel#TechnischePut;;Toevoeging attribuut 'materiaal' aan klasse 'TechnischePut'.
2.3.0-RC2;17/03/2022;CT000239;PRB0041077;Meten-in-Vlaanderen;https://wegenenverkeer-test.data.vlaanderen.be/doc/implementatiemodel/meten-in-vlaanderen;Netwerkelement;https://wegenenverkeer-test.data.vlaanderen.be/ns/onderdeel#Netwerkelement;;Definitie werd uitgebreid met 'backbone' en 'IP-netwerk'.
2.3.0-RC2;17/03/2022;CT000227;PRB0041072;Optisch-Transport-Netwerk;https://wegenenverkeer-test.data.vlaanderen.be/doc/implementatiemodel/optisch-transport-netwerk;Derdenobject;https://wegenenverkeer-test.data.vlaanderen.be/ns/implementatieelement#Derdenobject;;Aanvakelijk gaf Derdenobject een probleem bij commit: geen relatie tot AIMObject. Derdenobject vormt een uitzondering. Davy heeft dit verholpen waardoor deze probleemmelding niet meer verschijnt.
2.3.0-RC2;17/03/2022;CT000239;PRB0041077;Optisch-Transport-Netwerk;https://wegenenverkeer-test.data.vlaanderen.be/doc/implementatiemodel/optisch-transport-netwerk;Netwerkelement;https://wegenenverkeer-test.data.vlaanderen.be/ns/onderdeel#Netwerkelement;;Definitie werd uitgebreid met 'backbone' en 'IP-netwerk'.
2.3.0-RC2;17/03/2022;CT000240;PRB0041078;Proeven-metingen;https://wegenenverkeer-test.data.vlaanderen.be/doc/implementatiemodel/proeven-metingen;Buis;https://wegenenverkeer-test.data.vlaanderen.be/ns/abstracten#Buis;;Er is een Omhult-relatie toegevoegd aan Buis (https://wegenenverkeer.data.vlaanderen.be/ns/abstracten#Buis) met zichzelf.
2.3.0-RC2;17/03/2022;CT000232;PRB0041041;Proeven-metingen;https://wegenenverkeer-test.data.vlaanderen.be/doc/implementatiemodel/proeven-metingen;Kantopsluiting;https://wegenenverkeer-test.data.vlaanderen.be/ns/abstracten#Kantopsluiting;;Overerving van LijnvormigElement zichtbaar gemaakt bij Kantopsluiting, op model Signalisatie.
2.3.0-RC2;17/03/2022;CT000237;PRB0041050;Relaties;https://wegenenverkeer-test.data.vlaanderen.be/doc/implementatiemodel/relaties;Omhult;https://wegenenverkeer-test.data.vlaanderen.be/ns/onderdeel#Omhult;;Definitie werd aangepast zodat de relatie geen gesloten omhulling vereist + een spelfout werd ook aangepast.
2.3.0-RC2;17/03/2022;CT000240;PRB0041078;Riolering;https://wegenenverkeer-test.data.vlaanderen.be/doc/implementatiemodel/riolering;Buis;https://wegenenverkeer-test.data.vlaanderen.be/ns/abstracten#Buis;;Er is een Omhult-relatie toegevoegd aan Buis (https://wegenenverkeer.data.vlaanderen.be/ns/abstracten#Buis) met zichzelf.
2.3.0-RC2;17/03/2022;CT000232;PRB0041041;Signalisatie;https://wegenenverkeer-test.data.vlaanderen.be/doc/implementatiemodel/signalisatie;Kantopsluiting;https://wegenenverkeer-test.data.vlaanderen.be/ns/abstracten#Kantopsluiting;;Overerving van LijnvormigElement zichtbaar gemaakt bij Kantopsluiting, op model Signalisatie.
2.3.0-RC2;17/03/2022;CT000239;PRB0041077;Software-Hardware;https://wegenenverkeer-test.data.vlaanderen.be/doc/implementatiemodel/software-hardware;Netwerkelement;https://wegenenverkeer-test.data.vlaanderen.be/ns/onderdeel#Netwerkelement;;Definitie werd uitgebreid met 'backbone' en 'IP-netwerk'.
2.3.0-RC2;17/03/2022;CT000236;PRB0041070;Verlichtingsinstallatie;https://wegenenverkeer-test.data.vlaanderen.be/doc/implementatiemodel/verlichtingsinstallatie;VerlichtingstoestelNaHP;https://wegenenverkeer-test.data.vlaanderen.be/ns/onderdeel#VerlichtingstoestelNaHP;;Attribuut armatuurkleur (RAL kleur) is uit gebruik genomen en vervangen door kleurArmatuur met een keuzelijst.
2.3.0-RC2;17/03/2022;CT000238;PRB0041058;Verlichtingsinstallatie;https://wegenenverkeer-test.data.vlaanderen.be/doc/implementatiemodel/verlichtingsinstallatie;EMDraagconstructie;https://wegenenverkeer-test.data.vlaanderen.be/ns/abstracten#EMDraagconstructie;;Definitie werd uitgebreid met 'mast'.
2.3.0-RC2;17/03/2022;CT000239;PRB0041077;Verlichtingsinstallatie;https://wegenenverkeer-test.data.vlaanderen.be/doc/implementatiemodel/verlichtingsinstallatie;Netwerkelement;https://wegenenverkeer-test.data.vlaanderen.be/ns/onderdeel#Netwerkelement;;Definitie werd uitgebreid met 'backbone' en 'IP-netwerk'.
2.3.0-RC2;17/03/2022;CT000234;PRB0041055;Verlichtingsinstallatie;https://wegenenverkeer-test.data.vlaanderen.be/doc/implementatiemodel/verlichtingsinstallatie;VerlichtingstoestelLED;https://wegenenverkeer-test.data.vlaanderen.be/ns/onderdeel#VerlichtingstoestelLED;;Schrijffouten in definities zijn aangepast. Attribuut armatuurkleur (RAL kleur) is uit gebruik genomen en vervangen door kleurArmatuur met een keuzelijst.
2.3.0-RC2;17/03/2022;CT000235;PRB0041057;Verlichtingsinstallatie;https://wegenenverkeer-test.data.vlaanderen.be/doc/implementatiemodel/verlichtingsinstallatie;LEDDriver;https://wegenenverkeer-test.data.vlaanderen.be/ns/onderdeel#LEDDriver;;Lichtbron' werd toegevoegd in definitie van attribuut maximaalVermogen.
2.3.0-RC2;17/03/2022;CT000233;PRB0041054;Verlichtingsinstallatie;https://wegenenverkeer-test.data.vlaanderen.be/doc/implementatiemodel/verlichtingsinstallatie;Verlichtingstoestel;https://wegenenverkeer-test.data.vlaanderen.be/ns/abstracten#Verlichtingstoestel;;Schrijffout is verbeterd in label van heeftAansluitkastGeintegreerd.
