RELEASENOTES;;;;;;;;;
OTL VERSIE;DATUM GEPUBLICEERD;CHANGE TICKET NR;PROBLEEM NR;IMPLEMENTATIEMODEL;IMPLEMENTATIEMODEL URL;PRIMAIRE OTL KLASSE;PRIMAIRE OTL KLASSE URL;SECUNDAIRE OTL KLASSE;OPLOSSING
1.1.0-RC3;14/04/2021;CT000020;PRB0040597;AIM-Object;https://wegenenverkeer-test.data.vlaanderen.be/doc/implementatiemodel/aim-object;AIMNaamObject;https://wegenenverkeer-test.data.vlaanderen.be/ns/implementatieelement#AIMNaamObject;;"FOV toegevoegd aan camera's als extra onderdeel + bevestiging-relatie naar Camera en ANPR-camera (naar analogie met VirtueleDetectieZone in VRI).
Bijhorend 2D-polygoon wordt na publicatie toegevoegd aan geometrie artefact."
1.1.0-RC3;14/04/2021;CT000060;PRB0040651;AIM-Object;https://wegenenverkeer-test.data.vlaanderen.be/doc/implementatiemodel/aim-object;AIMObject;https://wegenenverkeer-test.data.vlaanderen.be/ns/implementatieelement#AIMObject;;"AIMObject uitgebreid met het attribuut theoretischeLevensduur:  drukt in aantal maanden de levensduur die theoretisch mag verwacht worden voor een object.
Datatype KwantWrdInMaand toegevoegd om een duur uitgedrukt in aantal maanden te specificeren."
1.1.0-RC3;14/04/2021;CT000020;PRB0040597;ANPR-Trajectcontrole;https://wegenenverkeer-test.data.vlaanderen.be/doc/implementatiemodel/anpr-trajectcontrole;Camera;https://wegenenverkeer-test.data.vlaanderen.be/ns/onderdeel#Camera;;"FOV toegevoegd aan camera's als extra onderdeel + bevestiging-relatie naar Camera en ANPR-camera (naar analogie met VirtueleDetectieZone in VRI).
Bijhorend 2D-polygoon wordt na publicatie toegevoegd aan geometrie artefact."
1.1.0-RC3;14/04/2021;CT000020;PRB0040597;ANPR-Trajectcontrole;https://wegenenverkeer-test.data.vlaanderen.be/doc/implementatiemodel/anpr-trajectcontrole;ANPRCamera;https://wegenenverkeer-test.data.vlaanderen.be/ns/onderdeel#ANPRCamera;;"FOV toegevoegd aan camera's als extra onderdeel + bevestiging-relatie naar Camera en ANPR-camera (naar analogie met VirtueleDetectieZone in VRI).
Bijhorend 2D-polygoon wordt na publicatie toegevoegd aan geometrie artefact."
1.1.0-RC3;14/04/2021;CT000020;PRB0040597;ANPR-Trajectcontrole;https://wegenenverkeer-test.data.vlaanderen.be/doc/implementatiemodel/anpr-trajectcontrole;FieldOfView;https://wegenenverkeer-test.data.vlaanderen.be/ns/onderdeel#FieldOfView;;"FOV toegevoegd aan camera's als extra onderdeel + bevestiging-relatie naar Camera en ANPR-camera (naar analogie met VirtueleDetectieZone in VRI).
Bijhorend 2D-polygoon wordt na publicatie toegevoegd aan geometrie artefact."
1.1.0-RC3;14/04/2021;CT000027;PRB0040478;ANPR-Trajectcontrole;https://wegenenverkeer-test.data.vlaanderen.be/doc/implementatiemodel/anpr-trajectcontrole;Stroomkring;https://wegenenverkeer-test.data.vlaanderen.be/ns/onderdeel#Stroomkring;;Punt toegevoegd op het einde van de definitie van Stroomkring en het attribuut stroomkringnummer zonder de betekenis te wijzigen.
1.1.0-RC3;14/04/2021;CT000031;PRB0040480;ANPR-Trajectcontrole;https://wegenenverkeer-test.data.vlaanderen.be/doc/implementatiemodel/anpr-trajectcontrole;Laagspanningsbord;https://wegenenverkeer-test.data.vlaanderen.be/ns/onderdeel#Laagspanningsbord;;Kleine spelfouten gecorrigeerd in de definities van diverse attributen zonder betekeniswijziging voor de klassen UPS, IpPowerSwitch en Laagspanningsbord.
1.1.0-RC3;14/04/2021;CT000031;PRB0040480;ANPR-Trajectcontrole;https://wegenenverkeer-test.data.vlaanderen.be/doc/implementatiemodel/anpr-trajectcontrole;UPS;https://wegenenverkeer-test.data.vlaanderen.be/ns/onderdeel#UPS;;Kleine spelfouten gecorrigeerd in de definities van diverse attributen zonder betekeniswijziging voor de klassen UPS, IpPowerSwitch en Laagspanningsbord.
1.1.0-RC3;14/04/2021;CT000031;PRB0040480;ANPR-Trajectcontrole;https://wegenenverkeer-test.data.vlaanderen.be/doc/implementatiemodel/anpr-trajectcontrole;IpPowerSwitch;https://wegenenverkeer-test.data.vlaanderen.be/ns/onderdeel#IpPowerSwitch;;Kleine spelfouten gecorrigeerd in de definities van diverse attributen zonder betekeniswijziging voor de klassen UPS, IpPowerSwitch en Laagspanningsbord.
1.1.0-RC3;14/04/2021;CT000034;PRB0040484;ANPR-Trajectcontrole;https://wegenenverkeer-test.data.vlaanderen.be/doc/implementatiemodel/anpr-trajectcontrole;Netwerkpoort;https://wegenenverkeer-test.data.vlaanderen.be/ns/onderdeel#Netwerkpoort;;De leesbaarheid van de definitie verbeterd zonder betekenis ervan te wijzigen.
1.1.0-RC3;14/04/2021;CT000028;PRB0040482;ANPR-Trajectcontrole;https://wegenenverkeer-test.data.vlaanderen.be/doc/implementatiemodel/anpr-trajectcontrole;ANPRCamera;https://wegenenverkeer-test.data.vlaanderen.be/ns/onderdeel#ANPRCamera;;"De definitie van het attribuut  technischeFiche van ANPR Camera laten beginnen met een hoofdletter en afgesloten met een punt zonder wijzigingen aan de betekenis.
De definitie van het attribuut heeftFlits van ANPR Camera aangepast conform geldende richtlijnen zonder de betekenis ervan te wijzigen."
1.1.0-RC3;14/04/2021;CT000027;PRB0040478;Brandleiding;https://wegenenverkeer-test.data.vlaanderen.be/doc/implementatiemodel/brandleiding;Stroomkring;https://wegenenverkeer-test.data.vlaanderen.be/ns/onderdeel#Stroomkring;;Punt toegevoegd op het einde van de definitie van Stroomkring en het attribuut stroomkringnummer zonder de betekenis te wijzigen.
1.1.0-RC3;14/04/2021;CT000020;PRB0040597;Camerainstallatie;https://wegenenverkeer-test.data.vlaanderen.be/doc/implementatiemodel/camerainstallatie;Camera;https://wegenenverkeer-test.data.vlaanderen.be/ns/onderdeel#Camera;;"FOV toegevoegd aan camera's als extra onderdeel + bevestiging-relatie naar Camera en ANPR-camera (naar analogie met VirtueleDetectieZone in VRI).
Bijhorend 2D-polygoon wordt na publicatie toegevoegd aan geometrie artefact."
1.1.0-RC3;14/04/2021;CT000020;PRB0040597;Camerainstallatie;https://wegenenverkeer-test.data.vlaanderen.be/doc/implementatiemodel/camerainstallatie;FieldOfView;https://wegenenverkeer-test.data.vlaanderen.be/ns/onderdeel#FieldOfView;;"FOV toegevoegd aan camera's als extra onderdeel + bevestiging-relatie naar Camera en ANPR-camera (naar analogie met VirtueleDetectieZone in VRI).
Bijhorend 2D-polygoon wordt na publicatie toegevoegd aan geometrie artefact."
1.1.0-RC3;14/04/2021;CT000027;PRB0040478;Camerainstallatie;https://wegenenverkeer-test.data.vlaanderen.be/doc/implementatiemodel/camerainstallatie;Stroomkring;https://wegenenverkeer-test.data.vlaanderen.be/ns/onderdeel#Stroomkring;;Punt toegevoegd op het einde van de definitie van Stroomkring en het attribuut stroomkringnummer zonder de betekenis te wijzigen.
1.1.0-RC3;14/04/2021;CT000034;PRB0040484;Camerainstallatie;https://wegenenverkeer-test.data.vlaanderen.be/doc/implementatiemodel/camerainstallatie;Netwerkpoort;https://wegenenverkeer-test.data.vlaanderen.be/ns/onderdeel#Netwerkpoort;;De leesbaarheid van de definitie verbeterd zonder betekenis ervan te wijzigen.
1.1.0-RC3;14/04/2021;CT000033;PRB0040485;Draagconstructies;https://wegenenverkeer-test.data.vlaanderen.be/doc/implementatiemodel/draagconstructies;Seinbrug;https://wegenenverkeer-test.data.vlaanderen.be/ns/onderdeel#Seinbrug;;"Definitie van het attribuut ""type""van Seinbrug verbeterd zonder de betekenis ervan te wijzigen en punt (leesteken) toegevoegd op het einde."
1.1.0-RC3;14/04/2021;CT000067;PRB0040697;Draagconstructies;https://wegenenverkeer-test.data.vlaanderen.be/doc/implementatiemodel/draagconstructies;Sokkel;https://wegenenverkeer-test.data.vlaanderen.be/ns/onderdeel#Sokkel;AIMNaamObject;"""Generalisatie"" relatie toegevoegd tussen ""Sokkel"" en ""AIMNaamObject""."
1.1.0-RC3;14/04/2021;CT000057;PRB0040603;Draagconstructies;https://wegenenverkeer-test.data.vlaanderen.be/doc/implementatiemodel/draagconstructies;RetroReflecterendeKoker;https://wegenenverkeer-test.data.vlaanderen.be/ns/onderdeel#RetroReflecterendeKoker;;Retroreflecterende koker is op het diagram van Signalisatie geplaatst.
1.1.0-RC3;14/04/2021;CT000059;PRB0040687;Draagconstructies;https://wegenenverkeer-test.data.vlaanderen.be/doc/implementatiemodel/draagconstructies;BekledingComponent;https://wegenenverkeer-test.data.vlaanderen.be/ns/abstracten#BekledingComponent;"ProefWerkingsbreedteMVP;ProefWerkingsbreedteGC;Funderingsmassief;Verankeringsmassief;Funderingsplaat;NaampadObject;BegroeidVoorkomen;Betonfundering";Toevoeging/consolideren van een generalisatie relatie van Verkeersregelinstallatie, BekledingComponent, Fundering, Wegverlichtingsinstallatie naar AIMObject. Toevoeging/consolideren van een generalisatie relatie van Sierbeplanting naar BegroeidVoorkomen. Toevoeging/consolideren van een associatie relatie van Sierbeplanting naar BeheerSierbeplanting, van Geleidingsverlichting naar BekledingComponent, van ProefWerkingsbreedteGC naar Geleideconstructie, van ProefWerkingsbreedteMVP naar Motorvangplank.
1.1.0-RC3;14/04/2021;CT000059;PRB0040687;Draagconstructies;https://wegenenverkeer-test.data.vlaanderen.be/doc/implementatiemodel/draagconstructies;Fundering;https://wegenenverkeer-test.data.vlaanderen.be/ns/abstracten#Fundering;"ProefWerkingsbreedteMVP;ProefWerkingsbreedteGC;Funderingsmassief;Verankeringsmassief;Funderingsplaat;NaampadObject;BegroeidVoorkomen;Betonfundering";Toevoeging/consolideren van een generalisatie relatie van Verkeersregelinstallatie, BekledingComponent, Fundering, Wegverlichtingsinstallatie naar AIMObject. Toevoeging/consolideren van een generalisatie relatie van Sierbeplanting naar BegroeidVoorkomen. Toevoeging/consolideren van een associatie relatie van Sierbeplanting naar BeheerSierbeplanting, van Geleidingsverlichting naar BekledingComponent, van ProefWerkingsbreedteGC naar Geleideconstructie, van ProefWerkingsbreedteMVP naar Motorvangplank.
1.1.0-RC3;14/04/2021;CT000027;PRB0040478;Dynamische-borden;https://wegenenverkeer-test.data.vlaanderen.be/doc/implementatiemodel/dynamische-borden;Stroomkring;https://wegenenverkeer-test.data.vlaanderen.be/ns/onderdeel#Stroomkring;;Punt toegevoegd op het einde van de definitie van Stroomkring en het attribuut stroomkringnummer zonder de betekenis te wijzigen.
1.1.0-RC3;14/04/2021;CT000034;PRB0040484;Dynamische-borden;https://wegenenverkeer-test.data.vlaanderen.be/doc/implementatiemodel/dynamische-borden;Netwerkpoort;https://wegenenverkeer-test.data.vlaanderen.be/ns/onderdeel#Netwerkpoort;;De leesbaarheid van de definitie verbeterd zonder betekenis ervan te wijzigen.
1.1.0-RC3;14/04/2021;CT000059;PRB0040687;Dynamische-borden;https://wegenenverkeer-test.data.vlaanderen.be/doc/implementatiemodel/dynamische-borden;BekledingComponent;https://wegenenverkeer-test.data.vlaanderen.be/ns/abstracten#BekledingComponent;"ProefWerkingsbreedteMVP;ProefWerkingsbreedteGC;Funderingsmassief;Verankeringsmassief;Funderingsplaat;NaampadObject;BegroeidVoorkomen;Betonfundering";Toevoeging/consolideren van een generalisatie relatie van Verkeersregelinstallatie, BekledingComponent, Fundering, Wegverlichtingsinstallatie naar AIMObject. Toevoeging/consolideren van een generalisatie relatie van Sierbeplanting naar BegroeidVoorkomen. Toevoeging/consolideren van een associatie relatie van Sierbeplanting naar BeheerSierbeplanting, van Geleidingsverlichting naar BekledingComponent, van ProefWerkingsbreedteGC naar Geleideconstructie, van ProefWerkingsbreedteMVP naar Motorvangplank.
1.1.0-RC3;14/04/2021;CT000033;PRB0040485;Ecologische-maatregelen;https://wegenenverkeer-test.data.vlaanderen.be/doc/implementatiemodel/ecologische-maatregelen;Seinbrug;https://wegenenverkeer-test.data.vlaanderen.be/ns/onderdeel#Seinbrug;;"Definitie van het attribuut ""type""van Seinbrug verbeterd zonder de betekenis ervan te wijzigen en punt (leesteken) toegevoegd op het einde."
1.1.0-RC3;14/04/2021;CT000060;PRB0040651;Eenvoudige-datatypes;https://wegenenverkeer-test.data.vlaanderen.be/doc/implementatiemodel/eenvoudige-datatypes;KwantWrdInMaand;https://wegenenverkeer-test.data.vlaanderen.be/ns/implementatieelement#KwantWrdInMaand;;"AIMObject uitgebreid met het attribuut theoretischeLevensduur:  drukt in aantal maanden de levensduur die theoretisch mag verwacht worden voor een object.
Datatype KwantWrdInMaand toegevoegd om een duur uitgedrukt in aantal maanden te specificeren."
1.1.0-RC3;14/04/2021;CT000027;PRB0040478;Elektrische-componenten;https://wegenenverkeer-test.data.vlaanderen.be/doc/implementatiemodel/elektrische-componenten;Stroomkring;https://wegenenverkeer-test.data.vlaanderen.be/ns/onderdeel#Stroomkring;;Punt toegevoegd op het einde van de definitie van Stroomkring en het attribuut stroomkringnummer zonder de betekenis te wijzigen.
1.1.0-RC3;14/04/2021;CT000031;PRB0040480;Elektrische-componenten;https://wegenenverkeer-test.data.vlaanderen.be/doc/implementatiemodel/elektrische-componenten;Laagspanningsbord;https://wegenenverkeer-test.data.vlaanderen.be/ns/onderdeel#Laagspanningsbord;;Kleine spelfouten gecorrigeerd in de definities van diverse attributen zonder betekeniswijziging voor de klassen UPS, IpPowerSwitch en Laagspanningsbord.
1.1.0-RC3;14/04/2021;CT000031;PRB0040480;Elektrische-componenten;https://wegenenverkeer-test.data.vlaanderen.be/doc/implementatiemodel/elektrische-componenten;UPS;https://wegenenverkeer-test.data.vlaanderen.be/ns/onderdeel#UPS;;Kleine spelfouten gecorrigeerd in de definities van diverse attributen zonder betekeniswijziging voor de klassen UPS, IpPowerSwitch en Laagspanningsbord.
1.1.0-RC3;14/04/2021;CT000032;PRB0040544;Elektrische-componenten;https://wegenenverkeer-test.data.vlaanderen.be/doc/implementatiemodel/elektrische-componenten;Energiemeter;https://wegenenverkeer-test.data.vlaanderen.be/ns/abstracten#Energiemeter;;"De definitie van het attribuut aantalTelwerken verbeterd zonder de betekenis te wijzigen: ""bij enkelvoudige meting"" gewijzigd naar ""bij enkelvoudige meter""."
1.1.0-RC3;14/04/2021;CT000027;PRB0040478;Fietstelinstallatie;https://wegenenverkeer-test.data.vlaanderen.be/doc/implementatiemodel/fietstelinstallatie;Stroomkring;https://wegenenverkeer-test.data.vlaanderen.be/ns/onderdeel#Stroomkring;;Punt toegevoegd op het einde van de definitie van Stroomkring en het attribuut stroomkringnummer zonder de betekenis te wijzigen.
1.1.0-RC3;14/04/2021;CT000059;PRB0040687;Fietstelinstallatie;https://wegenenverkeer-test.data.vlaanderen.be/doc/implementatiemodel/fietstelinstallatie;Fietstelinstallatie;https://wegenenverkeer-test.data.vlaanderen.be/ns/installatie#Fietstelinstallatie;"ProefWerkingsbreedteMVP;ProefWerkingsbreedteGC;Funderingsmassief;Verankeringsmassief;Funderingsplaat;NaampadObject;BegroeidVoorkomen;Betonfundering";Toevoeging/consolideren van een generalisatie relatie van Verkeersregelinstallatie, BekledingComponent, Fundering, Wegverlichtingsinstallatie naar AIMObject. Toevoeging/consolideren van een generalisatie relatie van Sierbeplanting naar BegroeidVoorkomen. Toevoeging/consolideren van een associatie relatie van Sierbeplanting naar BeheerSierbeplanting, van Geleidingsverlichting naar BekledingComponent, van ProefWerkingsbreedteGC naar Geleideconstructie, van ProefWerkingsbreedteMVP naar Motorvangplank.
1.1.0-RC3;14/04/2021;CT000027;PRB0040478;Hulpposten;https://wegenenverkeer-test.data.vlaanderen.be/doc/implementatiemodel/hulpposten;Stroomkring;https://wegenenverkeer-test.data.vlaanderen.be/ns/onderdeel#Stroomkring;;Punt toegevoegd op het einde van de definitie van Stroomkring en het attribuut stroomkringnummer zonder de betekenis te wijzigen.
1.1.0-RC3;14/04/2021;CT000059;PRB0040687;Hulpposten;https://wegenenverkeer-test.data.vlaanderen.be/doc/implementatiemodel/hulpposten;BekledingComponent;https://wegenenverkeer-test.data.vlaanderen.be/ns/abstracten#BekledingComponent;"ProefWerkingsbreedteMVP;ProefWerkingsbreedteGC;Funderingsmassief;Verankeringsmassief;Funderingsplaat;NaampadObject;BegroeidVoorkomen;Betonfundering";Toevoeging/consolideren van een generalisatie relatie van Verkeersregelinstallatie, BekledingComponent, Fundering, Wegverlichtingsinstallatie naar AIMObject. Toevoeging/consolideren van een generalisatie relatie van Sierbeplanting naar BegroeidVoorkomen. Toevoeging/consolideren van een associatie relatie van Sierbeplanting naar BeheerSierbeplanting, van Geleidingsverlichting naar BekledingComponent, van ProefWerkingsbreedteGC naar Geleideconstructie, van ProefWerkingsbreedteMVP naar Motorvangplank.
1.1.0-RC3;14/04/2021;CT000020;PRB0040597;Inbreuken-zwaar-vervoer;https://wegenenverkeer-test.data.vlaanderen.be/doc/implementatiemodel/inbreuken-zwaar-vervoer;Camera;https://wegenenverkeer-test.data.vlaanderen.be/ns/onderdeel#Camera;;"FOV toegevoegd aan camera's als extra onderdeel + bevestiging-relatie naar Camera en ANPR-camera (naar analogie met VirtueleDetectieZone in VRI).
Bijhorend 2D-polygoon wordt na publicatie toegevoegd aan geometrie artefact."
1.1.0-RC3;14/04/2021;CT000020;PRB0040597;Inbreuken-zwaar-vervoer;https://wegenenverkeer-test.data.vlaanderen.be/doc/implementatiemodel/inbreuken-zwaar-vervoer;ANPRCamera;https://wegenenverkeer-test.data.vlaanderen.be/ns/onderdeel#ANPRCamera;;"FOV toegevoegd aan camera's als extra onderdeel + bevestiging-relatie naar Camera en ANPR-camera (naar analogie met VirtueleDetectieZone in VRI).
Bijhorend 2D-polygoon wordt na publicatie toegevoegd aan geometrie artefact."
1.1.0-RC3;14/04/2021;CT000027;PRB0040478;Inbreuken-zwaar-vervoer;https://wegenenverkeer-test.data.vlaanderen.be/doc/implementatiemodel/inbreuken-zwaar-vervoer;Stroomkring;https://wegenenverkeer-test.data.vlaanderen.be/ns/onderdeel#Stroomkring;;Punt toegevoegd op het einde van de definitie van Stroomkring en het attribuut stroomkringnummer zonder de betekenis te wijzigen.
1.1.0-RC3;14/04/2021;CT000031;PRB0040480;Inbreuken-zwaar-vervoer;https://wegenenverkeer-test.data.vlaanderen.be/doc/implementatiemodel/inbreuken-zwaar-vervoer;Laagspanningsbord;https://wegenenverkeer-test.data.vlaanderen.be/ns/onderdeel#Laagspanningsbord;;Kleine spelfouten gecorrigeerd in de definities van diverse attributen zonder betekeniswijziging voor de klassen UPS, IpPowerSwitch en Laagspanningsbord.
1.1.0-RC3;14/04/2021;CT000034;PRB0040484;Inbreuken-zwaar-vervoer;https://wegenenverkeer-test.data.vlaanderen.be/doc/implementatiemodel/inbreuken-zwaar-vervoer;Netwerkpoort;https://wegenenverkeer-test.data.vlaanderen.be/ns/onderdeel#Netwerkpoort;;De leesbaarheid van de definitie verbeterd zonder betekenis ervan te wijzigen.
1.1.0-RC3;14/04/2021;CT000028;PRB0040482;Inbreuken-zwaar-vervoer;https://wegenenverkeer-test.data.vlaanderen.be/doc/implementatiemodel/inbreuken-zwaar-vervoer;ANPRCamera;https://wegenenverkeer-test.data.vlaanderen.be/ns/onderdeel#ANPRCamera;;"De definitie van het attribuut  technischeFiche van ANPR Camera laten beginnen met een hoofdletter en afgesloten met een punt zonder wijzigingen aan de betekenis.
De definitie van het attribuut heeftFlits van ANPR Camera aangepast conform geldende richtlijnen zonder de betekenis ervan te wijzigen."
1.1.0-RC3;14/04/2021;CT000067;PRB0040697;Kasten-Cabines-Behuizing;https://wegenenverkeer-test.data.vlaanderen.be/doc/implementatiemodel/kasten-cabines-behuizing;Sokkel;https://wegenenverkeer-test.data.vlaanderen.be/ns/onderdeel#Sokkel;AIMNaamObject;"""Generalisatie"" relatie toegevoegd tussen ""Sokkel"" en ""AIMNaamObject""."
1.1.0-RC3;14/04/2021;CT000059;PRB0040687;Kasten-Cabines-Behuizing;https://wegenenverkeer-test.data.vlaanderen.be/doc/implementatiemodel/kasten-cabines-behuizing;BekledingComponent;https://wegenenverkeer-test.data.vlaanderen.be/ns/abstracten#BekledingComponent;"ProefWerkingsbreedteMVP;ProefWerkingsbreedteGC;Funderingsmassief;Verankeringsmassief;Funderingsplaat;NaampadObject;BegroeidVoorkomen;Betonfundering";Toevoeging/consolideren van een generalisatie relatie van Verkeersregelinstallatie, BekledingComponent, Fundering, Wegverlichtingsinstallatie naar AIMObject. Toevoeging/consolideren van een generalisatie relatie van Sierbeplanting naar BegroeidVoorkomen. Toevoeging/consolideren van een associatie relatie van Sierbeplanting naar BeheerSierbeplanting, van Geleidingsverlichting naar BekledingComponent, van ProefWerkingsbreedteGC naar Geleideconstructie, van ProefWerkingsbreedteMVP naar Motorvangplank.
1.1.0-RC3;14/04/2021;CT000059;PRB0040687;Kasten-Cabines-Behuizing;https://wegenenverkeer-test.data.vlaanderen.be/doc/implementatiemodel/kasten-cabines-behuizing;Fundering;https://wegenenverkeer-test.data.vlaanderen.be/ns/abstracten#Fundering;"ProefWerkingsbreedteMVP;ProefWerkingsbreedteGC;Funderingsmassief;Verankeringsmassief;Funderingsplaat;NaampadObject;BegroeidVoorkomen;Betonfundering";Toevoeging/consolideren van een generalisatie relatie van Verkeersregelinstallatie, BekledingComponent, Fundering, Wegverlichtingsinstallatie naar AIMObject. Toevoeging/consolideren van een generalisatie relatie van Sierbeplanting naar BegroeidVoorkomen. Toevoeging/consolideren van een associatie relatie van Sierbeplanting naar BeheerSierbeplanting, van Geleidingsverlichting naar BekledingComponent, van ProefWerkingsbreedteGC naar Geleideconstructie, van ProefWerkingsbreedteMVP naar Motorvangplank.
1.1.0-RC3;14/04/2021;CT000007;PRB0040596;Lijnvormige-elementen;https://wegenenverkeer-test.data.vlaanderen.be/doc/implementatiemodel/lijnvormige-elementen;Beginstuk;https://wegenenverkeer-test.data.vlaanderen.be/ns/abstracten#Beginstuk;;Er is een 'sluit aan op' relatie getrokken van beginstuk naar overgangsconstructie, van overgangsconstructie naar beginstuk en van beginstuk naar geleideconstructie. 
1.1.0-RC3;14/04/2021;CT000007;PRB0040596;Lijnvormige-elementen;https://wegenenverkeer-test.data.vlaanderen.be/doc/implementatiemodel/lijnvormige-elementen;Overgangsconstructie;https://wegenenverkeer-test.data.vlaanderen.be/ns/onderdeel#Overgangsconstructie;;Er is een 'sluit aan op' relatie getrokken van beginstuk naar overgangsconstructie, van overgangsconstructie naar beginstuk en van beginstuk naar geleideconstructie. 
1.1.0-RC3;14/04/2021;CT000014;PRB0040550;Lijnvormige-elementen;https://wegenenverkeer-test.data.vlaanderen.be/doc/implementatiemodel/lijnvormige-elementen;GeluidswerendeConstructie;https://wegenenverkeer-test.data.vlaanderen.be/ns/onderdeel#GeluidswerendeConstructie;Lichtmast;Een bevestiging relatie is toegevoegd tussen Lichtmast en GeluidswerendeConstructie.
1.1.0-RC3;14/04/2021;CT000019;PRB0040548;Lijnvormige-elementen;https://wegenenverkeer-test.data.vlaanderen.be/doc/implementatiemodel/lijnvormige-elementen;GeluidswerendeConstructie;https://wegenenverkeer-test.data.vlaanderen.be/ns/onderdeel#GeluidswerendeConstructie;;Label maximale dikte schermelement is aangepast (minimaal naar maximaal) op onderdeel Geluidswerende constructie.
1.1.0-RC3;14/04/2021;CT000008;PRB0040589;Lijnvormige-elementen;https://wegenenverkeer-test.data.vlaanderen.be/doc/implementatiemodel/lijnvormige-elementen;WatergreppelAfw;https://wegenenverkeer-test.data.vlaanderen.be/ns/onderdeel#WatergreppelAfw;;De definties van de onderdelen werden aangepast zodat er een verschil is tussen de definities van afwijkende kantopsluitingen en gestandaardiseerde kantopsluitingen.
1.1.0-RC3;14/04/2021;CT000008;PRB0040589;Lijnvormige-elementen;https://wegenenverkeer-test.data.vlaanderen.be/doc/implementatiemodel/lijnvormige-elementen;TrottoirbandStd;https://wegenenverkeer-test.data.vlaanderen.be/ns/onderdeel#TrottoirbandStd;;De definties van de onderdelen werden aangepast zodat er een verschil is tussen de definities van afwijkende kantopsluitingen en gestandaardiseerde kantopsluitingen.
1.1.0-RC3;14/04/2021;CT000008;PRB0040589;Lijnvormige-elementen;https://wegenenverkeer-test.data.vlaanderen.be/doc/implementatiemodel/lijnvormige-elementen;TrottoirbandWatergreppelAfw;https://wegenenverkeer-test.data.vlaanderen.be/ns/onderdeel#TrottoirbandWatergreppelAfw;;De definties van de onderdelen werden aangepast zodat er een verschil is tussen de definities van afwijkende kantopsluitingen en gestandaardiseerde kantopsluitingen.
1.1.0-RC3;14/04/2021;CT000008;PRB0040589;Lijnvormige-elementen;https://wegenenverkeer-test.data.vlaanderen.be/doc/implementatiemodel/lijnvormige-elementen;KantstrookStd;https://wegenenverkeer-test.data.vlaanderen.be/ns/onderdeel#KantstrookStd;;De definties van de onderdelen werden aangepast zodat er een verschil is tussen de definities van afwijkende kantopsluitingen en gestandaardiseerde kantopsluitingen.
1.1.0-RC3;14/04/2021;CT000008;PRB0040589;Lijnvormige-elementen;https://wegenenverkeer-test.data.vlaanderen.be/doc/implementatiemodel/lijnvormige-elementen;SchampkantAfw;https://wegenenverkeer-test.data.vlaanderen.be/ns/onderdeel#SchampkantAfw;;De definties van de onderdelen werden aangepast zodat er een verschil is tussen de definities van afwijkende kantopsluitingen en gestandaardiseerde kantopsluitingen.
1.1.0-RC3;14/04/2021;CT000008;PRB0040589;Lijnvormige-elementen;https://wegenenverkeer-test.data.vlaanderen.be/doc/implementatiemodel/lijnvormige-elementen;TrottoirbandAfw;https://wegenenverkeer-test.data.vlaanderen.be/ns/onderdeel#TrottoirbandAfw;;De definties van de onderdelen werden aangepast zodat er een verschil is tussen de definities van afwijkende kantopsluitingen en gestandaardiseerde kantopsluitingen.
1.1.0-RC3;14/04/2021;CT000008;PRB0040589;Lijnvormige-elementen;https://wegenenverkeer-test.data.vlaanderen.be/doc/implementatiemodel/lijnvormige-elementen;WatergreppelStd;https://wegenenverkeer-test.data.vlaanderen.be/ns/onderdeel#WatergreppelStd;;De definties van de onderdelen werden aangepast zodat er een verschil is tussen de definities van afwijkende kantopsluitingen en gestandaardiseerde kantopsluitingen.
1.1.0-RC3;14/04/2021;CT000008;PRB0040589;Lijnvormige-elementen;https://wegenenverkeer-test.data.vlaanderen.be/doc/implementatiemodel/lijnvormige-elementen;SchampkantStd;https://wegenenverkeer-test.data.vlaanderen.be/ns/onderdeel#SchampkantStd;;De definties van de onderdelen werden aangepast zodat er een verschil is tussen de definities van afwijkende kantopsluitingen en gestandaardiseerde kantopsluitingen.
1.1.0-RC3;14/04/2021;CT000008;PRB0040589;Lijnvormige-elementen;https://wegenenverkeer-test.data.vlaanderen.be/doc/implementatiemodel/lijnvormige-elementen;KantstrookAfw;https://wegenenverkeer-test.data.vlaanderen.be/ns/onderdeel#KantstrookAfw;;De definties van de onderdelen werden aangepast zodat er een verschil is tussen de definities van afwijkende kantopsluitingen en gestandaardiseerde kantopsluitingen.
1.1.0-RC3;14/04/2021;CT000008;PRB0040589;Lijnvormige-elementen;https://wegenenverkeer-test.data.vlaanderen.be/doc/implementatiemodel/lijnvormige-elementen;TrottoirbandWatergreppelStd;https://wegenenverkeer-test.data.vlaanderen.be/ns/onderdeel#TrottoirbandWatergreppelStd;;De definties van de onderdelen werden aangepast zodat er een verschil is tussen de definities van afwijkende kantopsluitingen en gestandaardiseerde kantopsluitingen.
1.1.0-RC3;14/04/2021;CT000043;PRB0040667;Lijnvormige-elementen;https://wegenenverkeer-test.data.vlaanderen.be/doc/implementatiemodel/lijnvormige-elementen;VegetatieElement;https://wegenenverkeer-test.data.vlaanderen.be/ns/abstracten#VegetatieElement;;"De definitie van attribuut ""hoogte"" op abstracte ""Vegetatie Element"" werd aangepast naar ""De hoogteklasse van het vegetatie-element."""
1.1.0-RC3;14/04/2021;CT000049;PRB0040621;Lijnvormige-elementen;https://wegenenverkeer-test.data.vlaanderen.be/doc/implementatiemodel/lijnvormige-elementen;VegetatieElement;https://wegenenverkeer-test.data.vlaanderen.be/ns/abstracten#VegetatieElement;;"De definitie werd aangepast naar: ""De unieke identificator voor de soort van het vegetatie-element.""
De user notes werd het volgende: ""De GBIF code is een unieke gestandaardiseerde code uitgegeven door het GBIF (the Global Biodiversity Information Facility - GBIF.org)"""
1.1.0-RC3;14/04/2021;CT000064;PRB0040613;Lijnvormige-elementen;https://wegenenverkeer-test.data.vlaanderen.be/doc/implementatiemodel/lijnvormige-elementen;GeluidswerendeConstructie;https://wegenenverkeer-test.data.vlaanderen.be/ns/onderdeel#GeluidswerendeConstructie;;De definitie van het attributen overzichtSchermhoogte en totaleLengte aangepast om beter het gewenste resultaat te weerspiegelen. Het label van het attribuut totaleOppervlakte in kleine letters gezet conform de richtlijnen.
1.1.0-RC3;14/04/2021;CT000055;PRB0040612;Lijnvormige-elementen;https://wegenenverkeer-test.data.vlaanderen.be/doc/implementatiemodel/lijnvormige-elementen;AfschermendeConstructie;https://wegenenverkeer-test.data.vlaanderen.be/ns/abstracten#AfschermendeConstructie;;"Volgende relaties werden toegevoegd: 
-SluitAanOp relatie voorzien op GC opzichzelf
-SluitAanop van AC naar GC en van GC naar AC leggen
-Bevestiging Relatie toevoegen tussen GC en AC"
1.1.0-RC3;14/04/2021;CT000055;PRB0040612;Lijnvormige-elementen;https://wegenenverkeer-test.data.vlaanderen.be/doc/implementatiemodel/lijnvormige-elementen;GeluidswerendeConstructie;https://wegenenverkeer-test.data.vlaanderen.be/ns/onderdeel#GeluidswerendeConstructie;;"Volgende relaties werden toegevoegd: 
-SluitAanOp relatie voorzien op GC opzichzelf
-SluitAanop van AC naar GC en van GC naar AC leggen
-Bevestiging Relatie toevoegen tussen GC en AC"
1.1.0-RC3;14/04/2021;CT000056;PRB0040611;Lijnvormige-elementen;https://wegenenverkeer-test.data.vlaanderen.be/doc/implementatiemodel/lijnvormige-elementen;GeluidswerendeConstructie;https://wegenenverkeer-test.data.vlaanderen.be/ns/onderdeel#GeluidswerendeConstructie;;"Volgende attributen werden toegevoegd op GC:
testrapport, videoVoertuigkering en isBeginOfEindConstructie."
1.1.0-RC3;14/04/2021;CT000059;PRB0040687;Lijnvormige-elementen;https://wegenenverkeer-test.data.vlaanderen.be/doc/implementatiemodel/lijnvormige-elementen;Fundering;https://wegenenverkeer-test.data.vlaanderen.be/ns/abstracten#Fundering;"ProefWerkingsbreedteMVP;ProefWerkingsbreedteGC;Funderingsmassief;Verankeringsmassief;Funderingsplaat;NaampadObject;BegroeidVoorkomen;Betonfundering";Toevoeging/consolideren van een generalisatie relatie van Verkeersregelinstallatie, BekledingComponent, Fundering, Wegverlichtingsinstallatie naar AIMObject. Toevoeging/consolideren van een generalisatie relatie van Sierbeplanting naar BegroeidVoorkomen. Toevoeging/consolideren van een associatie relatie van Sierbeplanting naar BeheerSierbeplanting, van Geleidingsverlichting naar BekledingComponent, van ProefWerkingsbreedteGC naar Geleideconstructie, van ProefWerkingsbreedteMVP naar Motorvangplank.
1.1.0-RC3;14/04/2021;CT000059;PRB0040687;Lijnvormige-elementen;https://wegenenverkeer-test.data.vlaanderen.be/doc/implementatiemodel/lijnvormige-elementen;Motorvangplank;https://wegenenverkeer-test.data.vlaanderen.be/ns/onderdeel#Motorvangplank;"ProefWerkingsbreedteMVP;ProefWerkingsbreedteGC;Funderingsmassief;Verankeringsmassief;Funderingsplaat;NaampadObject;BegroeidVoorkomen;Betonfundering";Toevoeging/consolideren van een generalisatie relatie van Verkeersregelinstallatie, BekledingComponent, Fundering, Wegverlichtingsinstallatie naar AIMObject. Toevoeging/consolideren van een generalisatie relatie van Sierbeplanting naar BegroeidVoorkomen. Toevoeging/consolideren van een associatie relatie van Sierbeplanting naar BeheerSierbeplanting, van Geleidingsverlichting naar BekledingComponent, van ProefWerkingsbreedteGC naar Geleideconstructie, van ProefWerkingsbreedteMVP naar Motorvangplank.
1.1.0-RC3;14/04/2021;CT000059;PRB0040687;Lijnvormige-elementen;https://wegenenverkeer-test.data.vlaanderen.be/doc/implementatiemodel/lijnvormige-elementen;Geleideconstructie;https://wegenenverkeer-test.data.vlaanderen.be/ns/onderdeel#Geleideconstructie;"ProefWerkingsbreedteMVP;ProefWerkingsbreedteGC;Funderingsmassief;Verankeringsmassief;Funderingsplaat;NaampadObject;BegroeidVoorkomen;Betonfundering";Toevoeging/consolideren van een generalisatie relatie van Verkeersregelinstallatie, BekledingComponent, Fundering, Wegverlichtingsinstallatie naar AIMObject. Toevoeging/consolideren van een generalisatie relatie van Sierbeplanting naar BegroeidVoorkomen. Toevoeging/consolideren van een associatie relatie van Sierbeplanting naar BeheerSierbeplanting, van Geleidingsverlichting naar BekledingComponent, van ProefWerkingsbreedteGC naar Geleideconstructie, van ProefWerkingsbreedteMVP naar Motorvangplank.
1.1.0-RC3;14/04/2021;CT000078;PRB0040721 ;Lijnvormige-elementen;https://wegenenverkeer-test.data.vlaanderen.be/doc/implementatiemodel/lijnvormige-elementen;GeluidswerendeConstructie;https://wegenenverkeer-test.data.vlaanderen.be/ns/onderdeel#GeluidswerendeConstructie;;Label-nl van attribuut totaleOppervlakte van GeluidswerendeConstructie aangepast om overeen te komen met de naamgevingsregels zonder de betekenis te wijzigen.
1.1.0-RC3;14/04/2021;CT000027;PRB0040478;Luchtkwaliteit;https://wegenenverkeer-test.data.vlaanderen.be/doc/implementatiemodel/luchtkwaliteit;Stroomkring;https://wegenenverkeer-test.data.vlaanderen.be/ns/onderdeel#Stroomkring;;Punt toegevoegd op het einde van de definitie van Stroomkring en het attribuut stroomkringnummer zonder de betekenis te wijzigen.
1.1.0-RC3;14/04/2021;CT000059;PRB0040687;Luchtkwaliteit;https://wegenenverkeer-test.data.vlaanderen.be/doc/implementatiemodel/luchtkwaliteit;BekledingComponent;https://wegenenverkeer-test.data.vlaanderen.be/ns/abstracten#BekledingComponent;"ProefWerkingsbreedteMVP;ProefWerkingsbreedteGC;Funderingsmassief;Verankeringsmassief;Funderingsplaat;NaampadObject;BegroeidVoorkomen;Betonfundering";Toevoeging/consolideren van een generalisatie relatie van Verkeersregelinstallatie, BekledingComponent, Fundering, Wegverlichtingsinstallatie naar AIMObject. Toevoeging/consolideren van een generalisatie relatie van Sierbeplanting naar BegroeidVoorkomen. Toevoeging/consolideren van een associatie relatie van Sierbeplanting naar BeheerSierbeplanting, van Geleidingsverlichting naar BekledingComponent, van ProefWerkingsbreedteGC naar Geleideconstructie, van ProefWerkingsbreedteMVP naar Motorvangplank.
1.1.0-RC3;14/04/2021;CT000027;PRB0040478;Luidspreker-intercom;https://wegenenverkeer-test.data.vlaanderen.be/doc/implementatiemodel/luidspreker-intercom;Stroomkring;https://wegenenverkeer-test.data.vlaanderen.be/ns/onderdeel#Stroomkring;;Punt toegevoegd op het einde van de definitie van Stroomkring en het attribuut stroomkringnummer zonder de betekenis te wijzigen.
1.1.0-RC3;14/04/2021;CT000035;PRB0040477;Luidspreker-intercom;https://wegenenverkeer-test.data.vlaanderen.be/doc/implementatiemodel/luidspreker-intercom;Meetmicrofoon;https://wegenenverkeer-test.data.vlaanderen.be/ns/onderdeel#Meetmicrofoon;;Diverse spelfouten gecorrigeerd in de definitie van Meetmicrofoon zonder de betekenis te wijzigen.
1.1.0-RC3;14/04/2021;CT000059;PRB0040687;Luidspreker-intercom;https://wegenenverkeer-test.data.vlaanderen.be/doc/implementatiemodel/luidspreker-intercom;BekledingComponent;https://wegenenverkeer-test.data.vlaanderen.be/ns/abstracten#BekledingComponent;"ProefWerkingsbreedteMVP;ProefWerkingsbreedteGC;Funderingsmassief;Verankeringsmassief;Funderingsplaat;NaampadObject;BegroeidVoorkomen;Betonfundering";Toevoeging/consolideren van een generalisatie relatie van Verkeersregelinstallatie, BekledingComponent, Fundering, Wegverlichtingsinstallatie naar AIMObject. Toevoeging/consolideren van een generalisatie relatie van Sierbeplanting naar BegroeidVoorkomen. Toevoeging/consolideren van een associatie relatie van Sierbeplanting naar BeheerSierbeplanting, van Geleidingsverlichting naar BekledingComponent, van ProefWerkingsbreedteGC naar Geleideconstructie, van ProefWerkingsbreedteMVP naar Motorvangplank.
1.1.0-RC3;14/04/2021;CT000027;PRB0040478;Meten-in-Vlaanderen;https://wegenenverkeer-test.data.vlaanderen.be/doc/implementatiemodel/meten-in-vlaanderen;Stroomkring;https://wegenenverkeer-test.data.vlaanderen.be/ns/onderdeel#Stroomkring;;Punt toegevoegd op het einde van de definitie van Stroomkring en het attribuut stroomkringnummer zonder de betekenis te wijzigen.
1.1.0-RC3;14/04/2021;CT000031;PRB0040480;Meten-in-Vlaanderen;https://wegenenverkeer-test.data.vlaanderen.be/doc/implementatiemodel/meten-in-vlaanderen;Laagspanningsbord;https://wegenenverkeer-test.data.vlaanderen.be/ns/onderdeel#Laagspanningsbord;;Kleine spelfouten gecorrigeerd in de definities van diverse attributen zonder betekeniswijziging voor de klassen UPS, IpPowerSwitch en Laagspanningsbord.
1.1.0-RC3;14/04/2021;CT000031;PRB0040480;Meten-in-Vlaanderen;https://wegenenverkeer-test.data.vlaanderen.be/doc/implementatiemodel/meten-in-vlaanderen;UPS;https://wegenenverkeer-test.data.vlaanderen.be/ns/onderdeel#UPS;;Kleine spelfouten gecorrigeerd in de definities van diverse attributen zonder betekeniswijziging voor de klassen UPS, IpPowerSwitch en Laagspanningsbord.
1.1.0-RC3;14/04/2021;CT000034;PRB0040484;Meten-in-Vlaanderen;https://wegenenverkeer-test.data.vlaanderen.be/doc/implementatiemodel/meten-in-vlaanderen;Netwerkpoort;https://wegenenverkeer-test.data.vlaanderen.be/ns/onderdeel#Netwerkpoort;;De leesbaarheid van de definitie verbeterd zonder betekenis ervan te wijzigen.
1.1.0-RC3;14/04/2021;CT000020;PRB0040597;Optisch-Transport-Netwerk;https://wegenenverkeer-test.data.vlaanderen.be/doc/implementatiemodel/optisch-transport-netwerk;AIMNaamObject;https://wegenenverkeer-test.data.vlaanderen.be/ns/implementatieelement#AIMNaamObject;;"FOV toegevoegd aan camera's als extra onderdeel + bevestiging-relatie naar Camera en ANPR-camera (naar analogie met VirtueleDetectieZone in VRI).
Bijhorend 2D-polygoon wordt na publicatie toegevoegd aan geometrie artefact."
1.1.0-RC3;14/04/2021;CT000031;PRB0040480;Optisch-Transport-Netwerk;https://wegenenverkeer-test.data.vlaanderen.be/doc/implementatiemodel/optisch-transport-netwerk;UPS;https://wegenenverkeer-test.data.vlaanderen.be/ns/onderdeel#UPS;;Kleine spelfouten gecorrigeerd in de definities van diverse attributen zonder betekeniswijziging voor de klassen UPS, IpPowerSwitch en Laagspanningsbord.
1.1.0-RC3;14/04/2021;CT000034;PRB0040484;Optisch-Transport-Netwerk;https://wegenenverkeer-test.data.vlaanderen.be/doc/implementatiemodel/optisch-transport-netwerk;Netwerkpoort;https://wegenenverkeer-test.data.vlaanderen.be/ns/onderdeel#Netwerkpoort;;De leesbaarheid van de definitie verbeterd zonder betekenis ervan te wijzigen.
1.1.0-RC3;14/04/2021;CT000060;PRB0040651;Optisch-Transport-Netwerk;https://wegenenverkeer-test.data.vlaanderen.be/doc/implementatiemodel/optisch-transport-netwerk;AIMObject;https://wegenenverkeer-test.data.vlaanderen.be/ns/implementatieelement#AIMObject;;"AIMObject uitgebreid met het attribuut theoretischeLevensduur:  drukt in aantal maanden de levensduur die theoretisch mag verwacht worden voor een object.
Datatype KwantWrdInMaand toegevoegd om een duur uitgedrukt in aantal maanden te specificeren."
1.1.0-RC3;14/04/2021;CT000007;PRB0040596;Proeven-metingen;https://wegenenverkeer-test.data.vlaanderen.be/doc/implementatiemodel/proeven-metingen;Overgangsconstructie;https://wegenenverkeer-test.data.vlaanderen.be/ns/onderdeel#Overgangsconstructie;;Er is een 'sluit aan op' relatie getrokken van beginstuk naar overgangsconstructie, van overgangsconstructie naar beginstuk en van beginstuk naar geleideconstructie. 
1.1.0-RC3;14/04/2021;CT000010;PRB0040562;Proeven-metingen;https://wegenenverkeer-test.data.vlaanderen.be/doc/implementatiemodel/proeven-metingen;Cementbetonverharding;https://wegenenverkeer-test.data.vlaanderen.be/ns/onderdeel#Cementbetonverharding;;Label nl van aantal ankerstaven is veranderd van 'heeft ankerstaven' naar 'aantal ankerstaven'.
1.1.0-RC3;14/04/2021;CT000014;PRB0040550;Proeven-metingen;https://wegenenverkeer-test.data.vlaanderen.be/doc/implementatiemodel/proeven-metingen;GeluidswerendeConstructie;https://wegenenverkeer-test.data.vlaanderen.be/ns/onderdeel#GeluidswerendeConstructie;Lichtmast;Een bevestiging relatie is toegevoegd tussen Lichtmast en GeluidswerendeConstructie.
1.1.0-RC3;14/04/2021;CT000019;PRB0040548;Proeven-metingen;https://wegenenverkeer-test.data.vlaanderen.be/doc/implementatiemodel/proeven-metingen;GeluidswerendeConstructie;https://wegenenverkeer-test.data.vlaanderen.be/ns/onderdeel#GeluidswerendeConstructie;;Label maximale dikte schermelement is aangepast (minimaal naar maximaal) op onderdeel Geluidswerende constructie.
1.1.0-RC3;14/04/2021;CT000045;PRB0040659;Proeven-metingen;https://wegenenverkeer-test.data.vlaanderen.be/doc/implementatiemodel/proeven-metingen;OpgaandeBoom;https://wegenenverkeer-test.data.vlaanderen.be/ns/onderdeel#OpgaandeBoom;;"Attribuut ""geschatte klasse plantjaar"" werd toegevoegd op onderdeel op ""opgaande boom"".
De andere attributen worden later in de beheer module opgenomen."
1.1.0-RC3;14/04/2021;CT000046;PRB0040615;Proeven-metingen;https://wegenenverkeer-test.data.vlaanderen.be/doc/implementatiemodel/proeven-metingen;OpgaandeBoom;https://wegenenverkeer-test.data.vlaanderen.be/ns/onderdeel#OpgaandeBoom;;"Definitie is gewijzigd van ""opgaande boom"": Ontstond de boom in kunstmatige omstandigheden, dan is de groeivorm bepaald door de jeugdsnoei in de kwekerij en is het eindbeeld van de boom bepaald door de begeleidingssnoei of vormsnoei die wordt uitgevoerd vanaf het planten. --> ""Of vormsnoei"" werd toegevoegd."
1.1.0-RC3;14/04/2021;CT000064;PRB0040613;Proeven-metingen;https://wegenenverkeer-test.data.vlaanderen.be/doc/implementatiemodel/proeven-metingen;GeluidswerendeConstructie;https://wegenenverkeer-test.data.vlaanderen.be/ns/onderdeel#GeluidswerendeConstructie;;De definitie van het attributen overzichtSchermhoogte en totaleLengte aangepast om beter het gewenste resultaat te weerspiegelen. Het label van het attribuut totaleOppervlakte in kleine letters gezet conform de richtlijnen.
1.1.0-RC3;14/04/2021;CT000055;PRB0040612;Proeven-metingen;https://wegenenverkeer-test.data.vlaanderen.be/doc/implementatiemodel/proeven-metingen;AfschermendeConstructie;https://wegenenverkeer-test.data.vlaanderen.be/ns/abstracten#AfschermendeConstructie;;"Volgende relaties werden toegevoegd: 
-SluitAanOp relatie voorzien op GC opzichzelf
-SluitAanop van AC naar GC en van GC naar AC leggen
-Bevestiging Relatie toevoegen tussen GC en AC"
1.1.0-RC3;14/04/2021;CT000055;PRB0040612;Proeven-metingen;https://wegenenverkeer-test.data.vlaanderen.be/doc/implementatiemodel/proeven-metingen;GeluidswerendeConstructie;https://wegenenverkeer-test.data.vlaanderen.be/ns/onderdeel#GeluidswerendeConstructie;;"Volgende relaties werden toegevoegd: 
-SluitAanOp relatie voorzien op GC opzichzelf
-SluitAanop van AC naar GC en van GC naar AC leggen
-Bevestiging Relatie toevoegen tussen GC en AC"
1.1.0-RC3;14/04/2021;CT000056;PRB0040611;Proeven-metingen;https://wegenenverkeer-test.data.vlaanderen.be/doc/implementatiemodel/proeven-metingen;GeluidswerendeConstructie;https://wegenenverkeer-test.data.vlaanderen.be/ns/onderdeel#GeluidswerendeConstructie;;"Volgende attributen werden toegevoegd op GC:
testrapport, videoVoertuigkering en isBeginOfEindConstructie."
1.1.0-RC3;14/04/2021;CT000058;PRB0040388;Proeven-metingen;https://wegenenverkeer-test.data.vlaanderen.be/doc/implementatiemodel/proeven-metingen;DunneOverlaging;https://wegenenverkeer-test.data.vlaanderen.be/ns/onderdeel#DunneOverlaging;;Het attribuut gewicht werd toegevoegd op het onderdeel Dunne Overlaging.
1.1.0-RC3;14/04/2021;CT000059;PRB0040687;Proeven-metingen;https://wegenenverkeer-test.data.vlaanderen.be/doc/implementatiemodel/proeven-metingen;Motorvangplank;https://wegenenverkeer-test.data.vlaanderen.be/ns/onderdeel#Motorvangplank;"ProefWerkingsbreedteMVP;ProefWerkingsbreedteGC;Funderingsmassief;Verankeringsmassief;Funderingsplaat;NaampadObject;BegroeidVoorkomen;Betonfundering";Toevoeging/consolideren van een generalisatie relatie van Verkeersregelinstallatie, BekledingComponent, Fundering, Wegverlichtingsinstallatie naar AIMObject. Toevoeging/consolideren van een generalisatie relatie van Sierbeplanting naar BegroeidVoorkomen. Toevoeging/consolideren van een associatie relatie van Sierbeplanting naar BeheerSierbeplanting, van Geleidingsverlichting naar BekledingComponent, van ProefWerkingsbreedteGC naar Geleideconstructie, van ProefWerkingsbreedteMVP naar Motorvangplank.
1.1.0-RC3;14/04/2021;CT000059;PRB0040687;Proeven-metingen;https://wegenenverkeer-test.data.vlaanderen.be/doc/implementatiemodel/proeven-metingen;Geleideconstructie;https://wegenenverkeer-test.data.vlaanderen.be/ns/onderdeel#Geleideconstructie;"ProefWerkingsbreedteMVP;ProefWerkingsbreedteGC;Funderingsmassief;Verankeringsmassief;Funderingsplaat;NaampadObject;BegroeidVoorkomen;Betonfundering";Toevoeging/consolideren van een generalisatie relatie van Verkeersregelinstallatie, BekledingComponent, Fundering, Wegverlichtingsinstallatie naar AIMObject. Toevoeging/consolideren van een generalisatie relatie van Sierbeplanting naar BegroeidVoorkomen. Toevoeging/consolideren van een associatie relatie van Sierbeplanting naar BeheerSierbeplanting, van Geleidingsverlichting naar BekledingComponent, van ProefWerkingsbreedteGC naar Geleideconstructie, van ProefWerkingsbreedteMVP naar Motorvangplank.
1.1.0-RC3;14/04/2021;CT000078;PRB0040721 ;Proeven-metingen;https://wegenenverkeer-test.data.vlaanderen.be/doc/implementatiemodel/proeven-metingen;GeluidswerendeConstructie;https://wegenenverkeer-test.data.vlaanderen.be/ns/onderdeel#GeluidswerendeConstructie;;Label-nl van attribuut totaleOppervlakte van GeluidswerendeConstructie aangepast om overeen te komen met de naamgevingsregels zonder de betekenis te wijzigen.
1.1.0-RC3;14/04/2021;CT000073;PRB0040624;Proeven-metingen;https://wegenenverkeer-test.data.vlaanderen.be/doc/implementatiemodel/proeven-metingen;Bestrating;https://wegenenverkeer-test.data.vlaanderen.be/ns/abstracten#Bestrating;;Definitie preciezer gemaakt na overleg met de verantwoordelijken voor Openbaar Domein binnen Informatie Vlaanderen.
1.1.0-RC3;14/04/2021;CT000076;PRB0040625;Proeven-metingen;https://wegenenverkeer-test.data.vlaanderen.be/doc/implementatiemodel/proeven-metingen;BestratingVanBetonstraatsteen;https://wegenenverkeer-test.data.vlaanderen.be/ns/onderdeel#BestratingVanBetonstraatsteen;;Definitie preciezer gemaakt na overleg met de verantwoordelijken voor Openbaar Domein binnen Informatie Vlaanderen.
1.1.0-RC3;14/04/2021;CT000090;PRB0040754;Proeven-metingen;https://wegenenverkeer-test.data.vlaanderen.be/doc/implementatiemodel/proeven-metingen;OpgaandeBoom;https://wegenenverkeer-test.data.vlaanderen.be/ns/onderdeel#OpgaandeBoom;;
1.1.0-RC3;14/04/2021;CT000090;PRB0040754;Proeven-metingen;https://wegenenverkeer-test.data.vlaanderen.be/doc/implementatiemodel/proeven-metingen;KlKlassePlantjaar;https://wegenenverkeer-test.data.vlaanderen.be/doc/conceptscheme/KlKlassePlantjaar;;
1.1.0-RC3;14/04/2021;CT000024;PRB0040540;Relaties;https://wegenenverkeer-test.data.vlaanderen.be/doc/implementatiemodel/relaties;SluitAanOp;https://wegenenverkeer-test.data.vlaanderen.be/ns/onderdeel#SluitAanOp;;"De definitie van SluitAanOp had een kleine typfout: een topologische netwerk.
Deze ""e"" die teveel was werd weggehaald."
1.1.0-RC3;14/04/2021;CT000061;PRB0040645;Relaties;https://wegenenverkeer-test.data.vlaanderen.be/doc/implementatiemodel/relaties;HeeftBetrokkene;https://wegenenverkeer-test.data.vlaanderen.be/ns/onderdeel#HeeftBetrokkene;;Datum aanvang en einde van de betrokkenheid toegevoegd als attributen van de relatieklasse HeeftBetrokkene. Beide datums mogen in het verleden en in de toekomst liggen.
1.1.0-RC3;14/04/2021;CT000074;PRB0040693;Riolering;https://wegenenverkeer-test.data.vlaanderen.be/doc/implementatiemodel/riolering;Taludgoot;https://wegenenverkeer-test.data.vlaanderen.be/ns/onderdeel#Taludgoot;;Het label-nl werd aangepast van geprefabriceerd betonelement naar taludgoot.
1.1.0-RC3;14/04/2021;CT000004;PRB0040541;Signalisatie;https://wegenenverkeer-test.data.vlaanderen.be/doc/implementatiemodel/signalisatie;Reflectorpaal;https://wegenenverkeer-test.data.vlaanderen.be/ns/onderdeel#Reflectorpaal;;Definitie aangepast.
1.1.0-RC3;14/04/2021;CT000010;PRB0040562;Signalisatie;https://wegenenverkeer-test.data.vlaanderen.be/doc/implementatiemodel/signalisatie;Cementbetonverharding;https://wegenenverkeer-test.data.vlaanderen.be/ns/onderdeel#Cementbetonverharding;;Label nl van aantal ankerstaven is veranderd van 'heeft ankerstaven' naar 'aantal ankerstaven'.
1.1.0-RC3;14/04/2021;CT000012;PRB0040552;Signalisatie;https://wegenenverkeer-test.data.vlaanderen.be/doc/implementatiemodel/signalisatie;Referentiepunt;https://wegenenverkeer-test.data.vlaanderen.be/ns/onderdeel#Referentiepunt;;Een bevestigingsrelatie is toegevoegd tussen referentiepunt en Geluidwerende constructie/Afschermende constructie.
1.1.0-RC3;14/04/2021;CT000022;PRB0040546;Signalisatie;https://wegenenverkeer-test.data.vlaanderen.be/doc/implementatiemodel/signalisatie;DwarseMarkeringVerschuind;https://wegenenverkeer-test.data.vlaanderen.be/ns/onderdeel#DwarseMarkeringVerschuind;;Definitie 'Dwarse markering verschuind' is aangepast, er is een spatie tussen de komma en het woord gezet.
1.1.0-RC3;14/04/2021;CT000040;PRB0040483;Signalisatie;https://wegenenverkeer-test.data.vlaanderen.be/doc/implementatiemodel/signalisatie;AntiParkeerpaal;https://wegenenverkeer-test.data.vlaanderen.be/ns/onderdeel#AntiParkeerpaal;;Definitie van attributen werd aangepast
1.1.0-RC3;14/04/2021;CT000055;PRB0040612;Signalisatie;https://wegenenverkeer-test.data.vlaanderen.be/doc/implementatiemodel/signalisatie;AfschermendeConstructie;https://wegenenverkeer-test.data.vlaanderen.be/ns/abstracten#AfschermendeConstructie;;"Volgende relaties werden toegevoegd: 
-SluitAanOp relatie voorzien op GC opzichzelf
-SluitAanop van AC naar GC en van GC naar AC leggen
-Bevestiging Relatie toevoegen tussen GC en AC"
1.1.0-RC3;14/04/2021;CT000057;PRB0040603;Signalisatie;https://wegenenverkeer-test.data.vlaanderen.be/doc/implementatiemodel/signalisatie;RetroReflecterendeKoker;https://wegenenverkeer-test.data.vlaanderen.be/ns/onderdeel#RetroReflecterendeKoker;;Retroreflecterende koker is op het diagram van Signalisatie geplaatst.
1.1.0-RC3;14/04/2021;CT000027;PRB0040478;Slagboom-Doorsteek;https://wegenenverkeer-test.data.vlaanderen.be/doc/implementatiemodel/slagboom-doorsteek;Stroomkring;https://wegenenverkeer-test.data.vlaanderen.be/ns/onderdeel#Stroomkring;;Punt toegevoegd op het einde van de definitie van Stroomkring en het attribuut stroomkringnummer zonder de betekenis te wijzigen.
1.1.0-RC3;14/04/2021;CT000066;PRB0040696;Slagboom-Doorsteek;https://wegenenverkeer-test.data.vlaanderen.be/doc/implementatiemodel/slagboom-doorsteek;SlagboomarmVerlichting;https://wegenenverkeer-test.data.vlaanderen.be/ns/onderdeel#SlagboomarmVerlichting;;"Definitie veranderd naar ""Verlichting bevestigd aan de slagboomarm om de zichtbaarheid van die arm te verhogen."""
1.1.0-RC3;14/04/2021;CT000067;PRB0040697;Slagboom-Doorsteek;https://wegenenverkeer-test.data.vlaanderen.be/doc/implementatiemodel/slagboom-doorsteek;Sokkel;https://wegenenverkeer-test.data.vlaanderen.be/ns/onderdeel#Sokkel;AIMNaamObject;"""Generalisatie"" relatie toegevoegd tussen ""Sokkel"" en ""AIMNaamObject""."
1.1.0-RC3;14/04/2021;CT000059;PRB0040687;Slagboom-Doorsteek;https://wegenenverkeer-test.data.vlaanderen.be/doc/implementatiemodel/slagboom-doorsteek;BekledingComponent;https://wegenenverkeer-test.data.vlaanderen.be/ns/abstracten#BekledingComponent;"ProefWerkingsbreedteMVP;ProefWerkingsbreedteGC;Funderingsmassief;Verankeringsmassief;Funderingsplaat;NaampadObject;BegroeidVoorkomen;Betonfundering";Toevoeging/consolideren van een generalisatie relatie van Verkeersregelinstallatie, BekledingComponent, Fundering, Wegverlichtingsinstallatie naar AIMObject. Toevoeging/consolideren van een generalisatie relatie van Sierbeplanting naar BegroeidVoorkomen. Toevoeging/consolideren van een associatie relatie van Sierbeplanting naar BeheerSierbeplanting, van Geleidingsverlichting naar BekledingComponent, van ProefWerkingsbreedteGC naar Geleideconstructie, van ProefWerkingsbreedteMVP naar Motorvangplank.
1.1.0-RC3;14/04/2021;CT000059;PRB0040687;Slagboom-Doorsteek;https://wegenenverkeer-test.data.vlaanderen.be/doc/implementatiemodel/slagboom-doorsteek;Fundering;https://wegenenverkeer-test.data.vlaanderen.be/ns/abstracten#Fundering;"ProefWerkingsbreedteMVP;ProefWerkingsbreedteGC;Funderingsmassief;Verankeringsmassief;Funderingsplaat;NaampadObject;BegroeidVoorkomen;Betonfundering";Toevoeging/consolideren van een generalisatie relatie van Verkeersregelinstallatie, BekledingComponent, Fundering, Wegverlichtingsinstallatie naar AIMObject. Toevoeging/consolideren van een generalisatie relatie van Sierbeplanting naar BegroeidVoorkomen. Toevoeging/consolideren van een associatie relatie van Sierbeplanting naar BeheerSierbeplanting, van Geleidingsverlichting naar BekledingComponent, van ProefWerkingsbreedteGC naar Geleideconstructie, van ProefWerkingsbreedteMVP naar Motorvangplank.
1.1.0-RC3;14/04/2021;CT000027;PRB0040478;Software-Hardware;https://wegenenverkeer-test.data.vlaanderen.be/doc/implementatiemodel/software-hardware;Stroomkring;https://wegenenverkeer-test.data.vlaanderen.be/ns/onderdeel#Stroomkring;;Punt toegevoegd op het einde van de definitie van Stroomkring en het attribuut stroomkringnummer zonder de betekenis te wijzigen.
1.1.0-RC3;14/04/2021;CT000031;PRB0040480;Software-Hardware;https://wegenenverkeer-test.data.vlaanderen.be/doc/implementatiemodel/software-hardware;UPS;https://wegenenverkeer-test.data.vlaanderen.be/ns/onderdeel#UPS;;Kleine spelfouten gecorrigeerd in de definities van diverse attributen zonder betekeniswijziging voor de klassen UPS, IpPowerSwitch en Laagspanningsbord.
1.1.0-RC3;14/04/2021;CT000034;PRB0040484;Software-Hardware;https://wegenenverkeer-test.data.vlaanderen.be/doc/implementatiemodel/software-hardware;Netwerkpoort;https://wegenenverkeer-test.data.vlaanderen.be/ns/onderdeel#Netwerkpoort;;De leesbaarheid van de definitie verbeterd zonder betekenis ervan te wijzigen.
1.1.0-RC3;14/04/2021;CT000027;PRB0040478;Tunnelevacuatie;https://wegenenverkeer-test.data.vlaanderen.be/doc/implementatiemodel/tunnelevacuatie;Stroomkring;https://wegenenverkeer-test.data.vlaanderen.be/ns/onderdeel#Stroomkring;;Punt toegevoegd op het einde van de definitie van Stroomkring en het attribuut stroomkringnummer zonder de betekenis te wijzigen.
1.1.0-RC3;14/04/2021;CT000059;PRB0040687;Tunnelevacuatie;https://wegenenverkeer-test.data.vlaanderen.be/doc/implementatiemodel/tunnelevacuatie;Geleidingsverlichting;https://wegenenverkeer-test.data.vlaanderen.be/ns/onderdeel#Geleidingsverlichting;"ProefWerkingsbreedteMVP;ProefWerkingsbreedteGC;Funderingsmassief;Verankeringsmassief;Funderingsplaat;NaampadObject;BegroeidVoorkomen;Betonfundering";Toevoeging/consolideren van een generalisatie relatie van Verkeersregelinstallatie, BekledingComponent, Fundering, Wegverlichtingsinstallatie naar AIMObject. Toevoeging/consolideren van een generalisatie relatie van Sierbeplanting naar BegroeidVoorkomen. Toevoeging/consolideren van een associatie relatie van Sierbeplanting naar BeheerSierbeplanting, van Geleidingsverlichting naar BekledingComponent, van ProefWerkingsbreedteGC naar Geleideconstructie, van ProefWerkingsbreedteMVP naar Motorvangplank.
1.1.0-RC3;14/04/2021;CT000059;PRB0040687;Tunnelevacuatie;https://wegenenverkeer-test.data.vlaanderen.be/doc/implementatiemodel/tunnelevacuatie;BekledingComponent;https://wegenenverkeer-test.data.vlaanderen.be/ns/abstracten#BekledingComponent;"ProefWerkingsbreedteMVP;ProefWerkingsbreedteGC;Funderingsmassief;Verankeringsmassief;Funderingsplaat;NaampadObject;BegroeidVoorkomen;Betonfundering";Toevoeging/consolideren van een generalisatie relatie van Verkeersregelinstallatie, BekledingComponent, Fundering, Wegverlichtingsinstallatie naar AIMObject. Toevoeging/consolideren van een generalisatie relatie van Sierbeplanting naar BegroeidVoorkomen. Toevoeging/consolideren van een associatie relatie van Sierbeplanting naar BeheerSierbeplanting, van Geleidingsverlichting naar BekledingComponent, van ProefWerkingsbreedteGC naar Geleideconstructie, van ProefWerkingsbreedteMVP naar Motorvangplank.
1.1.0-RC3;14/04/2021;CT000042;PRB0040668;Vegetatie;https://wegenenverkeer-test.data.vlaanderen.be/doc/implementatiemodel/vegetatie;BegroeidVoorkomen;https://wegenenverkeer-test.data.vlaanderen.be/ns/abstracten#BegroeidVoorkomen;;"De definitie van attributen ""lengte"" en ""breedte"" op ""Begroeid voorkomen"" werden aangepast. 
De definitie werd aangepast naar ""De afstand van het begroeide oppervlak evenwijdig met de as van de (water)weg."""
1.1.0-RC3;14/04/2021;CT000043;PRB0040667;Vegetatie;https://wegenenverkeer-test.data.vlaanderen.be/doc/implementatiemodel/vegetatie;VegetatieElement;https://wegenenverkeer-test.data.vlaanderen.be/ns/abstracten#VegetatieElement;;"De definitie van attribuut ""hoogte"" op abstracte ""Vegetatie Element"" werd aangepast naar ""De hoogteklasse van het vegetatie-element."""
1.1.0-RC3;14/04/2021;CT000045;PRB0040659;Vegetatie;https://wegenenverkeer-test.data.vlaanderen.be/doc/implementatiemodel/vegetatie;OpgaandeBoom;https://wegenenverkeer-test.data.vlaanderen.be/ns/onderdeel#OpgaandeBoom;;"Attribuut ""geschatte klasse plantjaar"" werd toegevoegd op onderdeel op ""opgaande boom"".
De andere attributen worden later in de beheer module opgenomen."
1.1.0-RC3;14/04/2021;CT000046;PRB0040615;Vegetatie;https://wegenenverkeer-test.data.vlaanderen.be/doc/implementatiemodel/vegetatie;OpgaandeBoom;https://wegenenverkeer-test.data.vlaanderen.be/ns/onderdeel#OpgaandeBoom;;"Definitie is gewijzigd van ""opgaande boom"": Ontstond de boom in kunstmatige omstandigheden, dan is de groeivorm bepaald door de jeugdsnoei in de kwekerij en is het eindbeeld van de boom bepaald door de begeleidingssnoei of vormsnoei die wordt uitgevoerd vanaf het planten. --> ""Of vormsnoei"" werd toegevoegd."
1.1.0-RC3;14/04/2021;CT000049;PRB0040621;Vegetatie;https://wegenenverkeer-test.data.vlaanderen.be/doc/implementatiemodel/vegetatie;BegroeidVoorkomen;https://wegenenverkeer-test.data.vlaanderen.be/ns/abstracten#BegroeidVoorkomen;;"De definitie werd aangepast naar: ""De unieke identificator voor de soort van het vegetatie-element.""
De user notes werd het volgende: ""De GBIF code is een unieke gestandaardiseerde code uitgegeven door het GBIF (the Global Biodiversity Information Facility - GBIF.org)"""
1.1.0-RC3;14/04/2021;CT000049;PRB0040621;Vegetatie;https://wegenenverkeer-test.data.vlaanderen.be/doc/implementatiemodel/vegetatie;VegetatieElement;https://wegenenverkeer-test.data.vlaanderen.be/ns/abstracten#VegetatieElement;;"De definitie werd aangepast naar: ""De unieke identificator voor de soort van het vegetatie-element.""
De user notes werd het volgende: ""De GBIF code is een unieke gestandaardiseerde code uitgegeven door het GBIF (the Global Biodiversity Information Facility - GBIF.org)"""
1.1.0-RC3;14/04/2021;CT000062;PRB0040616;Vegetatie;https://wegenenverkeer-test.data.vlaanderen.be/doc/implementatiemodel/vegetatie;OpgaandeHoutigeVegetatie;https://wegenenverkeer-test.data.vlaanderen.be/ns/onderdeel#OpgaandeHoutigeVegetatie;;De defintie van houtkant werd aangepast naar: Een houtkant is een lijnvormige begroeiing met houtgewas (combinatie van bomen en struiken) met een minimale breedte van 3meter en meer en minstens 1 plantrij. 
1.1.0-RC3;14/04/2021;CT000062;PRB0040616;Vegetatie;https://wegenenverkeer-test.data.vlaanderen.be/doc/implementatiemodel/vegetatie;KlHoutigeType;https://wegenenverkeer-test.data.vlaanderen.be/doc/conceptscheme/KlHoutigeType;;De defintie van houtkant werd aangepast naar: Een houtkant is een lijnvormige begroeiing met houtgewas (combinatie van bomen en struiken) met een minimale breedte van 3meter en meer en minstens 1 plantrij. 
1.1.0-RC3;14/04/2021;CT000065;PRB0040617;Vegetatie;https://wegenenverkeer-test.data.vlaanderen.be/doc/implementatiemodel/vegetatie;NatteRuigte;https://wegenenverkeer-test.data.vlaanderen.be/ns/onderdeel#NatteRuigte;;Definitie herwerkt overeenkomstig het voorstel van de werkgroep om niet langer een opsomming van soorten te gebruiken.
1.1.0-RC3;14/04/2021;CT000069;PRB0040619;Vegetatie;https://wegenenverkeer-test.data.vlaanderen.be/doc/implementatiemodel/vegetatie;SolitaireHeester;https://wegenenverkeer-test.data.vlaanderen.be/ns/onderdeel#SolitaireHeester;;Definitie preciezer gemaakt na overleg met de verantwoordelijken voor Openbaar Domein binnen Informatie Vlaanderen.
1.1.0-RC3;14/04/2021;CT000050;PRB0040620;Vegetatie;https://wegenenverkeer-test.data.vlaanderen.be/doc/implementatiemodel/vegetatie;Struweel;https://wegenenverkeer-test.data.vlaanderen.be/ns/onderdeel#Struweel;;"Definitie Struweel  is aangepast naar: ""Een struweel is een met struiken begroeide oppervlakte dat minimaal 5 m breed  is, minimaal 1 m hoog, maar meestal 2 tot 5 m hoog is. Een struweel is meestal meersoortig en vaak aan de rand van een bos terug te vinden."""
1.1.0-RC3;14/04/2021;CT000054;PRB0040505;Vegetatie;https://wegenenverkeer-test.data.vlaanderen.be/doc/implementatiemodel/vegetatie;Klimvorm;https://wegenenverkeer-test.data.vlaanderen.be/ns/onderdeel#Klimvorm;;"De definitie van ""begroeid oppervlak"" op ""Klimvorm"" werd aangepast naar ""Verticaal oppervlak dat begroeid is in vierkante meter""
De definitie ""isZelfhechtend"" werd aangepast naar: ""Geeft aan of de klimplant (zoals klimop of wingerd) rechtstreeks op de muur kan groeien zonder nood aan een draagstructuur."""
1.1.0-RC3;14/04/2021;CT000059;PRB0040687;Vegetatie;https://wegenenverkeer-test.data.vlaanderen.be/doc/implementatiemodel/vegetatie;Sierbeplanting;https://wegenenverkeer-test.data.vlaanderen.be/ns/onderdeel#Sierbeplanting;"ProefWerkingsbreedteMVP;ProefWerkingsbreedteGC;Funderingsmassief;Verankeringsmassief;Funderingsplaat;NaampadObject;BegroeidVoorkomen;Betonfundering";Toevoeging/consolideren van een generalisatie relatie van Verkeersregelinstallatie, BekledingComponent, Fundering, Wegverlichtingsinstallatie naar AIMObject. Toevoeging/consolideren van een generalisatie relatie van Sierbeplanting naar BegroeidVoorkomen. Toevoeging/consolideren van een associatie relatie van Sierbeplanting naar BeheerSierbeplanting, van Geleidingsverlichting naar BekledingComponent, van ProefWerkingsbreedteGC naar Geleideconstructie, van ProefWerkingsbreedteMVP naar Motorvangplank.
1.1.0-RC3;14/04/2021;CT000059;PRB0040687;Vegetatie;https://wegenenverkeer-test.data.vlaanderen.be/doc/implementatiemodel/vegetatie;BeheerSierbeplanting;https://wegenenverkeer-test.data.vlaanderen.be/ns/levenscyclus#BeheerSierbeplanting;"ProefWerkingsbreedteMVP;ProefWerkingsbreedteGC;Funderingsmassief;Verankeringsmassief;Funderingsplaat;NaampadObject;BegroeidVoorkomen;Betonfundering";Toevoeging/consolideren van een generalisatie relatie van Verkeersregelinstallatie, BekledingComponent, Fundering, Wegverlichtingsinstallatie naar AIMObject. Toevoeging/consolideren van een generalisatie relatie van Sierbeplanting naar BegroeidVoorkomen. Toevoeging/consolideren van een associatie relatie van Sierbeplanting naar BeheerSierbeplanting, van Geleidingsverlichting naar BekledingComponent, van ProefWerkingsbreedteGC naar Geleideconstructie, van ProefWerkingsbreedteMVP naar Motorvangplank.
1.1.0-RC3;14/04/2021;CT000090;PRB0040754;Vegetatie;https://wegenenverkeer-test.data.vlaanderen.be/doc/implementatiemodel/vegetatie;OpgaandeBoom;https://wegenenverkeer-test.data.vlaanderen.be/ns/onderdeel#OpgaandeBoom;;
1.1.0-RC3;14/04/2021;CT000090;PRB0040754;Vegetatie;https://wegenenverkeer-test.data.vlaanderen.be/doc/implementatiemodel/vegetatie;KlKlassePlantjaar;https://wegenenverkeer-test.data.vlaanderen.be/doc/conceptscheme/KlKlassePlantjaar;;
1.1.0-RC3;14/04/2021;CT000027;PRB0040478;Ventilatie;https://wegenenverkeer-test.data.vlaanderen.be/doc/implementatiemodel/ventilatie;Stroomkring;https://wegenenverkeer-test.data.vlaanderen.be/ns/onderdeel#Stroomkring;;Punt toegevoegd op het einde van de definitie van Stroomkring en het attribuut stroomkringnummer zonder de betekenis te wijzigen.
1.1.0-RC3;14/04/2021;CT000059;PRB0040687;Ventilatie;https://wegenenverkeer-test.data.vlaanderen.be/doc/implementatiemodel/ventilatie;BekledingComponent;https://wegenenverkeer-test.data.vlaanderen.be/ns/abstracten#BekledingComponent;"ProefWerkingsbreedteMVP;ProefWerkingsbreedteGC;Funderingsmassief;Verankeringsmassief;Funderingsplaat;NaampadObject;BegroeidVoorkomen;Betonfundering";Toevoeging/consolideren van een generalisatie relatie van Verkeersregelinstallatie, BekledingComponent, Fundering, Wegverlichtingsinstallatie naar AIMObject. Toevoeging/consolideren van een generalisatie relatie van Sierbeplanting naar BegroeidVoorkomen. Toevoeging/consolideren van een associatie relatie van Sierbeplanting naar BeheerSierbeplanting, van Geleidingsverlichting naar BekledingComponent, van ProefWerkingsbreedteGC naar Geleideconstructie, van ProefWerkingsbreedteMVP naar Motorvangplank.
1.1.0-RC3;14/04/2021;CT000010;PRB0040562;Verharding-wegfundering;https://wegenenverkeer-test.data.vlaanderen.be/doc/implementatiemodel/verharding-wegfundering;Cementbetonverharding;https://wegenenverkeer-test.data.vlaanderen.be/ns/onderdeel#Cementbetonverharding;;Label nl van aantal ankerstaven is veranderd van 'heeft ankerstaven' naar 'aantal ankerstaven'.
1.1.0-RC3;14/04/2021;CT000011;PRB0040561;Verharding-wegfundering;https://wegenenverkeer-test.data.vlaanderen.be/doc/implementatiemodel/verharding-wegfundering;Stortsteen;https://wegenenverkeer-test.data.vlaanderen.be/ns/onderdeel#Stortsteen;;Schrijffout in label nl van attribuut 'is verankerd' op het onderdeel 'Stortsteen' is verbeterd
1.1.0-RC3;14/04/2021;CT000021;PRB0040547;Verharding-wegfundering;https://wegenenverkeer-test.data.vlaanderen.be/doc/implementatiemodel/verharding-wegfundering;ScheurremmendeLaag;https://wegenenverkeer-test.data.vlaanderen.be/ns/onderdeel#ScheurremmendeLaag;;Definitie onderdeel scheurremmende laag is aangepast (twee m'en ipv 1 m)
1.1.0-RC3;14/04/2021;CT000023;PRB0040545;Verharding-wegfundering;https://wegenenverkeer-test.data.vlaanderen.be/doc/implementatiemodel/verharding-wegfundering;Stortdraad;https://wegenenverkeer-test.data.vlaanderen.be/ns/onderdeel#Stortdraad;;Punt in definitie stortdraad is veranderd naar een komma, label nl is veranderd zodat deze overeenkomt met de naam van het onderdeel.
1.1.0-RC3;14/04/2021;CT000039;PRB0040600;Verharding-wegfundering;https://wegenenverkeer-test.data.vlaanderen.be/doc/implementatiemodel/verharding-wegfundering;Wegdekvoeg;https://wegenenverkeer-test.data.vlaanderen.be/ns/onderdeel#Wegdekvoeg;"Cementbetonverharding;BitumineuzeLaag";"Label-nl van Wegdekvoeg werd gewijzigd van 'Voeg' naar 'Wegdekvoeg'.
Punt (leesteken) toegevoegd het einde van de definitie van het attribuut laagtype."
1.1.0-RC3;14/04/2021;CT000040;PRB0040483;Verharding-wegfundering;https://wegenenverkeer-test.data.vlaanderen.be/doc/implementatiemodel/verharding-wegfundering;Stortsteen;https://wegenenverkeer-test.data.vlaanderen.be/ns/onderdeel#Stortsteen;;Definitie van attributen werd aangepast
1.1.0-RC3;14/04/2021;CT000068;PRB0040642;Verharding-wegfundering;https://wegenenverkeer-test.data.vlaanderen.be/doc/implementatiemodel/verharding-wegfundering;WaterdoorlatendeBestrating;https://wegenenverkeer-test.data.vlaanderen.be/ns/onderdeel#WaterdoorlatendeBestrating;;Definitie verbeterd om beter de betekenis van het Onderdeel weer te geven.
1.1.0-RC3;14/04/2021;CT000058;PRB0040388;Verharding-wegfundering;https://wegenenverkeer-test.data.vlaanderen.be/doc/implementatiemodel/verharding-wegfundering;DunneOverlaging;https://wegenenverkeer-test.data.vlaanderen.be/ns/onderdeel#DunneOverlaging;;Het attribuut gewicht werd toegevoegd op het onderdeel Dunne Overlaging.
1.1.0-RC3;14/04/2021;CT000071;PRB0040633;Verharding-wegfundering;https://wegenenverkeer-test.data.vlaanderen.be/doc/implementatiemodel/verharding-wegfundering;BestratingVanMozaiekkei;https://wegenenverkeer-test.data.vlaanderen.be/ns/onderdeel#BestratingVanMozaiekkei;;Definitie preciezer gemaakt na overleg met de verantwoordelijken voor Openbaar Domein binnen Informatie Vlaanderen.
1.1.0-RC3;14/04/2021;CT000072;PRB0040627;Verharding-wegfundering;https://wegenenverkeer-test.data.vlaanderen.be/doc/implementatiemodel/verharding-wegfundering;BestratingVanKassei;https://wegenenverkeer-test.data.vlaanderen.be/ns/onderdeel#BestratingVanKassei;;Definitie preciezer gemaakt na overleg met de verantwoordelijken voor Openbaar Domein binnen Informatie Vlaanderen.
1.1.0-RC3;14/04/2021;CT000073;PRB0040624;Verharding-wegfundering;https://wegenenverkeer-test.data.vlaanderen.be/doc/implementatiemodel/verharding-wegfundering;Bestrating;https://wegenenverkeer-test.data.vlaanderen.be/ns/abstracten#Bestrating;;Definitie preciezer gemaakt na overleg met de verantwoordelijken voor Openbaar Domein binnen Informatie Vlaanderen.
1.1.0-RC3;14/04/2021;CT000075;PRB0040626;Verharding-wegfundering;https://wegenenverkeer-test.data.vlaanderen.be/doc/implementatiemodel/verharding-wegfundering;BestratingVanBetontegel;https://wegenenverkeer-test.data.vlaanderen.be/ns/onderdeel#BestratingVanBetontegel;;Definitie preciezer gemaakt na overleg met de verantwoordelijken voor Openbaar Domein binnen Informatie Vlaanderen.
1.1.0-RC3;14/04/2021;CT000076;PRB0040625;Verharding-wegfundering;https://wegenenverkeer-test.data.vlaanderen.be/doc/implementatiemodel/verharding-wegfundering;BestratingVanBetonstraatsteen;https://wegenenverkeer-test.data.vlaanderen.be/ns/onderdeel#BestratingVanBetonstraatsteen;;Definitie preciezer gemaakt na overleg met de verantwoordelijken voor Openbaar Domein binnen Informatie Vlaanderen.
1.1.0-RC3;14/04/2021;CT000070;PRB0040634;Verharding-wegfundering;https://wegenenverkeer-test.data.vlaanderen.be/doc/implementatiemodel/verharding-wegfundering;BestratingVanNatuursteentegel;https://wegenenverkeer-test.data.vlaanderen.be/ns/onderdeel#BestratingVanNatuursteentegel;;Definitie preciezer maken na overleg met de verantwoordelijken voor Openbaar Domein binnen Informatie Vlaanderen.
1.1.0-RC3;14/04/2021;CT000027;PRB0040478;Verkeersregelinstallatie;https://wegenenverkeer-test.data.vlaanderen.be/doc/implementatiemodel/verkeersregelinstallatie;Stroomkring;https://wegenenverkeer-test.data.vlaanderen.be/ns/onderdeel#Stroomkring;;Punt toegevoegd op het einde van de definitie van Stroomkring en het attribuut stroomkringnummer zonder de betekenis te wijzigen.
1.1.0-RC3;14/04/2021;CT000030;PRB0040475;Verkeersregelinstallatie;https://wegenenverkeer-test.data.vlaanderen.be/doc/implementatiemodel/verkeersregelinstallatie;ExterneDetectie;https://wegenenverkeer-test.data.vlaanderen.be/ns/onderdeel#ExterneDetectie;;Definitie van de klasse gecorrigeerd om een dubbele spatie te vermijden zonder betekeniswijziging.
1.1.0-RC3;14/04/2021;CT000031;PRB0040480;Verkeersregelinstallatie;https://wegenenverkeer-test.data.vlaanderen.be/doc/implementatiemodel/verkeersregelinstallatie;UPS;https://wegenenverkeer-test.data.vlaanderen.be/ns/onderdeel#UPS;;Kleine spelfouten gecorrigeerd in de definities van diverse attributen zonder betekeniswijziging voor de klassen UPS, IpPowerSwitch en Laagspanningsbord.
1.1.0-RC3;14/04/2021;CT000036;PRB0040605;Verkeersregelinstallatie;https://wegenenverkeer-test.data.vlaanderen.be/doc/implementatiemodel/verkeersregelinstallatie;StroomMeetmodule;https://wegenenverkeer-test.data.vlaanderen.be/ns/onderdeel#StroomMeetmodule;;"Dubbel voorkomen van ""detecteert"" gecorrigeerd in de definitie van StroomMeetmodule zonder de betekenis te wijzigen."
1.1.0-RC3;14/04/2021;CT000037;PRB0040586;Verkeersregelinstallatie;https://wegenenverkeer-test.data.vlaanderen.be/doc/implementatiemodel/verkeersregelinstallatie;Seinlantaarn;https://wegenenverkeer-test.data.vlaanderen.be/ns/abstracten#Seinlantaarn;;Label-nl van Seinlantaarn verbeterd om beter de betekenis volgens de naam en de definitie te weerspiegelen.
1.1.0-RC3;14/04/2021;CT000059;PRB0040687;Verkeersregelinstallatie;https://wegenenverkeer-test.data.vlaanderen.be/doc/implementatiemodel/verkeersregelinstallatie;BekledingComponent;https://wegenenverkeer-test.data.vlaanderen.be/ns/abstracten#BekledingComponent;"ProefWerkingsbreedteMVP;ProefWerkingsbreedteGC;Funderingsmassief;Verankeringsmassief;Funderingsplaat;NaampadObject;BegroeidVoorkomen;Betonfundering";Toevoeging/consolideren van een generalisatie relatie van Verkeersregelinstallatie, BekledingComponent, Fundering, Wegverlichtingsinstallatie naar AIMObject. Toevoeging/consolideren van een generalisatie relatie van Sierbeplanting naar BegroeidVoorkomen. Toevoeging/consolideren van een associatie relatie van Sierbeplanting naar BeheerSierbeplanting, van Geleidingsverlichting naar BekledingComponent, van ProefWerkingsbreedteGC naar Geleideconstructie, van ProefWerkingsbreedteMVP naar Motorvangplank.
1.1.0-RC3;14/04/2021;CT000027;PRB0040478;Verlichtingsinstallatie;https://wegenenverkeer-test.data.vlaanderen.be/doc/implementatiemodel/verlichtingsinstallatie;Stroomkring;https://wegenenverkeer-test.data.vlaanderen.be/ns/onderdeel#Stroomkring;;Punt toegevoegd op het einde van de definitie van Stroomkring en het attribuut stroomkringnummer zonder de betekenis te wijzigen.
1.1.0-RC3;14/04/2021;CT000031;PRB0040480;Verlichtingsinstallatie;https://wegenenverkeer-test.data.vlaanderen.be/doc/implementatiemodel/verlichtingsinstallatie;Laagspanningsbord;https://wegenenverkeer-test.data.vlaanderen.be/ns/onderdeel#Laagspanningsbord;;Kleine spelfouten gecorrigeerd in de definities van diverse attributen zonder betekeniswijziging voor de klassen UPS, IpPowerSwitch en Laagspanningsbord.
1.1.0-RC3;14/04/2021;CT000034;PRB0040484;Verlichtingsinstallatie;https://wegenenverkeer-test.data.vlaanderen.be/doc/implementatiemodel/verlichtingsinstallatie;Netwerkpoort;https://wegenenverkeer-test.data.vlaanderen.be/ns/onderdeel#Netwerkpoort;;De leesbaarheid van de definitie verbeterd zonder betekenis ervan te wijzigen.
1.1.0-RC3;14/04/2021;CT000059;PRB0040687;Verlichtingsinstallatie;https://wegenenverkeer-test.data.vlaanderen.be/doc/implementatiemodel/verlichtingsinstallatie;BekledingComponent;https://wegenenverkeer-test.data.vlaanderen.be/ns/abstracten#BekledingComponent;"ProefWerkingsbreedteMVP;ProefWerkingsbreedteGC;Funderingsmassief;Verankeringsmassief;Funderingsplaat;NaampadObject;BegroeidVoorkomen;Betonfundering";Toevoeging/consolideren van een generalisatie relatie van Verkeersregelinstallatie, BekledingComponent, Fundering, Wegverlichtingsinstallatie naar AIMObject. Toevoeging/consolideren van een generalisatie relatie van Sierbeplanting naar BegroeidVoorkomen. Toevoeging/consolideren van een associatie relatie van Sierbeplanting naar BeheerSierbeplanting, van Geleidingsverlichting naar BekledingComponent, van ProefWerkingsbreedteGC naar Geleideconstructie, van ProefWerkingsbreedteMVP naar Motorvangplank.
1.1.0-RC3;14/04/2021;CT000027;PRB0040478;Zone-30;https://wegenenverkeer-test.data.vlaanderen.be/doc/implementatiemodel/zone-30;Stroomkring;https://wegenenverkeer-test.data.vlaanderen.be/ns/onderdeel#Stroomkring;;Punt toegevoegd op het einde van de definitie van Stroomkring en het attribuut stroomkringnummer zonder de betekenis te wijzigen.
1.1.0-RC3;14/04/2021;CT000037;PRB0040586;Zone-30;https://wegenenverkeer-test.data.vlaanderen.be/doc/implementatiemodel/zone-30;Seinlantaarn;https://wegenenverkeer-test.data.vlaanderen.be/ns/abstracten#Seinlantaarn;;Label-nl van Seinlantaarn verbeterd om beter de betekenis volgens de naam en de definitie te weerspiegelen.
