RELEASENOTES;;;;;;;;;;
OTL VERSIE;DATUM GEPUBLICEERD;CHANGE TICKET NR;PROBLEEM NR;IMPLEMENTATIEMODEL;IMPLEMENTATIEMODEL URL;PRIMAIRE OTL KLASSE;PRIMAIRE OTL KLASSE URL;SECUNDAIRE OTL KLASSE;OPLOSSING;NIEUW
2.13.0;15/10/2024;CT000560;PRB2938;AIM-Object;https://wegenenverkeer.data.vlaanderen.be/doc/implementatiemodel/aim-object;Bijlage;https://wegenenverkeer.data.vlaanderen.be/ns/onderdeel#Bijlage;;"Volgende usage_note werd toegevoegd : ""Voor bijlagen die meerdere assettypes behandelen of aanvullende informatie bieden. Voor specifieke informatie van de asset, en waarvoor een eigenschap gedefinieerd is bv. technische fiche, detailplan, moet deze opgenomen worden via deze eigenschap.""";0
2.13.0;15/10/2024;CT000566;PRB2956;AIM-Object;https://wegenenverkeer.data.vlaanderen.be/doc/implementatiemodel/aim-object;Bijlage;https://wegenenverkeer.data.vlaanderen.be/ns/onderdeel#Bijlage;"KlBijlageType;AIMObject;AbstracteAanvullendeGeometrie";Bijlage werd onterecht gepubliceerd in het implementatie-element vocabularium. Dit werd gecorrigeerd en Bijlage is nu toegevoegd aan het Onderdelen vocabularium.;1
2.13.0;15/10/2024;CT000552;PRB2911;Brug;https://wegenenverkeer.data.vlaanderen.be/doc/implementatiemodel/brug;Trekker;https://wegenenverkeer.data.vlaanderen.be/ns/installatie#Trekker;Brugdeel;Een bevestigingsrelatie werd toegevoegd tussen Trekker en Brugdeel.;0
2.13.0;15/10/2024;CT000568;PRB2964;Camerainstallatie;https://wegenenverkeer.data.vlaanderen.be/doc/implementatiemodel/camerainstallatie;Netwerkelement;https://wegenenverkeer.data.vlaanderen.be/ns/onderdeel#Netwerkelement;"Rack;Laagspanningsbord;UPS;Stroomkring;Inloopbehuizing;Lokaal;Gebouw;Kast";De ontbrekende bevestigingsrelaties (Spanningsomvormer - Kast, Gebouw, Lokaal, Inloopbehuizing, Rack) en voedingsrelaties (Stroomkring, UPS, Laagspanningsbord => Spanningsomvormer ) werden toegevoegd.;0
2.13.0;15/10/2024;CT000568;PRB2964;Dynamische-borden;https://wegenenverkeer.data.vlaanderen.be/doc/implementatiemodel/dynamische-borden;Netwerkelement;https://wegenenverkeer.data.vlaanderen.be/ns/onderdeel#Netwerkelement;"Rack;Laagspanningsbord;UPS;Stroomkring;Inloopbehuizing;Lokaal;Gebouw;Kast";De ontbrekende bevestigingsrelaties (Spanningsomvormer - Kast, Gebouw, Lokaal, Inloopbehuizing, Rack) en voedingsrelaties (Stroomkring, UPS, Laagspanningsbord => Spanningsomvormer ) werden toegevoegd.;0
2.13.0;15/10/2024;CT000564;PRB2914;Hoppinpunten;https://wegenenverkeer.data.vlaanderen.be/doc/implementatiemodel/hoppinpunten;DigitaleHoppinzuil;https://wegenenverkeer.data.vlaanderen.be/ns/onderdeel#DigitaleHoppinzuil;;Type 'DigitaleHoppinzuil' werd toegevoegd. Naast de eigenschappen die worden overge�rfd van de abstracte 'Hoppinzuil', bevat de DigitaleHoppinzuil nog 1 specifieke eigenschap 'schermHoogte'.;1
2.13.0;15/10/2024;CT000564;PRB2914;Hoppinpunten;https://wegenenverkeer.data.vlaanderen.be/doc/implementatiemodel/hoppinpunten;Hoppinzuil;https://wegenenverkeer.data.vlaanderen.be/ns/abstracten#Hoppinzuil;;Type 'DigitaleHoppinzuil' werd toegevoegd. Naast de eigenschappen die worden overge�rfd van de abstracte 'Hoppinzuil', bevat de DigitaleHoppinzuil nog 1 specifieke eigenschap 'schermHoogte'.;0
2.13.0;15/10/2024;CT000568;PRB2964;Inbreuken-zwaar-vervoer;https://wegenenverkeer.data.vlaanderen.be/doc/implementatiemodel/inbreuken-zwaar-vervoer;Netwerkelement;https://wegenenverkeer.data.vlaanderen.be/ns/onderdeel#Netwerkelement;"Rack;Laagspanningsbord;UPS;Stroomkring;Inloopbehuizing;Lokaal;Gebouw;Kast";De ontbrekende bevestigingsrelaties (Spanningsomvormer - Kast, Gebouw, Lokaal, Inloopbehuizing, Rack) en voedingsrelaties (Stroomkring, UPS, Laagspanningsbord => Spanningsomvormer ) werden toegevoegd.;0
2.13.0;15/10/2024;CT000569;PRB2967;Inbreuken-zwaar-vervoer;https://wegenenverkeer.data.vlaanderen.be/doc/implementatiemodel/inbreuken-zwaar-vervoer;Weegsensor;https://wegenenverkeer.data.vlaanderen.be/ns/onderdeel#Weegsensor;"NietSelectieveDetectielus;Neerslagsensor;Omvormer";Volgende relaties werden voorzien in de OTL : een sturingsrelatie tussen de Neerslagsensor (via abstracte Sensor) en Omvormer, Spanningsomvormer voedt de Omvormer en de Neerslagsensor, een sturingsrelatie tussen NietSelectieveDetectielus en Weegsensor.;0
2.13.0;15/10/2024;CT000559;PRB2789;IP-Netwerk;https://wegenenverkeer.data.vlaanderen.be/doc/implementatiemodel/ip-netwerk;IPBackbone;https://wegenenverkeer.data.vlaanderen.be/ns/installatie#IPBackbone;"Lensplaat;VirtueleServer;TLCfiPoort;RIS;LogischePoort;ITSapp;ExterneDetectie;DNBLaagspanning;DNBHoogspanning;Zpad;VLAN;VerkeersbordVerkeersteken;VerkeersbordConcept;Pad;Link;L2AccessStructuur;MeteropnameEnergiemeterGecombineerd;MeteropnameEnergiemeter;Keuring";Voor de volgende objecttypes is in de usage_note verduidelijkt dat ze geometrisch NIET hoeven te worden opgemeten : IPBackbone,L2AccessStructuur,Link,Pad,VerkeersbordConcept,VerkeersbordVerkeersteken,VLAN,Zpad,DNBHoogspanning,DNBLaagspanning,ExterneDetectie,ITSapp,LogischePoort,RIS,Software,TLCfiPoort,VirtueleServer,Keuring,MeteropnameEnergiemeter,MeteropnameEnergiemeterGecombineerd,Lensplaat,Been,Bijlage;0
2.13.0;15/10/2024;CT000568;PRB2964;IP-Netwerk;https://wegenenverkeer.data.vlaanderen.be/doc/implementatiemodel/ip-netwerk;Netwerkelement;https://wegenenverkeer.data.vlaanderen.be/ns/onderdeel#Netwerkelement;"Rack;Laagspanningsbord;UPS;Stroomkring;Inloopbehuizing;Lokaal;Gebouw;Kast";De ontbrekende bevestigingsrelaties (Spanningsomvormer - Kast, Gebouw, Lokaal, Inloopbehuizing, Rack) en voedingsrelaties (Stroomkring, UPS, Laagspanningsbord => Spanningsomvormer ) werden toegevoegd.;0
2.13.0;15/10/2024;CT000571;PRB2963;Kabels-en-leidingen;https://wegenenverkeer.data.vlaanderen.be/doc/implementatiemodel/kabels-en-leidingen;Datakabel;https://wegenenverkeer.data.vlaanderen.be/ns/onderdeel#Datakabel;"IVRIComponent;NaampadObject;ITSapp;RIS;TLCfiPoort";De klassen Datakabel, ITSApp,RIS en TLCfiPoort werden uitgebreid met Naampad attribuut ikv EM-verweving.;0
2.13.0;15/10/2024;CT000561;PRB2944;Kasten-Cabines-Behuizing;https://wegenenverkeer.data.vlaanderen.be/doc/implementatiemodel/kasten-cabines-behuizing;ThermoHygrometer;https://wegenenverkeer.data.vlaanderen.be/ns/onderdeel#ThermoHygrometer;"Wegkantkast;Rack";Een bevestigingsrelatie werd voorzien tussen ThermoHygrometer en Rack en tussen ThermoHygrometer en Wegkantkast.;0
2.13.0;15/10/2024;CT000553;PRB2474;Koker;https://wegenenverkeer.data.vlaanderen.be/doc/implementatiemodel/koker;Toegangsluik;https://wegenenverkeer.data.vlaanderen.be/ns/onderdeel#Toegangsluik;AanhorigheidKoker;Onderdeel Toegangsluik is een subklasse geworden van abstracte AanhorigheidKoker in het Kokermodel.;0
2.13.0;15/10/2024;CT000557;PRB2871;Koker;https://wegenenverkeer.data.vlaanderen.be/doc/implementatiemodel/koker;VerlichtingstoestelLED;https://wegenenverkeer.data.vlaanderen.be/ns/onderdeel#VerlichtingstoestelLED;;De attributen 'tussenafstandLED' en 'AantalTeVerlichtenRijstroken' werden verder toegelicht in de usage_note.;0
2.13.0;15/10/2024;CT000562;PRB2913;Koker;https://wegenenverkeer.data.vlaanderen.be/doc/implementatiemodel/koker;WazeBeacon;https://wegenenverkeer.data.vlaanderen.be/ns/onderdeel#WazeBeacon;"Wand;AIMNaamObject";Waze Beacon werd toegevoegd aan het kokermodel en kan bevestigd worden aan een wand.;1
2.13.0;15/10/2024;CT000557;PRB2871;Lijnvormige-elementen;https://wegenenverkeer.data.vlaanderen.be/doc/implementatiemodel/lijnvormige-elementen;VerlichtingstoestelLED;https://wegenenverkeer.data.vlaanderen.be/ns/onderdeel#VerlichtingstoestelLED;;De attributen 'tussenafstandLED' en 'AantalTeVerlichtenRijstroken' werden verder toegelicht in de usage_note.;0
2.13.0;15/10/2024;CT000556;PRB2919;Meten-in-Vlaanderen;https://wegenenverkeer.data.vlaanderen.be/doc/implementatiemodel/meten-in-vlaanderen;MIVModule;https://wegenenverkeer.data.vlaanderen.be/ns/installatie#MIVModule;;MIVModule werd uitgebreid met een attribuut IP-adres (IP v4 adres).;0
2.13.0;15/10/2024;CT000563;PRB2918;Meten-in-Vlaanderen;https://wegenenverkeer.data.vlaanderen.be/doc/implementatiemodel/meten-in-vlaanderen;MIVMeetpunt;https://wegenenverkeer.data.vlaanderen.be/ns/installatie#MIVMeetpunt;;Legacy-eigenschappen: trekput, aansluiting, wegdek werden toegevoegd in het kader van de verweving tussen Legacy data en OTL data. Zoals aangegeven in de usageNotes zijn deze eigenschappen bedoeld als tussenoplossing en zal de informatie die hierin wordt ondergebracht op termijn in andere OTL-types moeten worden bijgehouden. ;0
2.13.0;15/10/2024;CT000565;PRB2955;Meten-in-Vlaanderen;https://wegenenverkeer.data.vlaanderen.be/doc/implementatiemodel/meten-in-vlaanderen;MIVMeetpunt;https://wegenenverkeer.data.vlaanderen.be/ns/installatie#MIVMeetpunt;"Kabelmof;Signaalkabel;Datakabel;Laagspanningsbord;Datakabel";Relaties werden toegevoegd en waar nodig ook usageNotes.;0
2.13.0;15/10/2024;CT000568;PRB2964;Meten-in-Vlaanderen;https://wegenenverkeer.data.vlaanderen.be/doc/implementatiemodel/meten-in-vlaanderen;Netwerkelement;https://wegenenverkeer.data.vlaanderen.be/ns/onderdeel#Netwerkelement;"Rack;Laagspanningsbord;UPS;Stroomkring;Inloopbehuizing;Lokaal;Gebouw;Kast";De ontbrekende bevestigingsrelaties (Spanningsomvormer - Kast, Gebouw, Lokaal, Inloopbehuizing, Rack) en voedingsrelaties (Stroomkring, UPS, Laagspanningsbord => Spanningsomvormer ) werden toegevoegd.;0
2.13.0;15/10/2024;CT000561;PRB2944;Meteo;https://wegenenverkeer.data.vlaanderen.be/doc/implementatiemodel/meteo;ThermoHygrometer;https://wegenenverkeer.data.vlaanderen.be/ns/onderdeel#ThermoHygrometer;"Wegkantkast;Rack";Een bevestigingsrelatie werd voorzien tussen ThermoHygrometer en Rack en tussen ThermoHygrometer en Wegkantkast.;0
2.13.0;15/10/2024;CT000568;PRB2964;Meteo;https://wegenenverkeer.data.vlaanderen.be/doc/implementatiemodel/meteo;Netwerkelement;https://wegenenverkeer.data.vlaanderen.be/ns/onderdeel#Netwerkelement;"Rack;Laagspanningsbord;UPS;Stroomkring;Inloopbehuizing;Lokaal;Gebouw;Kast";De ontbrekende bevestigingsrelaties (Spanningsomvormer - Kast, Gebouw, Lokaal, Inloopbehuizing, Rack) en voedingsrelaties (Stroomkring, UPS, Laagspanningsbord => Spanningsomvormer ) werden toegevoegd.;0
2.13.0;15/10/2024;CT000569;PRB2967;Meteo;https://wegenenverkeer.data.vlaanderen.be/doc/implementatiemodel/meteo;Sensor;https://wegenenverkeer.data.vlaanderen.be/ns/abstracten#Sensor;"NietSelectieveDetectielus;Neerslagsensor;Omvormer";Volgende relaties werden voorzien in de OTL : een sturingsrelatie tussen de Neerslagsensor (via abstracte Sensor) en Omvormer, Spanningsomvormer voedt de Omvormer en de Neerslagsensor, een sturingsrelatie tussen NietSelectieveDetectielus en Weegsensor.;0
2.13.0;15/10/2024;CT000567;PRB2962;Optisch-Transport-Netwerk;https://wegenenverkeer.data.vlaanderen.be/doc/implementatiemodel/optisch-transport-netwerk;Been;https://wegenenverkeer.data.vlaanderen.be/ns/installatie#Been;"AIMNaamObject;AIMObject";De klasse Been werd een AIMNaamObject en werd op deze manier uitgebreid met de attribuut 'naam'.;0
2.13.0;15/10/2024;CT000568;PRB2964;Optisch-Transport-Netwerk;https://wegenenverkeer.data.vlaanderen.be/doc/implementatiemodel/optisch-transport-netwerk;Netwerkelement;https://wegenenverkeer.data.vlaanderen.be/ns/onderdeel#Netwerkelement;"Rack;Laagspanningsbord;UPS;Stroomkring;Inloopbehuizing;Lokaal;Gebouw;Kast";De ontbrekende bevestigingsrelaties (Spanningsomvormer - Kast, Gebouw, Lokaal, Inloopbehuizing, Rack) en voedingsrelaties (Stroomkring, UPS, Laagspanningsbord => Spanningsomvormer ) werden toegevoegd.;0
2.13.0;15/10/2024;CT000557;PRB2871;Punctuele-verlichting;https://wegenenverkeer.data.vlaanderen.be/doc/implementatiemodel/punctuele-verlichting;VerlichtingstoestelLED;https://wegenenverkeer.data.vlaanderen.be/ns/onderdeel#VerlichtingstoestelLED;;De attributen 'tussenafstandLED' en 'AantalTeVerlichtenRijstroken' werden verder toegelicht in de usage_note.;0
2.13.0;15/10/2024;CT000565;PRB2955;Radioheruitzending;https://wegenenverkeer.data.vlaanderen.be/doc/implementatiemodel/radioheruitzending;ASTRIDInstallatie;https://wegenenverkeer.data.vlaanderen.be/ns/installatie#ASTRIDInstallatie;"Kabelmof;Signaalkabel;Datakabel;Laagspanningsbord;Datakabel";Relaties werden toegevoegd en waar nodig ook usageNotes.;0
2.13.0;15/10/2024;CT000565;PRB2955;Radioheruitzending;https://wegenenverkeer.data.vlaanderen.be/doc/implementatiemodel/radioheruitzending;RadioheruitzendInstallatie;https://wegenenverkeer.data.vlaanderen.be/ns/installatie#RadioheruitzendInstallatie;"Kabelmof;Signaalkabel;Datakabel;Laagspanningsbord;Datakabel";Relaties werden toegevoegd en waar nodig ook usageNotes.;0
2.13.0;15/10/2024;CT000571;PRB2963;Radioheruitzending;https://wegenenverkeer.data.vlaanderen.be/doc/implementatiemodel/radioheruitzending;Datakabel;https://wegenenverkeer.data.vlaanderen.be/ns/onderdeel#Datakabel;"IVRIComponent;NaampadObject;ITSapp;RIS;TLCfiPoort";De klassen Datakabel, ITSApp,RIS en TLCfiPoort werden uitgebreid met Naampad attribuut ikv EM-verweving.;0
2.13.0;15/10/2024;CT000568;PRB2964;Radioheruitzending;https://wegenenverkeer.data.vlaanderen.be/doc/implementatiemodel/radioheruitzending;Netwerkelement;https://wegenenverkeer.data.vlaanderen.be/ns/onderdeel#Netwerkelement;"Rack;Laagspanningsbord;UPS;Stroomkring;Inloopbehuizing;Lokaal;Gebouw;Kast";De ontbrekende bevestigingsrelaties (Spanningsomvormer - Kast, Gebouw, Lokaal, Inloopbehuizing, Rack) en voedingsrelaties (Stroomkring, UPS, Laagspanningsbord => Spanningsomvormer ) werden toegevoegd.;0
2.13.0;15/10/2024;CT000551;PRB2923;Signalisatie;https://wegenenverkeer.data.vlaanderen.be/doc/implementatiemodel/signalisatie;IVSB;https://wegenenverkeer.data.vlaanderen.be/ns/onderdeel#IVSB;"RetroreflecterendVerkeersbord;Stroomkring";De nieuwe klasse IVSB (Inwendig verlicht signalisatiebord) werd toegevoegd aan de OTL als specialisatie van RetroreflecterendVerkeersbord en krijgt voeding via Stroomkring.;1
2.13.0;15/10/2024;CT000551;PRB2923;Signalisatie;https://wegenenverkeer.data.vlaanderen.be/doc/implementatiemodel/signalisatie;KlTypeIVSB;https://wegenenverkeer.data.vlaanderen.be/doc/conceptscheme/KlTypeIVSB;"RetroreflecterendVerkeersbord;Stroomkring";De nieuwe klasse IVSB (Inwendig verlicht signalisatiebord) werd toegevoegd aan de OTL als specialisatie van RetroreflecterendVerkeersbord en krijgt voeding via Stroomkring.;1
2.13.0;15/10/2024;CT000558;PRB2935;Sites;https://wegenenverkeer.data.vlaanderen.be/doc/implementatiemodel/sites;Zoutbijlaadplaats;https://wegenenverkeer.data.vlaanderen.be/ns/installatie#Zoutbijlaadplaats;;Een typo in de definitie van Zoutbijlaadplaats werd aangepast.;0
2.13.0;15/10/2024;CT000553;PRB2474;Sluizen-stuwen;https://wegenenverkeer.data.vlaanderen.be/doc/implementatiemodel/sluizen-stuwen;Toegangsluik;https://wegenenverkeer.data.vlaanderen.be/ns/onderdeel#Toegangsluik;AanhorigheidKoker;Onderdeel Toegangsluik is een subklasse geworden van abstracte AanhorigheidKoker in het Kokermodel.;0
2.13.0;15/10/2024;CT000568;PRB2964;Snelheids-roodlichtcamera;https://wegenenverkeer.data.vlaanderen.be/doc/implementatiemodel/snelheids-roodlichtcamera;Netwerkelement;https://wegenenverkeer.data.vlaanderen.be/ns/onderdeel#Netwerkelement;"Rack;Laagspanningsbord;UPS;Stroomkring;Inloopbehuizing;Lokaal;Gebouw;Kast";De ontbrekende bevestigingsrelaties (Spanningsomvormer - Kast, Gebouw, Lokaal, Inloopbehuizing, Rack) en voedingsrelaties (Stroomkring, UPS, Laagspanningsbord => Spanningsomvormer ) werden toegevoegd.;0
2.13.0;15/10/2024;CT000571;PRB2963;Software-Hardware;https://wegenenverkeer.data.vlaanderen.be/doc/implementatiemodel/software-hardware;Software;https://wegenenverkeer.data.vlaanderen.be/ns/onderdeel#Software;"IVRIComponent;NaampadObject;ITSapp;RIS;TLCfiPoort";De klassen Datakabel, ITSApp,RIS en TLCfiPoort werden uitgebreid met Naampad attribuut ikv EM-verweving.;0
2.13.0;15/10/2024;CT000568;PRB2964;Software-Hardware;https://wegenenverkeer.data.vlaanderen.be/doc/implementatiemodel/software-hardware;Netwerkelement;https://wegenenverkeer.data.vlaanderen.be/ns/onderdeel#Netwerkelement;"Rack;Laagspanningsbord;UPS;Stroomkring;Inloopbehuizing;Lokaal;Gebouw;Kast";De ontbrekende bevestigingsrelaties (Spanningsomvormer - Kast, Gebouw, Lokaal, Inloopbehuizing, Rack) en voedingsrelaties (Stroomkring, UPS, Laagspanningsbord => Spanningsomvormer ) werden toegevoegd.;0
2.13.0;15/10/2024;CT000568;PRB2964;Trajectcontrole;https://wegenenverkeer.data.vlaanderen.be/doc/implementatiemodel/trajectcontrole;Netwerkelement;https://wegenenverkeer.data.vlaanderen.be/ns/onderdeel#Netwerkelement;"Rack;Laagspanningsbord;UPS;Stroomkring;Inloopbehuizing;Lokaal;Gebouw;Kast";De ontbrekende bevestigingsrelaties (Spanningsomvormer - Kast, Gebouw, Lokaal, Inloopbehuizing, Rack) en voedingsrelaties (Stroomkring, UPS, Laagspanningsbord => Spanningsomvormer ) werden toegevoegd.;0
2.13.0;15/10/2024;CT000568;PRB2964;UPS;https://wegenenverkeer.data.vlaanderen.be/doc/implementatiemodel/ups;Spanningsomvormer;https://wegenenverkeer.data.vlaanderen.be/ns/onderdeel#Spanningsomvormer;"Rack;Laagspanningsbord;UPS;Stroomkring;Inloopbehuizing;Lokaal;Gebouw;Kast";De ontbrekende bevestigingsrelaties (Spanningsomvormer - Kast, Gebouw, Lokaal, Inloopbehuizing, Rack) en voedingsrelaties (Stroomkring, UPS, Laagspanningsbord => Spanningsomvormer ) werden toegevoegd.;0
2.13.0;15/10/2024;CT000569;PRB2967;UPS;https://wegenenverkeer.data.vlaanderen.be/doc/implementatiemodel/ups;Spanningsomvormer;https://wegenenverkeer.data.vlaanderen.be/ns/onderdeel#Spanningsomvormer;"NietSelectieveDetectielus;Neerslagsensor;Omvormer";Volgende relaties werden voorzien in de OTL : een sturingsrelatie tussen de Neerslagsensor (via abstracte Sensor) en Omvormer, Spanningsomvormer voedt de Omvormer en de Neerslagsensor, een sturingsrelatie tussen NietSelectieveDetectielus en Weegsensor.;0
2.13.0;15/10/2024;CT000554;PRB2932;Verharding-wegfundering;https://wegenenverkeer.data.vlaanderen.be/doc/implementatiemodel/verharding-wegfundering;BeschermingWapening;https://wegenenverkeer.data.vlaanderen.be/ns/onderdeel#BeschermingWapening;;De klassen ScheurremmendeLaag en BeschermingWapening werden uitgebreid met een attribuut 'technische fiche'.;0
2.13.0;15/10/2024;CT000554;PRB2932;Verharding-wegfundering;https://wegenenverkeer.data.vlaanderen.be/doc/implementatiemodel/verharding-wegfundering;ScheurremmendeLaag;https://wegenenverkeer.data.vlaanderen.be/ns/onderdeel#ScheurremmendeLaag;;De klassen ScheurremmendeLaag en BeschermingWapening werden uitgebreid met een attribuut 'technische fiche'.;0
2.13.0;15/10/2024;CT000571;PRB2963;Verkeersregelinstallatie;https://wegenenverkeer.data.vlaanderen.be/doc/implementatiemodel/verkeersregelinstallatie;Software;https://wegenenverkeer.data.vlaanderen.be/ns/onderdeel#Software;"IVRIComponent;NaampadObject;ITSapp;RIS;TLCfiPoort";De klassen Datakabel, ITSApp,RIS en TLCfiPoort werden uitgebreid met Naampad attribuut ikv EM-verweving.;0
2.13.0;15/10/2024;CT000557;PRB2871;Verlichtingsinstallatie;https://wegenenverkeer.data.vlaanderen.be/doc/implementatiemodel/verlichtingsinstallatie;VerlichtingstoestelLED;https://wegenenverkeer.data.vlaanderen.be/ns/onderdeel#VerlichtingstoestelLED;;De attributen 'tussenafstandLED' en 'AantalTeVerlichtenRijstroken' werden verder toegelicht in de usage_note.;0
2.13.0;15/10/2024;CT000568;PRB2964;Verlichtingsinstallatie;https://wegenenverkeer.data.vlaanderen.be/doc/implementatiemodel/verlichtingsinstallatie;Netwerkelement;https://wegenenverkeer.data.vlaanderen.be/ns/onderdeel#Netwerkelement;"Rack;Laagspanningsbord;UPS;Stroomkring;Inloopbehuizing;Lokaal;Gebouw;Kast";De ontbrekende bevestigingsrelaties (Spanningsomvormer - Kast, Gebouw, Lokaal, Inloopbehuizing, Rack) en voedingsrelaties (Stroomkring, UPS, Laagspanningsbord => Spanningsomvormer ) werden toegevoegd.;0
2.13.0;15/10/2024;CT000568;PRB2964;Wilddetectiesysteem;https://wegenenverkeer.data.vlaanderen.be/doc/implementatiemodel/wilddetectiesysteem;Netwerkelement;https://wegenenverkeer.data.vlaanderen.be/ns/onderdeel#Netwerkelement;"Rack;Laagspanningsbord;UPS;Stroomkring;Inloopbehuizing;Lokaal;Gebouw;Kast";De ontbrekende bevestigingsrelaties (Spanningsomvormer - Kast, Gebouw, Lokaal, Inloopbehuizing, Rack) en voedingsrelaties (Stroomkring, UPS, Laagspanningsbord => Spanningsomvormer ) werden toegevoegd.;0
2.13.0;15/10/2024;CT000558;PRB2935;Zoutbijlaadplaats;https://wegenenverkeer.data.vlaanderen.be/doc/implementatiemodel/zoutbijlaadplaats;Zoutbijlaadplaats;https://wegenenverkeer.data.vlaanderen.be/ns/installatie#Zoutbijlaadplaats;;Een typo in de definitie van Zoutbijlaadplaats werd aangepast.;0
