RELEASENOTES,,,,,,,,,
OTL VERSIE,DATUM GEPUBLICEERD,CHANGE TICKET NR,PROBLEEM NR,IMPLEMENTATIEMODEL,IMPLEMENTATIEMODEL URL,PRIMAIRE OTL KLASSE,PRIMAIRE OTL KLASSE URL,SECUNDAIRE OTL KLASSE,OPLOSSING
2.7.0,3/29/2023,CT000341,PRB0041288,Aarding,https://wegenenverkeer.data.vlaanderen.be/doc/implementatiemodel/aarding,Aardingsinstallatie,https://wegenenverkeer.data.vlaanderen.be/ns/installatie#Aardingsinstallatie,,Er werd een eigenschap aardingsinstallatietype toegevoegd aan de klasse aardingsinstallatie die gebruikt maakt van een keuzelijst.
2.7.0,3/29/2023,CT000341,PRB0041288,Aarding,https://wegenenverkeer.data.vlaanderen.be/doc/implementatiemodel/aarding,KlAardingsInstallatieType,https://wegenenverkeer.data.vlaanderen.be/doc/conceptscheme/KlAardingsInstallatieType,,Er werd een eigenschap aardingsinstallatietype toegevoegd aan de klasse aardingsinstallatie die gebruikt maakt van een keuzelijst.
2.7.0,3/29/2023,CT000343,PRB0041287,Aarding,https://wegenenverkeer.data.vlaanderen.be/doc/implementatiemodel/aarding,Aardingspen,https://wegenenverkeer.data.vlaanderen.be/ns/onderdeel#Aardingspen,,De eigenschap 'lengte' van klasse Aardingspen werd uit gebruik genomen.
2.7.0,3/29/2023,CT000338,PRB0041300,ANPR-Trajectcontrole,https://wegenenverkeer.data.vlaanderen.be/doc/implementatiemodel/anpr-trajectcontrole,Netwerkelement,https://wegenenverkeer.data.vlaanderen.be/ns/onderdeel#Netwerkelement,AIMObject;Link;Netwerkpoort;Pad;Netwerkpoort,OTN werd uitgebreid met klasse Been en Hoortbij relaties naar Link en Pad. Netwerkelement werd uitgebreid met eigenschap afmeting.
2.7.0,3/29/2023,CT000340,PRB0041017,ANPR-Trajectcontrole,https://wegenenverkeer.data.vlaanderen.be/doc/implementatiemodel/anpr-trajectcontrole,Laagspanningsbord,https://wegenenverkeer.data.vlaanderen.be/ns/onderdeel#Laagspanningsbord,,In navolging van de werkgroepen rond elektrische componenten met stakeholders van AWV en DVW werden volgende wijzigingen doorgevoerd op de klasse 'Laagspanningsbord': 1. Het attribuut vermogen werd uit gebruik genomen. 2. Het attribuut nominale stroom werd ge?ntroduceerd. 3. Het attribuut kortsluitvermogen werd ge?ntroduceerd. 
2.7.0,3/29/2023,CT000347,PRB0041311,ANPR-Trajectcontrole,https://wegenenverkeer.data.vlaanderen.be/doc/implementatiemodel/anpr-trajectcontrole,Camera,https://wegenenverkeer.data.vlaanderen.be/ns/onderdeel#Camera,SerienummerObject,De eigenschap 'serienummer' werd toegevoegd aan klasse Camera. De kardinaliteit van de eigenschap 'technische fiche' werd verhoogd naar 1..*.
2.7.0,3/29/2023,CT000356,PRB0041316,ANPR-Trajectcontrole,https://wegenenverkeer.data.vlaanderen.be/doc/implementatiemodel/anpr-trajectcontrole,Netwerkpoort,https://wegenenverkeer.data.vlaanderen.be/ns/onderdeel#Netwerkpoort,Kast;SerienummerObject;Stroomkring;Bevestigingsbeugel;Draagconstructie;DynBordOpMaat;Ecoraster;Netwerkelement;AIMNaamObject,Het nieuwe model Wildetectiesysteem werd aan de OTL toegevoegd. 
2.7.0,3/29/2023,CT000353,PRB0041285,ANPR-Trajectcontrole,https://wegenenverkeer.data.vlaanderen.be/doc/implementatiemodel/anpr-trajectcontrole,Laagspanningsbord,https://wegenenverkeer.data.vlaanderen.be/ns/onderdeel#Laagspanningsbord,,Er is overeengekomen dat er een nood bestaat om informatie bij te houden over het aardingsnet op niveau van het laagspanningsbord. Deze werd als attribuut met een keuzelijst toegevoegd.
2.7.0,3/29/2023,CT000355,PRB0041315,ANPR-Trajectcontrole,https://wegenenverkeer.data.vlaanderen.be/doc/implementatiemodel/anpr-trajectcontrole,UPS,https://wegenenverkeer.data.vlaanderen.be/ns/onderdeel#UPS,SerienummerObject;ElektrischComponentennummerObject;AIMObject;AIMNaamObject,"Het model UPS werd aangemaakt. Dit bevat volgende nieuwe klassen: AutomatischeOmschakelaar, BypassSchakelaar, Stroomverdelingssysteem, Batterijlader, Spanningsomvormer."
2.7.0,3/29/2023,CT000356,PRB0041316,Aswegersite,https://wegenenverkeer.data.vlaanderen.be/doc/implementatiemodel/aswegersite,Netwerkpoort,https://wegenenverkeer.data.vlaanderen.be/ns/onderdeel#Netwerkpoort,Kast;SerienummerObject;Stroomkring;Bevestigingsbeugel;Draagconstructie;DynBordOpMaat;Ecoraster;Netwerkelement;AIMNaamObject,Het nieuwe model Wildetectiesysteem werd aan de OTL toegevoegd. 
2.7.0,3/29/2023,CT000345,PRB0041310,Brandleiding,https://wegenenverkeer.data.vlaanderen.be/doc/implementatiemodel/brandleiding,IOKaart,https://wegenenverkeer.data.vlaanderen.be/ns/onderdeel#IOKaart,SerienummerObject,De eigenschap 'serienummer' werd toegekend aan klasse IOKaart via overerving van abstracte SerienummerObject.
2.7.0,3/29/2023,CT000338,PRB0041300,Camerainstallatie,https://wegenenverkeer.data.vlaanderen.be/doc/implementatiemodel/camerainstallatie,Netwerkelement,https://wegenenverkeer.data.vlaanderen.be/ns/onderdeel#Netwerkelement,AIMObject;Link;Netwerkpoort;Pad;Netwerkpoort,OTN werd uitgebreid met klasse Been en Hoortbij relaties naar Link en Pad. Netwerkelement werd uitgebreid met eigenschap afmeting.
2.7.0,3/29/2023,CT000347,PRB0041311,Camerainstallatie,https://wegenenverkeer.data.vlaanderen.be/doc/implementatiemodel/camerainstallatie,Camera,https://wegenenverkeer.data.vlaanderen.be/ns/onderdeel#Camera,SerienummerObject,De eigenschap 'serienummer' werd toegevoegd aan klasse Camera. De kardinaliteit van de eigenschap 'technische fiche' werd verhoogd naar 1..*.
2.7.0,3/29/2023,CT000356,PRB0041316,Camerainstallatie,https://wegenenverkeer.data.vlaanderen.be/doc/implementatiemodel/camerainstallatie,Netwerkpoort,https://wegenenverkeer.data.vlaanderen.be/ns/onderdeel#Netwerkpoort,Kast;SerienummerObject;Stroomkring;Bevestigingsbeugel;Draagconstructie;DynBordOpMaat;Ecoraster;Netwerkelement;AIMNaamObject,Het nieuwe model Wildetectiesysteem werd aan de OTL toegevoegd. 
2.7.0,3/29/2023,CT000338,PRB0041300,Dynamische-borden,https://wegenenverkeer.data.vlaanderen.be/doc/implementatiemodel/dynamische-borden,Netwerkelement,https://wegenenverkeer.data.vlaanderen.be/ns/onderdeel#Netwerkelement,AIMObject;Link;Netwerkpoort;Pad;Netwerkpoort,OTN werd uitgebreid met klasse Been en Hoortbij relaties naar Link en Pad. Netwerkelement werd uitgebreid met eigenschap afmeting.
2.7.0,3/29/2023,CT000356,PRB0041316,Dynamische-borden,https://wegenenverkeer.data.vlaanderen.be/doc/implementatiemodel/dynamische-borden,Netwerkpoort,https://wegenenverkeer.data.vlaanderen.be/ns/onderdeel#Netwerkpoort,Kast;SerienummerObject;Stroomkring;Bevestigingsbeugel;Draagconstructie;DynBordOpMaat;Ecoraster;Netwerkelement;AIMNaamObject,Het nieuwe model Wildetectiesysteem werd aan de OTL toegevoegd. 
2.7.0,3/29/2023,CT000340,PRB0041017,Eenvoudige-datatypes,https://wegenenverkeer.data.vlaanderen.be/doc/implementatiemodel/eenvoudige-datatypes,KwantWrdInKiloAmpere,https://wegenenverkeer.data.vlaanderen.be/ns/implementatieelement#KwantWrdInKiloAmpere,,In navolging van de werkgroepen rond elektrische componenten met stakeholders van AWV en DVW werden volgende wijzigingen doorgevoerd op de klasse 'Laagspanningsbord': 1. Het attribuut vermogen werd uit gebruik genomen. 2. Het attribuut nominale stroom werd ge?ntroduceerd. 3. Het attribuut kortsluitvermogen werd ge?ntroduceerd. 
2.7.0,3/29/2023,CT000355,PRB0041315,Eenvoudige-datatypes,https://wegenenverkeer.data.vlaanderen.be/doc/implementatiemodel/eenvoudige-datatypes,KwantWrdInHerz,https://wegenenverkeer.data.vlaanderen.be/ns/implementatieelement#KwantWrdInHerz,SerienummerObject;ElektrischComponentennummerObject;AIMObject;AIMNaamObject,"Het model UPS werd aangemaakt. Dit bevat volgende nieuwe klassen: AutomatischeOmschakelaar, BypassSchakelaar, Stroomverdelingssysteem, Batterijlader, Spanningsomvormer."
2.7.0,3/29/2023,CT000354,PRB0041291,Elektrische-componenten,https://wegenenverkeer.data.vlaanderen.be/doc/implementatiemodel/elektrische-componenten,Transformator,https://wegenenverkeer.data.vlaanderen.be/ns/onderdeel#Transformator,,De verschillende opties wat betreft type verliezen werden toegevoegd.
2.7.0,3/29/2023,CT000351,PRB0041284,Elektrische-componenten,https://wegenenverkeer.data.vlaanderen.be/doc/implementatiemodel/elektrische-componenten,HSBeveiligingscel,https://wegenenverkeer.data.vlaanderen.be/ns/onderdeel#HSBeveiligingscel,,De nood is gebleken om in de HSbeveiligingscel twee bijkomende attributen toe te voegen. Deze zijn de kortsluitstroom en het kortsluitvermogen. De kortsluitstroom is de maximale elektrische stroom die kan lopen in een elektrisch circuit. Het kortsluitvermogen is de theoretische stroom die gaat lopen bij een kortsluiting wanneer de beveiliging nog niet heeft ingegrepen.
2.7.0,3/29/2023,CT000337,PRB0041273,Elektrische-componenten,https://wegenenverkeer.data.vlaanderen.be/doc/implementatiemodel/elektrische-componenten,PLC,https://wegenenverkeer.data.vlaanderen.be/ns/onderdeel#PLC,,De typo in de mensleesbare vorm van het attribuut TechnischeFiche werd gecorrigeerd op onderdeel PLC.
2.7.0,3/29/2023,CT000340,PRB0041017,Elektrische-componenten,https://wegenenverkeer.data.vlaanderen.be/doc/implementatiemodel/elektrische-componenten,Laagspanningsbord,https://wegenenverkeer.data.vlaanderen.be/ns/onderdeel#Laagspanningsbord,,In navolging van de werkgroepen rond elektrische componenten met stakeholders van AWV en DVW werden volgende wijzigingen doorgevoerd op de klasse 'Laagspanningsbord': 1. Het attribuut vermogen werd uit gebruik genomen. 2. Het attribuut nominale stroom werd ge?ntroduceerd. 3. Het attribuut kortsluitvermogen werd ge?ntroduceerd. 
2.7.0,3/29/2023,CT000350,PRB0041313,Elektrische-componenten,https://wegenenverkeer.data.vlaanderen.be/doc/implementatiemodel/elektrische-componenten,Cabine,https://wegenenverkeer.data.vlaanderen.be/ns/onderdeel#Cabine,KlCabineAardingsstelsel;HSCabine,Het attribuut aardingsstelsel werd uit gebruikt genomen doordat het vervangen werd door een bevestigingsrelatie tussen Cabine en Aardingsinstallatie. 
2.7.0,3/29/2023,CT000352,PRB0041308,Elektrische-componenten,https://wegenenverkeer.data.vlaanderen.be/doc/implementatiemodel/elektrische-componenten,HSBeveiligingscel,https://wegenenverkeer.data.vlaanderen.be/ns/onderdeel#HSBeveiligingscel,,Attribuut aardingsschakelaar werd toegevoegd aan de HSbeveiligingscel zodat men kan weten of deze al dan niet aanwezig is. 
2.7.0,3/29/2023,CT000349,PRB0041290,Elektrische-componenten,https://wegenenverkeer.data.vlaanderen.be/doc/implementatiemodel/elektrische-componenten,Transformator,https://wegenenverkeer.data.vlaanderen.be/ns/onderdeel#Transformator,,Tijdens de werkgroep die op 23-01-2023 heeft plaatsgevonden is gebleken dat er een onderscheid dient gemaakt te worden in transformators die al dan niet galvanisch gescheiden zijn. Vandaar dat er een bijkomende eigenschap werd opgenomen die dit aanduidt.
2.7.0,3/29/2023,CT000353,PRB0041285,Elektrische-componenten,https://wegenenverkeer.data.vlaanderen.be/doc/implementatiemodel/elektrische-componenten,Laagspanningsbord,https://wegenenverkeer.data.vlaanderen.be/ns/onderdeel#Laagspanningsbord,,Er is overeengekomen dat er een nood bestaat om informatie bij te houden over het aardingsnet op niveau van het laagspanningsbord. Deze werd als attribuut met een keuzelijst toegevoegd.
2.7.0,3/29/2023,CT000355,PRB0041315,Elektrische-componenten,https://wegenenverkeer.data.vlaanderen.be/doc/implementatiemodel/elektrische-componenten,Batterij,https://wegenenverkeer.data.vlaanderen.be/ns/onderdeel#Batterij,SerienummerObject;ElektrischComponentennummerObject;AIMObject;AIMNaamObject,"Het model UPS werd aangemaakt. Dit bevat volgende nieuwe klassen: AutomatischeOmschakelaar, BypassSchakelaar, Stroomverdelingssysteem, Batterijlader, Spanningsomvormer."
2.7.0,3/29/2023,CT000355,PRB0041315,Elektrische-componenten,https://wegenenverkeer.data.vlaanderen.be/doc/implementatiemodel/elektrische-componenten,UPS,https://wegenenverkeer.data.vlaanderen.be/ns/onderdeel#UPS,SerienummerObject;ElektrischComponentennummerObject;AIMObject;AIMNaamObject,"Het model UPS werd aangemaakt. Dit bevat volgende nieuwe klassen: AutomatischeOmschakelaar, BypassSchakelaar, Stroomverdelingssysteem, Batterijlader, Spanningsomvormer."
2.7.0,3/29/2023,CT000346,PRB0041295,Elektrische-componenten,https://wegenenverkeer.data.vlaanderen.be/doc/implementatiemodel/elektrische-componenten,Rack,https://wegenenverkeer.data.vlaanderen.be/ns/onderdeel#Rack,,Een Voedt relatie werd toegevoegd van Rack naar UPS.
2.7.0,3/29/2023,CT000348,PRB0041067,Elektrische-componenten,https://wegenenverkeer.data.vlaanderen.be/doc/implementatiemodel/elektrische-componenten,Cabine,https://wegenenverkeer.data.vlaanderen.be/ns/onderdeel#Cabine,Aardingsinstallatie,Een bevestigingsrelatie tussen Cabine en Aardingsinstallatie werd toegevoegd. 
2.7.0,3/29/2023,CT000345,PRB0041310,Elektrische-componenten,https://wegenenverkeer.data.vlaanderen.be/doc/implementatiemodel/elektrische-componenten,IOKaart,https://wegenenverkeer.data.vlaanderen.be/ns/onderdeel#IOKaart,SerienummerObject,De eigenschap 'serienummer' werd toegekend aan klasse IOKaart via overerving van abstracte SerienummerObject.
2.7.0,3/29/2023,CT000340,PRB0041017,Elektromechanische-afbakening,https://wegenenverkeer.data.vlaanderen.be/doc/implementatiemodel/elektromechanische-afbakening,Laagspanningsbord,https://wegenenverkeer.data.vlaanderen.be/ns/onderdeel#Laagspanningsbord,,In navolging van de werkgroepen rond elektrische componenten met stakeholders van AWV en DVW werden volgende wijzigingen doorgevoerd op de klasse 'Laagspanningsbord': 1. Het attribuut vermogen werd uit gebruik genomen. 2. Het attribuut nominale stroom werd ge?ntroduceerd. 3. Het attribuut kortsluitvermogen werd ge?ntroduceerd. 
2.7.0,3/29/2023,CT000353,PRB0041285,Elektromechanische-afbakening,https://wegenenverkeer.data.vlaanderen.be/doc/implementatiemodel/elektromechanische-afbakening,Laagspanningsbord,https://wegenenverkeer.data.vlaanderen.be/ns/onderdeel#Laagspanningsbord,,Er is overeengekomen dat er een nood bestaat om informatie bij te houden over het aardingsnet op niveau van het laagspanningsbord. Deze werd als attribuut met een keuzelijst toegevoegd.
2.7.0,3/29/2023,CT000355,PRB0041315,Fietstelinstallatie,https://wegenenverkeer.data.vlaanderen.be/doc/implementatiemodel/fietstelinstallatie,Batterij,https://wegenenverkeer.data.vlaanderen.be/ns/onderdeel#Batterij,SerienummerObject;ElektrischComponentennummerObject;AIMObject;AIMNaamObject,"Het model UPS werd aangemaakt. Dit bevat volgende nieuwe klassen: AutomatischeOmschakelaar, BypassSchakelaar, Stroomverdelingssysteem, Batterijlader, Spanningsomvormer."
2.7.0,3/29/2023,CT000337,PRB0041273,Hulpposten,https://wegenenverkeer.data.vlaanderen.be/doc/implementatiemodel/hulpposten,PLC,https://wegenenverkeer.data.vlaanderen.be/ns/onderdeel#PLC,,De typo in de mensleesbare vorm van het attribuut TechnischeFiche werd gecorrigeerd op onderdeel PLC.
2.7.0,3/29/2023,CT000345,PRB0041310,Hulpposten,https://wegenenverkeer.data.vlaanderen.be/doc/implementatiemodel/hulpposten,IOKaart,https://wegenenverkeer.data.vlaanderen.be/ns/onderdeel#IOKaart,SerienummerObject,De eigenschap 'serienummer' werd toegekend aan klasse IOKaart via overerving van abstracte SerienummerObject.
2.7.0,3/29/2023,CT000338,PRB0041300,Inbreuken-zwaar-vervoer,https://wegenenverkeer.data.vlaanderen.be/doc/implementatiemodel/inbreuken-zwaar-vervoer,Netwerkelement,https://wegenenverkeer.data.vlaanderen.be/ns/onderdeel#Netwerkelement,AIMObject;Link;Netwerkpoort;Pad;Netwerkpoort,OTN werd uitgebreid met klasse Been en Hoortbij relaties naar Link en Pad. Netwerkelement werd uitgebreid met eigenschap afmeting.
2.7.0,3/29/2023,CT000340,PRB0041017,Inbreuken-zwaar-vervoer,https://wegenenverkeer.data.vlaanderen.be/doc/implementatiemodel/inbreuken-zwaar-vervoer,Laagspanningsbord,https://wegenenverkeer.data.vlaanderen.be/ns/onderdeel#Laagspanningsbord,,In navolging van de werkgroepen rond elektrische componenten met stakeholders van AWV en DVW werden volgende wijzigingen doorgevoerd op de klasse 'Laagspanningsbord': 1. Het attribuut vermogen werd uit gebruik genomen. 2. Het attribuut nominale stroom werd ge?ntroduceerd. 3. Het attribuut kortsluitvermogen werd ge?ntroduceerd. 
2.7.0,3/29/2023,CT000347,PRB0041311,Inbreuken-zwaar-vervoer,https://wegenenverkeer.data.vlaanderen.be/doc/implementatiemodel/inbreuken-zwaar-vervoer,Camera,https://wegenenverkeer.data.vlaanderen.be/ns/onderdeel#Camera,SerienummerObject,De eigenschap 'serienummer' werd toegevoegd aan klasse Camera. De kardinaliteit van de eigenschap 'technische fiche' werd verhoogd naar 1..*.
2.7.0,3/29/2023,CT000356,PRB0041316,Inbreuken-zwaar-vervoer,https://wegenenverkeer.data.vlaanderen.be/doc/implementatiemodel/inbreuken-zwaar-vervoer,Netwerkpoort,https://wegenenverkeer.data.vlaanderen.be/ns/onderdeel#Netwerkpoort,Kast;SerienummerObject;Stroomkring;Bevestigingsbeugel;Draagconstructie;DynBordOpMaat;Ecoraster;Netwerkelement;AIMNaamObject,Het nieuwe model Wildetectiesysteem werd aan de OTL toegevoegd. 
2.7.0,3/29/2023,CT000357,PRB0041317,Inbreuken-zwaar-vervoer,https://wegenenverkeer.data.vlaanderen.be/doc/implementatiemodel/inbreuken-zwaar-vervoer,MIVLus,https://wegenenverkeer.data.vlaanderen.be/ns/onderdeel#MIVLus,Rack;Doorverbinddoos;AIMNaamObject,"Het implementatiemodel Meten-in-Vlaanderen werd opnieuw geanalyseerd en beperkt aangepast met oa. MIVMeetpunt (Installatie) als nieuwe klasse; MIVInstallatie, MIVLuskaart, MIVCommunicatiekaart kregen een type eigenschap met een keuzelijst. "
2.7.0,3/29/2023,CT000357,PRB0041317,Inbreuken-zwaar-vervoer,https://wegenenverkeer.data.vlaanderen.be/doc/implementatiemodel/inbreuken-zwaar-vervoer,MIVLuskaart,https://wegenenverkeer.data.vlaanderen.be/ns/onderdeel#MIVLuskaart,Rack;Doorverbinddoos;AIMNaamObject,"Het implementatiemodel Meten-in-Vlaanderen werd opnieuw geanalyseerd en beperkt aangepast met oa. MIVMeetpunt (Installatie) als nieuwe klasse; MIVInstallatie, MIVLuskaart, MIVCommunicatiekaart kregen een type eigenschap met een keuzelijst. "
2.7.0,3/29/2023,CT000353,PRB0041285,Inbreuken-zwaar-vervoer,https://wegenenverkeer.data.vlaanderen.be/doc/implementatiemodel/inbreuken-zwaar-vervoer,Laagspanningsbord,https://wegenenverkeer.data.vlaanderen.be/ns/onderdeel#Laagspanningsbord,,Er is overeengekomen dat er een nood bestaat om informatie bij te houden over het aardingsnet op niveau van het laagspanningsbord. Deze werd als attribuut met een keuzelijst toegevoegd.
2.7.0,3/29/2023,CT000346,PRB0041295,Inbreuken-zwaar-vervoer,https://wegenenverkeer.data.vlaanderen.be/doc/implementatiemodel/inbreuken-zwaar-vervoer,Rack,https://wegenenverkeer.data.vlaanderen.be/ns/onderdeel#Rack,,Een Voedt relatie werd toegevoegd van Rack naar UPS.
2.7.0,3/29/2023,CT000338,PRB0041300,IP-Netwerk,https://wegenenverkeer.data.vlaanderen.be/doc/implementatiemodel/ip-netwerk,Netwerkelement,https://wegenenverkeer.data.vlaanderen.be/ns/onderdeel#Netwerkelement,AIMObject;Link;Netwerkpoort;Pad;Netwerkpoort,OTN werd uitgebreid met klasse Been en Hoortbij relaties naar Link en Pad. Netwerkelement werd uitgebreid met eigenschap afmeting.
2.7.0,3/29/2023,CT000356,PRB0041316,IP-Netwerk,https://wegenenverkeer.data.vlaanderen.be/doc/implementatiemodel/ip-netwerk,Netwerkpoort,https://wegenenverkeer.data.vlaanderen.be/ns/onderdeel#Netwerkpoort,Kast;SerienummerObject;Stroomkring;Bevestigingsbeugel;Draagconstructie;DynBordOpMaat;Ecoraster;Netwerkelement;AIMNaamObject,Het nieuwe model Wildetectiesysteem werd aan de OTL toegevoegd. 
2.7.0,3/29/2023,CT000355,PRB0041315,IP-Netwerk,https://wegenenverkeer.data.vlaanderen.be/doc/implementatiemodel/ip-netwerk,UPS,https://wegenenverkeer.data.vlaanderen.be/ns/onderdeel#UPS,SerienummerObject;ElektrischComponentennummerObject;AIMObject;AIMNaamObject,"Het model UPS werd aangemaakt. Dit bevat volgende nieuwe klassen: AutomatischeOmschakelaar, BypassSchakelaar, Stroomverdelingssysteem, Batterijlader, Spanningsomvormer."
2.7.0,3/29/2023,CT000346,PRB0041295,IP-Netwerk,https://wegenenverkeer.data.vlaanderen.be/doc/implementatiemodel/ip-netwerk,Rack,https://wegenenverkeer.data.vlaanderen.be/ns/onderdeel#Rack,,Een Voedt relatie werd toegevoegd van Rack naar UPS.
2.7.0,3/29/2023,CT000357,PRB0041317,Kabels-en-leidingen,https://wegenenverkeer.data.vlaanderen.be/doc/implementatiemodel/kabels-en-leidingen,MIVLus,https://wegenenverkeer.data.vlaanderen.be/ns/onderdeel#MIVLus,Rack;Doorverbinddoos;AIMNaamObject,"Het implementatiemodel Meten-in-Vlaanderen werd opnieuw geanalyseerd en beperkt aangepast met oa. MIVMeetpunt (Installatie) als nieuwe klasse; MIVInstallatie, MIVLuskaart, MIVCommunicatiekaart kregen een type eigenschap met een keuzelijst. "
2.7.0,3/29/2023,CT000350,PRB0041313,Kasten-Cabines-Behuizing,https://wegenenverkeer.data.vlaanderen.be/doc/implementatiemodel/kasten-cabines-behuizing,Cabine,https://wegenenverkeer.data.vlaanderen.be/ns/onderdeel#Cabine,KlCabineAardingsstelsel;HSCabine,Het attribuut aardingsstelsel werd uit gebruikt genomen doordat het vervangen werd door een bevestigingsrelatie tussen Cabine en Aardingsinstallatie. 
2.7.0,3/29/2023,CT000346,PRB0041295,Kasten-Cabines-Behuizing,https://wegenenverkeer.data.vlaanderen.be/doc/implementatiemodel/kasten-cabines-behuizing,Rack,https://wegenenverkeer.data.vlaanderen.be/ns/onderdeel#Rack,,Een Voedt relatie werd toegevoegd van Rack naar UPS.
2.7.0,3/29/2023,CT000348,PRB0041067,Kasten-Cabines-Behuizing,https://wegenenverkeer.data.vlaanderen.be/doc/implementatiemodel/kasten-cabines-behuizing,Cabine,https://wegenenverkeer.data.vlaanderen.be/ns/onderdeel#Cabine,Aardingsinstallatie,Een bevestigingsrelatie tussen Cabine en Aardingsinstallatie werd toegevoegd. 
2.7.0,3/29/2023,CT000339,PRB0041302,Lijnvormige-elementen,https://wegenenverkeer.data.vlaanderen.be/doc/implementatiemodel/lijnvormige-elementen,VerlichtingstoestelLED,https://wegenenverkeer.data.vlaanderen.be/ns/onderdeel#VerlichtingstoestelLED,,Eigenschap 'lumenOutput' met als datatype een keuzelijst met standaard waarden in Lumen werd toegevoegd aan VerlichtingstoestelLED.
2.7.0,3/29/2023,CT000339,PRB0041302,Lijnvormige-elementen,https://wegenenverkeer.data.vlaanderen.be/doc/implementatiemodel/lijnvormige-elementen,KlLumenOutput,https://wegenenverkeer.data.vlaanderen.be/doc/conceptscheme/KlLumenOutput,,Eigenschap 'lumenOutput' met als datatype een keuzelijst met standaard waarden in Lumen werd toegevoegd aan VerlichtingstoestelLED.
2.7.0,3/29/2023,CT000345,PRB0041310,Luchtkwaliteit,https://wegenenverkeer.data.vlaanderen.be/doc/implementatiemodel/luchtkwaliteit,IOKaart,https://wegenenverkeer.data.vlaanderen.be/ns/onderdeel#IOKaart,SerienummerObject,De eigenschap 'serienummer' werd toegekend aan klasse IOKaart via overerving van abstracte SerienummerObject.
2.7.0,3/29/2023,CT000346,PRB0041295,Luidspreker-intercom,https://wegenenverkeer.data.vlaanderen.be/doc/implementatiemodel/luidspreker-intercom,Rack,https://wegenenverkeer.data.vlaanderen.be/ns/onderdeel#Rack,,Een Voedt relatie werd toegevoegd van Rack naar UPS.
2.7.0,3/29/2023,CT000338,PRB0041300,Meten-in-Vlaanderen,https://wegenenverkeer.data.vlaanderen.be/doc/implementatiemodel/meten-in-vlaanderen,Netwerkelement,https://wegenenverkeer.data.vlaanderen.be/ns/onderdeel#Netwerkelement,AIMObject;Link;Netwerkpoort;Pad;Netwerkpoort,OTN werd uitgebreid met klasse Been en Hoortbij relaties naar Link en Pad. Netwerkelement werd uitgebreid met eigenschap afmeting.
2.7.0,3/29/2023,CT000340,PRB0041017,Meten-in-Vlaanderen,https://wegenenverkeer.data.vlaanderen.be/doc/implementatiemodel/meten-in-vlaanderen,Laagspanningsbord,https://wegenenverkeer.data.vlaanderen.be/ns/onderdeel#Laagspanningsbord,,In navolging van de werkgroepen rond elektrische componenten met stakeholders van AWV en DVW werden volgende wijzigingen doorgevoerd op de klasse 'Laagspanningsbord': 1. Het attribuut vermogen werd uit gebruik genomen. 2. Het attribuut nominale stroom werd ge?ntroduceerd. 3. Het attribuut kortsluitvermogen werd ge?ntroduceerd. 
2.7.0,3/29/2023,CT000356,PRB0041316,Meten-in-Vlaanderen,https://wegenenverkeer.data.vlaanderen.be/doc/implementatiemodel/meten-in-vlaanderen,Netwerkpoort,https://wegenenverkeer.data.vlaanderen.be/ns/onderdeel#Netwerkpoort,Kast;SerienummerObject;Stroomkring;Bevestigingsbeugel;Draagconstructie;DynBordOpMaat;Ecoraster;Netwerkelement;AIMNaamObject,Het nieuwe model Wildetectiesysteem werd aan de OTL toegevoegd. 
2.7.0,3/29/2023,CT000357,PRB0041317,Meten-in-Vlaanderen,https://wegenenverkeer.data.vlaanderen.be/doc/implementatiemodel/meten-in-vlaanderen,MIVMeetpunt,https://wegenenverkeer.data.vlaanderen.be/ns/installatie#MIVMeetpunt,Rack;Doorverbinddoos;AIMNaamObject,"Het implementatiemodel Meten-in-Vlaanderen werd opnieuw geanalyseerd en beperkt aangepast met oa. MIVMeetpunt (Installatie) als nieuwe klasse; MIVInstallatie, MIVLuskaart, MIVCommunicatiekaart kregen een type eigenschap met een keuzelijst. "
2.7.0,3/29/2023,CT000357,PRB0041317,Meten-in-Vlaanderen,https://wegenenverkeer.data.vlaanderen.be/doc/implementatiemodel/meten-in-vlaanderen,KlMIVEenheidType,https://wegenenverkeer.data.vlaanderen.be/doc/conceptscheme/KlMIVEenheidType,Rack;Doorverbinddoos;AIMNaamObject,"Het implementatiemodel Meten-in-Vlaanderen werd opnieuw geanalyseerd en beperkt aangepast met oa. MIVMeetpunt (Installatie) als nieuwe klasse; MIVInstallatie, MIVLuskaart, MIVCommunicatiekaart kregen een type eigenschap met een keuzelijst. "
2.7.0,3/29/2023,CT000357,PRB0041317,Meten-in-Vlaanderen,https://wegenenverkeer.data.vlaanderen.be/doc/implementatiemodel/meten-in-vlaanderen,MIVCommunicatiekaart,https://wegenenverkeer.data.vlaanderen.be/ns/onderdeel#MIVCommunicatiekaart,Rack;Doorverbinddoos;AIMNaamObject,"Het implementatiemodel Meten-in-Vlaanderen werd opnieuw geanalyseerd en beperkt aangepast met oa. MIVMeetpunt (Installatie) als nieuwe klasse; MIVInstallatie, MIVLuskaart, MIVCommunicatiekaart kregen een type eigenschap met een keuzelijst. "
2.7.0,3/29/2023,CT000357,PRB0041317,Meten-in-Vlaanderen,https://wegenenverkeer.data.vlaanderen.be/doc/implementatiemodel/meten-in-vlaanderen,MIVInstallatie,https://wegenenverkeer.data.vlaanderen.be/ns/installatie#MIVInstallatie,Rack;Doorverbinddoos;AIMNaamObject,"Het implementatiemodel Meten-in-Vlaanderen werd opnieuw geanalyseerd en beperkt aangepast met oa. MIVMeetpunt (Installatie) als nieuwe klasse; MIVInstallatie, MIVLuskaart, MIVCommunicatiekaart kregen een type eigenschap met een keuzelijst. "
2.7.0,3/29/2023,CT000357,PRB0041317,Meten-in-Vlaanderen,https://wegenenverkeer.data.vlaanderen.be/doc/implementatiemodel/meten-in-vlaanderen,MIVLus,https://wegenenverkeer.data.vlaanderen.be/ns/onderdeel#MIVLus,Rack;Doorverbinddoos;AIMNaamObject,"Het implementatiemodel Meten-in-Vlaanderen werd opnieuw geanalyseerd en beperkt aangepast met oa. MIVMeetpunt (Installatie) als nieuwe klasse; MIVInstallatie, MIVLuskaart, MIVCommunicatiekaart kregen een type eigenschap met een keuzelijst. "
2.7.0,3/29/2023,CT000357,PRB0041317,Meten-in-Vlaanderen,https://wegenenverkeer.data.vlaanderen.be/doc/implementatiemodel/meten-in-vlaanderen,MIVLuskaart,https://wegenenverkeer.data.vlaanderen.be/ns/onderdeel#MIVLuskaart,Rack;Doorverbinddoos;AIMNaamObject,"Het implementatiemodel Meten-in-Vlaanderen werd opnieuw geanalyseerd en beperkt aangepast met oa. MIVMeetpunt (Installatie) als nieuwe klasse; MIVInstallatie, MIVLuskaart, MIVCommunicatiekaart kregen een type eigenschap met een keuzelijst. "
2.7.0,3/29/2023,CT000353,PRB0041285,Meten-in-Vlaanderen,https://wegenenverkeer.data.vlaanderen.be/doc/implementatiemodel/meten-in-vlaanderen,Laagspanningsbord,https://wegenenverkeer.data.vlaanderen.be/ns/onderdeel#Laagspanningsbord,,Er is overeengekomen dat er een nood bestaat om informatie bij te houden over het aardingsnet op niveau van het laagspanningsbord. Deze werd als attribuut met een keuzelijst toegevoegd.
2.7.0,3/29/2023,CT000355,PRB0041315,Meten-in-Vlaanderen,https://wegenenverkeer.data.vlaanderen.be/doc/implementatiemodel/meten-in-vlaanderen,UPS,https://wegenenverkeer.data.vlaanderen.be/ns/onderdeel#UPS,SerienummerObject;ElektrischComponentennummerObject;AIMObject;AIMNaamObject,"Het model UPS werd aangemaakt. Dit bevat volgende nieuwe klassen: AutomatischeOmschakelaar, BypassSchakelaar, Stroomverdelingssysteem, Batterijlader, Spanningsomvormer."
2.7.0,3/29/2023,CT000346,PRB0041295,Meten-in-Vlaanderen,https://wegenenverkeer.data.vlaanderen.be/doc/implementatiemodel/meten-in-vlaanderen,Rack,https://wegenenverkeer.data.vlaanderen.be/ns/onderdeel#Rack,,Een Voedt relatie werd toegevoegd van Rack naar UPS.
2.7.0,3/29/2023,CT000338,PRB0041300,Meteo,https://wegenenverkeer.data.vlaanderen.be/doc/implementatiemodel/meteo,Netwerkelement,https://wegenenverkeer.data.vlaanderen.be/ns/onderdeel#Netwerkelement,AIMObject;Link;Netwerkpoort;Pad;Netwerkpoort,OTN werd uitgebreid met klasse Been en Hoortbij relaties naar Link en Pad. Netwerkelement werd uitgebreid met eigenschap afmeting.
2.7.0,3/29/2023,CT000337,PRB0041273,Meteo,https://wegenenverkeer.data.vlaanderen.be/doc/implementatiemodel/meteo,PLC,https://wegenenverkeer.data.vlaanderen.be/ns/onderdeel#PLC,,De typo in de mensleesbare vorm van het attribuut TechnischeFiche werd gecorrigeerd op onderdeel PLC.
2.7.0,3/29/2023,CT000347,PRB0041311,Meteo,https://wegenenverkeer.data.vlaanderen.be/doc/implementatiemodel/meteo,Camera,https://wegenenverkeer.data.vlaanderen.be/ns/onderdeel#Camera,SerienummerObject,De eigenschap 'serienummer' werd toegevoegd aan klasse Camera. De kardinaliteit van de eigenschap 'technische fiche' werd verhoogd naar 1..*.
2.7.0,3/29/2023,CT000356,PRB0041316,Meteo,https://wegenenverkeer.data.vlaanderen.be/doc/implementatiemodel/meteo,Netwerkpoort,https://wegenenverkeer.data.vlaanderen.be/ns/onderdeel#Netwerkpoort,Kast;SerienummerObject;Stroomkring;Bevestigingsbeugel;Draagconstructie;DynBordOpMaat;Ecoraster;Netwerkelement;AIMNaamObject,Het nieuwe model Wildetectiesysteem werd aan de OTL toegevoegd. 
2.7.0,3/29/2023,CT000344,PRB0041309,Meteo,https://wegenenverkeer.data.vlaanderen.be/doc/implementatiemodel/meteo,PMU,https://wegenenverkeer.data.vlaanderen.be/ns/onderdeel#PMU,,De eigenschap 'technische fiche' werd toegevoegd aan PMU.
2.7.0,3/29/2023,CT000355,PRB0041315,Meteo,https://wegenenverkeer.data.vlaanderen.be/doc/implementatiemodel/meteo,Batterij,https://wegenenverkeer.data.vlaanderen.be/ns/onderdeel#Batterij,SerienummerObject;ElektrischComponentennummerObject;AIMObject;AIMNaamObject,"Het model UPS werd aangemaakt. Dit bevat volgende nieuwe klassen: AutomatischeOmschakelaar, BypassSchakelaar, Stroomverdelingssysteem, Batterijlader, Spanningsomvormer."
2.7.0,3/29/2023,CT000355,PRB0041315,Meteo,https://wegenenverkeer.data.vlaanderen.be/doc/implementatiemodel/meteo,UPS,https://wegenenverkeer.data.vlaanderen.be/ns/onderdeel#UPS,SerienummerObject;ElektrischComponentennummerObject;AIMObject;AIMNaamObject,"Het model UPS werd aangemaakt. Dit bevat volgende nieuwe klassen: AutomatischeOmschakelaar, BypassSchakelaar, Stroomverdelingssysteem, Batterijlader, Spanningsomvormer."
2.7.0,3/29/2023,CT000345,PRB0041310,Meteo,https://wegenenverkeer.data.vlaanderen.be/doc/implementatiemodel/meteo,IOKaart,https://wegenenverkeer.data.vlaanderen.be/ns/onderdeel#IOKaart,SerienummerObject,De eigenschap 'serienummer' werd toegekend aan klasse IOKaart via overerving van abstracte SerienummerObject.
2.7.0,3/29/2023,CT000338,PRB0041300,Optisch-Transport-Netwerk,https://wegenenverkeer.data.vlaanderen.be/doc/implementatiemodel/optisch-transport-netwerk,Been,https://wegenenverkeer.data.vlaanderen.be/ns/installatie#Been,AIMObject;Link;Netwerkpoort;Pad;Netwerkpoort,OTN werd uitgebreid met klasse Been en Hoortbij relaties naar Link en Pad. Netwerkelement werd uitgebreid met eigenschap afmeting.
2.7.0,3/29/2023,CT000338,PRB0041300,Optisch-Transport-Netwerk,https://wegenenverkeer.data.vlaanderen.be/doc/implementatiemodel/optisch-transport-netwerk,DtcAfmetingNetwerkelement,https://wegenenverkeer.data.vlaanderen.be/doc/implementatiemodel/complexe-datatypes/DtcAfmetingNetwerkelement,AIMObject;Link;Netwerkpoort;Pad;Netwerkpoort,OTN werd uitgebreid met klasse Been en Hoortbij relaties naar Link en Pad. Netwerkelement werd uitgebreid met eigenschap afmeting.
2.7.0,3/29/2023,CT000338,PRB0041300,Optisch-Transport-Netwerk,https://wegenenverkeer.data.vlaanderen.be/doc/implementatiemodel/optisch-transport-netwerk,Netwerkelement,https://wegenenverkeer.data.vlaanderen.be/ns/onderdeel#Netwerkelement,AIMObject;Link;Netwerkpoort;Pad;Netwerkpoort,OTN werd uitgebreid met klasse Been en Hoortbij relaties naar Link en Pad. Netwerkelement werd uitgebreid met eigenschap afmeting.
2.7.0,3/29/2023,CT000338,PRB0041300,Optisch-Transport-Netwerk,https://wegenenverkeer.data.vlaanderen.be/doc/implementatiemodel/optisch-transport-netwerk,Zpad,https://wegenenverkeer.data.vlaanderen.be/ns/installatie#Zpad,AIMObject;Link;Netwerkpoort;Pad;Netwerkpoort,OTN werd uitgebreid met klasse Been en Hoortbij relaties naar Link en Pad. Netwerkelement werd uitgebreid met eigenschap afmeting.
2.7.0,3/29/2023,CT000356,PRB0041316,Optisch-Transport-Netwerk,https://wegenenverkeer.data.vlaanderen.be/doc/implementatiemodel/optisch-transport-netwerk,Netwerkpoort,https://wegenenverkeer.data.vlaanderen.be/ns/onderdeel#Netwerkpoort,Kast;SerienummerObject;Stroomkring;Bevestigingsbeugel;Draagconstructie;DynBordOpMaat;Ecoraster;Netwerkelement;AIMNaamObject,Het nieuwe model Wildetectiesysteem werd aan de OTL toegevoegd. 
2.7.0,3/29/2023,CT000355,PRB0041315,Optisch-Transport-Netwerk,https://wegenenverkeer.data.vlaanderen.be/doc/implementatiemodel/optisch-transport-netwerk,UPS,https://wegenenverkeer.data.vlaanderen.be/ns/onderdeel#UPS,SerienummerObject;ElektrischComponentennummerObject;AIMObject;AIMNaamObject,"Het model UPS werd aangemaakt. Dit bevat volgende nieuwe klassen: AutomatischeOmschakelaar, BypassSchakelaar, Stroomverdelingssysteem, Batterijlader, Spanningsomvormer."
2.7.0,3/29/2023,CT000346,PRB0041295,Optisch-Transport-Netwerk,https://wegenenverkeer.data.vlaanderen.be/doc/implementatiemodel/optisch-transport-netwerk,Rack,https://wegenenverkeer.data.vlaanderen.be/ns/onderdeel#Rack,,Een Voedt relatie werd toegevoegd van Rack naar UPS.
2.7.0,3/29/2023,CT000339,PRB0041302,Punctuele-verlichting,https://wegenenverkeer.data.vlaanderen.be/doc/implementatiemodel/punctuele-verlichting,VerlichtingstoestelLED,https://wegenenverkeer.data.vlaanderen.be/ns/onderdeel#VerlichtingstoestelLED,,Eigenschap 'lumenOutput' met als datatype een keuzelijst met standaard waarden in Lumen werd toegevoegd aan VerlichtingstoestelLED.
2.7.0,3/29/2023,CT000339,PRB0041302,Punctuele-verlichting,https://wegenenverkeer.data.vlaanderen.be/doc/implementatiemodel/punctuele-verlichting,KlLumenOutput,https://wegenenverkeer.data.vlaanderen.be/doc/conceptscheme/KlLumenOutput,,Eigenschap 'lumenOutput' met als datatype een keuzelijst met standaard waarden in Lumen werd toegevoegd aan VerlichtingstoestelLED.
2.7.0,3/29/2023,CT000340,PRB0041017,Punctuele-verlichting,https://wegenenverkeer.data.vlaanderen.be/doc/implementatiemodel/punctuele-verlichting,Laagspanningsbord,https://wegenenverkeer.data.vlaanderen.be/ns/onderdeel#Laagspanningsbord,,In navolging van de werkgroepen rond elektrische componenten met stakeholders van AWV en DVW werden volgende wijzigingen doorgevoerd op de klasse 'Laagspanningsbord': 1. Het attribuut vermogen werd uit gebruik genomen. 2. Het attribuut nominale stroom werd ge?ntroduceerd. 3. Het attribuut kortsluitvermogen werd ge?ntroduceerd. 
2.7.0,3/29/2023,CT000353,PRB0041285,Punctuele-verlichting,https://wegenenverkeer.data.vlaanderen.be/doc/implementatiemodel/punctuele-verlichting,Laagspanningsbord,https://wegenenverkeer.data.vlaanderen.be/ns/onderdeel#Laagspanningsbord,,Er is overeengekomen dat er een nood bestaat om informatie bij te houden over het aardingsnet op niveau van het laagspanningsbord. Deze werd als attribuut met een keuzelijst toegevoegd.
2.7.0,3/29/2023,CT000338,PRB0041300,Radioheruitzending,https://wegenenverkeer.data.vlaanderen.be/doc/implementatiemodel/radioheruitzending,Netwerkelement,https://wegenenverkeer.data.vlaanderen.be/ns/onderdeel#Netwerkelement,AIMObject;Link;Netwerkpoort;Pad;Netwerkpoort,OTN werd uitgebreid met klasse Been en Hoortbij relaties naar Link en Pad. Netwerkelement werd uitgebreid met eigenschap afmeting.
2.7.0,3/29/2023,CT000356,PRB0041316,Radioheruitzending,https://wegenenverkeer.data.vlaanderen.be/doc/implementatiemodel/radioheruitzending,Netwerkpoort,https://wegenenverkeer.data.vlaanderen.be/ns/onderdeel#Netwerkpoort,Kast;SerienummerObject;Stroomkring;Bevestigingsbeugel;Draagconstructie;DynBordOpMaat;Ecoraster;Netwerkelement;AIMNaamObject,Het nieuwe model Wildetectiesysteem werd aan de OTL toegevoegd. 
2.7.0,3/29/2023,CT000355,PRB0041315,Radioheruitzending,https://wegenenverkeer.data.vlaanderen.be/doc/implementatiemodel/radioheruitzending,UPS,https://wegenenverkeer.data.vlaanderen.be/ns/onderdeel#UPS,SerienummerObject;ElektrischComponentennummerObject;AIMObject;AIMNaamObject,"Het model UPS werd aangemaakt. Dit bevat volgende nieuwe klassen: AutomatischeOmschakelaar, BypassSchakelaar, Stroomverdelingssysteem, Batterijlader, Spanningsomvormer."
2.7.0,3/29/2023,CT000346,PRB0041295,Radioheruitzending,https://wegenenverkeer.data.vlaanderen.be/doc/implementatiemodel/radioheruitzending,Rack,https://wegenenverkeer.data.vlaanderen.be/ns/onderdeel#Rack,,Een Voedt relatie werd toegevoegd van Rack naar UPS.
2.7.0,3/29/2023,CT000337,PRB0041273,Slagboom-Doorsteek,https://wegenenverkeer.data.vlaanderen.be/doc/implementatiemodel/slagboom-doorsteek,PLC,https://wegenenverkeer.data.vlaanderen.be/ns/onderdeel#PLC,,De typo in de mensleesbare vorm van het attribuut TechnischeFiche werd gecorrigeerd op onderdeel PLC.
2.7.0,3/29/2023,CT000345,PRB0041310,Slagboom-Doorsteek,https://wegenenverkeer.data.vlaanderen.be/doc/implementatiemodel/slagboom-doorsteek,IOKaart,https://wegenenverkeer.data.vlaanderen.be/ns/onderdeel#IOKaart,SerienummerObject,De eigenschap 'serienummer' werd toegekend aan klasse IOKaart via overerving van abstracte SerienummerObject.
2.7.0,3/29/2023,CT000338,PRB0041300,Snelheids-roodlichtcamera,https://wegenenverkeer.data.vlaanderen.be/doc/implementatiemodel/snelheids-roodlichtcamera,Netwerkelement,https://wegenenverkeer.data.vlaanderen.be/ns/onderdeel#Netwerkelement,AIMObject;Link;Netwerkpoort;Pad;Netwerkpoort,OTN werd uitgebreid met klasse Been en Hoortbij relaties naar Link en Pad. Netwerkelement werd uitgebreid met eigenschap afmeting.
2.7.0,3/29/2023,CT000340,PRB0041017,Snelheids-roodlichtcamera,https://wegenenverkeer.data.vlaanderen.be/doc/implementatiemodel/snelheids-roodlichtcamera,Laagspanningsbord,https://wegenenverkeer.data.vlaanderen.be/ns/onderdeel#Laagspanningsbord,,In navolging van de werkgroepen rond elektrische componenten met stakeholders van AWV en DVW werden volgende wijzigingen doorgevoerd op de klasse 'Laagspanningsbord': 1. Het attribuut vermogen werd uit gebruik genomen. 2. Het attribuut nominale stroom werd ge?ntroduceerd. 3. Het attribuut kortsluitvermogen werd ge?ntroduceerd. 
2.7.0,3/29/2023,CT000356,PRB0041316,Snelheids-roodlichtcamera,https://wegenenverkeer.data.vlaanderen.be/doc/implementatiemodel/snelheids-roodlichtcamera,Netwerkpoort,https://wegenenverkeer.data.vlaanderen.be/ns/onderdeel#Netwerkpoort,Kast;SerienummerObject;Stroomkring;Bevestigingsbeugel;Draagconstructie;DynBordOpMaat;Ecoraster;Netwerkelement;AIMNaamObject,Het nieuwe model Wildetectiesysteem werd aan de OTL toegevoegd. 
2.7.0,3/29/2023,CT000353,PRB0041285,Snelheids-roodlichtcamera,https://wegenenverkeer.data.vlaanderen.be/doc/implementatiemodel/snelheids-roodlichtcamera,Laagspanningsbord,https://wegenenverkeer.data.vlaanderen.be/ns/onderdeel#Laagspanningsbord,,Er is overeengekomen dat er een nood bestaat om informatie bij te houden over het aardingsnet op niveau van het laagspanningsbord. Deze werd als attribuut met een keuzelijst toegevoegd.
2.7.0,3/29/2023,CT000338,PRB0041300,Software-Hardware,https://wegenenverkeer.data.vlaanderen.be/doc/implementatiemodel/software-hardware,Netwerkelement,https://wegenenverkeer.data.vlaanderen.be/ns/onderdeel#Netwerkelement,AIMObject;Link;Netwerkpoort;Pad;Netwerkpoort,OTN werd uitgebreid met klasse Been en Hoortbij relaties naar Link en Pad. Netwerkelement werd uitgebreid met eigenschap afmeting.
2.7.0,3/29/2023,CT000337,PRB0041273,Software-Hardware,https://wegenenverkeer.data.vlaanderen.be/doc/implementatiemodel/software-hardware,PLC,https://wegenenverkeer.data.vlaanderen.be/ns/onderdeel#PLC,,De typo in de mensleesbare vorm van het attribuut TechnischeFiche werd gecorrigeerd op onderdeel PLC.
2.7.0,3/29/2023,CT000356,PRB0041316,Software-Hardware,https://wegenenverkeer.data.vlaanderen.be/doc/implementatiemodel/software-hardware,Netwerkpoort,https://wegenenverkeer.data.vlaanderen.be/ns/onderdeel#Netwerkpoort,Kast;SerienummerObject;Stroomkring;Bevestigingsbeugel;Draagconstructie;DynBordOpMaat;Ecoraster;Netwerkelement;AIMNaamObject,Het nieuwe model Wildetectiesysteem werd aan de OTL toegevoegd. 
2.7.0,3/29/2023,CT000355,PRB0041315,Software-Hardware,https://wegenenverkeer.data.vlaanderen.be/doc/implementatiemodel/software-hardware,UPS,https://wegenenverkeer.data.vlaanderen.be/ns/onderdeel#UPS,SerienummerObject;ElektrischComponentennummerObject;AIMObject;AIMNaamObject,"Het model UPS werd aangemaakt. Dit bevat volgende nieuwe klassen: AutomatischeOmschakelaar, BypassSchakelaar, Stroomverdelingssysteem, Batterijlader, Spanningsomvormer."
2.7.0,3/29/2023,CT000346,PRB0041295,Software-Hardware,https://wegenenverkeer.data.vlaanderen.be/doc/implementatiemodel/software-hardware,Rack,https://wegenenverkeer.data.vlaanderen.be/ns/onderdeel#Rack,,Een Voedt relatie werd toegevoegd van Rack naar UPS.
2.7.0,3/29/2023,CT000345,PRB0041310,Software-Hardware,https://wegenenverkeer.data.vlaanderen.be/doc/implementatiemodel/software-hardware,IOKaart,https://wegenenverkeer.data.vlaanderen.be/ns/onderdeel#IOKaart,SerienummerObject,De eigenschap 'serienummer' werd toegekend aan klasse IOKaart via overerving van abstracte SerienummerObject.
2.7.0,3/29/2023,CT000345,PRB0041310,Tunnelevacuatie,https://wegenenverkeer.data.vlaanderen.be/doc/implementatiemodel/tunnelevacuatie,IOKaart,https://wegenenverkeer.data.vlaanderen.be/ns/onderdeel#IOKaart,SerienummerObject,De eigenschap 'serienummer' werd toegekend aan klasse IOKaart via overerving van abstracte SerienummerObject.
2.7.0,3/29/2023,CT000355,PRB0041315,UPS,https://wegenenverkeer.data.vlaanderen.be/doc/implementatiemodel/ups,Spanningsomvormer,https://wegenenverkeer.data.vlaanderen.be/ns/onderdeel#Spanningsomvormer,SerienummerObject;ElektrischComponentennummerObject;AIMObject;AIMNaamObject,"Het model UPS werd aangemaakt. Dit bevat volgende nieuwe klassen: AutomatischeOmschakelaar, BypassSchakelaar, Stroomverdelingssysteem, Batterijlader, Spanningsomvormer."
2.7.0,3/29/2023,CT000355,PRB0041315,UPS,https://wegenenverkeer.data.vlaanderen.be/doc/implementatiemodel/ups,KlBatterijladerMerk,https://wegenenverkeer.data.vlaanderen.be/doc/conceptscheme/KlBatterijladerMerk,SerienummerObject;ElektrischComponentennummerObject;AIMObject;AIMNaamObject,"Het model UPS werd aangemaakt. Dit bevat volgende nieuwe klassen: AutomatischeOmschakelaar, BypassSchakelaar, Stroomverdelingssysteem, Batterijlader, Spanningsomvormer."
2.7.0,3/29/2023,CT000355,PRB0041315,UPS,https://wegenenverkeer.data.vlaanderen.be/doc/implementatiemodel/ups,Batterijlader,https://wegenenverkeer.data.vlaanderen.be/ns/onderdeel#Batterijlader,SerienummerObject;ElektrischComponentennummerObject;AIMObject;AIMNaamObject,"Het model UPS werd aangemaakt. Dit bevat volgende nieuwe klassen: AutomatischeOmschakelaar, BypassSchakelaar, Stroomverdelingssysteem, Batterijlader, Spanningsomvormer."
2.7.0,3/29/2023,CT000355,PRB0041315,UPS,https://wegenenverkeer.data.vlaanderen.be/doc/implementatiemodel/ups,Stroomverdelingssysteem,https://wegenenverkeer.data.vlaanderen.be/ns/onderdeel#Stroomverdelingssysteem,SerienummerObject;ElektrischComponentennummerObject;AIMObject;AIMNaamObject,"Het model UPS werd aangemaakt. Dit bevat volgende nieuwe klassen: AutomatischeOmschakelaar, BypassSchakelaar, Stroomverdelingssysteem, Batterijlader, Spanningsomvormer."
2.7.0,3/29/2023,CT000355,PRB0041315,UPS,https://wegenenverkeer.data.vlaanderen.be/doc/implementatiemodel/ups,KlSpanningsomvormerMerk,https://wegenenverkeer.data.vlaanderen.be/doc/conceptscheme/KlSpanningsomvormerMerk,SerienummerObject;ElektrischComponentennummerObject;AIMObject;AIMNaamObject,"Het model UPS werd aangemaakt. Dit bevat volgende nieuwe klassen: AutomatischeOmschakelaar, BypassSchakelaar, Stroomverdelingssysteem, Batterijlader, Spanningsomvormer."
2.7.0,3/29/2023,CT000355,PRB0041315,UPS,https://wegenenverkeer.data.vlaanderen.be/doc/implementatiemodel/ups,BypassSchakelaar,https://wegenenverkeer.data.vlaanderen.be/ns/onderdeel#BypassSchakelaar,SerienummerObject;ElektrischComponentennummerObject;AIMObject;AIMNaamObject,"Het model UPS werd aangemaakt. Dit bevat volgende nieuwe klassen: AutomatischeOmschakelaar, BypassSchakelaar, Stroomverdelingssysteem, Batterijlader, Spanningsomvormer."
2.7.0,3/29/2023,CT000355,PRB0041315,UPS,https://wegenenverkeer.data.vlaanderen.be/doc/implementatiemodel/ups,KlBypassSchakelaarMerk,https://wegenenverkeer.data.vlaanderen.be/doc/conceptscheme/KlBypassSchakelaarMerk,SerienummerObject;ElektrischComponentennummerObject;AIMObject;AIMNaamObject,"Het model UPS werd aangemaakt. Dit bevat volgende nieuwe klassen: AutomatischeOmschakelaar, BypassSchakelaar, Stroomverdelingssysteem, Batterijlader, Spanningsomvormer."
2.7.0,3/29/2023,CT000355,PRB0041315,UPS,https://wegenenverkeer.data.vlaanderen.be/doc/implementatiemodel/ups,AutomatischeOmschakelaar,https://wegenenverkeer.data.vlaanderen.be/ns/onderdeel#AutomatischeOmschakelaar,SerienummerObject;ElektrischComponentennummerObject;AIMObject;AIMNaamObject,"Het model UPS werd aangemaakt. Dit bevat volgende nieuwe klassen: AutomatischeOmschakelaar, BypassSchakelaar, Stroomverdelingssysteem, Batterijlader, Spanningsomvormer."
2.7.0,3/29/2023,CT000355,PRB0041315,UPS,https://wegenenverkeer.data.vlaanderen.be/doc/implementatiemodel/ups,KlPDUMerk,https://wegenenverkeer.data.vlaanderen.be/doc/conceptscheme/KlPDUMerk,SerienummerObject;ElektrischComponentennummerObject;AIMObject;AIMNaamObject,"Het model UPS werd aangemaakt. Dit bevat volgende nieuwe klassen: AutomatischeOmschakelaar, BypassSchakelaar, Stroomverdelingssysteem, Batterijlader, Spanningsomvormer."
2.7.0,3/29/2023,CT000355,PRB0041315,UPS,https://wegenenverkeer.data.vlaanderen.be/doc/implementatiemodel/ups,KlAutoOmschakelaarWerking,https://wegenenverkeer.data.vlaanderen.be/doc/conceptscheme/KlAutoOmschakelaarWerking,SerienummerObject;ElektrischComponentennummerObject;AIMObject;AIMNaamObject,"Het model UPS werd aangemaakt. Dit bevat volgende nieuwe klassen: AutomatischeOmschakelaar, BypassSchakelaar, Stroomverdelingssysteem, Batterijlader, Spanningsomvormer."
2.7.0,3/29/2023,CT000355,PRB0041315,UPS,https://wegenenverkeer.data.vlaanderen.be/doc/implementatiemodel/ups,KlSTSModelnaam,https://wegenenverkeer.data.vlaanderen.be/doc/conceptscheme/KlSTSModelnaam,SerienummerObject;ElektrischComponentennummerObject;AIMObject;AIMNaamObject,"Het model UPS werd aangemaakt. Dit bevat volgende nieuwe klassen: AutomatischeOmschakelaar, BypassSchakelaar, Stroomverdelingssysteem, Batterijlader, Spanningsomvormer."
2.7.0,3/29/2023,CT000355,PRB0041315,UPS,https://wegenenverkeer.data.vlaanderen.be/doc/implementatiemodel/ups,KlSchakelaarUitvoering,https://wegenenverkeer.data.vlaanderen.be/doc/conceptscheme/KlSchakelaarUitvoering,SerienummerObject;ElektrischComponentennummerObject;AIMObject;AIMNaamObject,"Het model UPS werd aangemaakt. Dit bevat volgende nieuwe klassen: AutomatischeOmschakelaar, BypassSchakelaar, Stroomverdelingssysteem, Batterijlader, Spanningsomvormer."
2.7.0,3/29/2023,CT000355,PRB0041315,UPS,https://wegenenverkeer.data.vlaanderen.be/doc/implementatiemodel/ups,KlBypassSchakelaarModelnaam,https://wegenenverkeer.data.vlaanderen.be/doc/conceptscheme/KlBypassSchakelaarModelnaam,SerienummerObject;ElektrischComponentennummerObject;AIMObject;AIMNaamObject,"Het model UPS werd aangemaakt. Dit bevat volgende nieuwe klassen: AutomatischeOmschakelaar, BypassSchakelaar, Stroomverdelingssysteem, Batterijlader, Spanningsomvormer."
2.7.0,3/29/2023,CT000355,PRB0041315,UPS,https://wegenenverkeer.data.vlaanderen.be/doc/implementatiemodel/ups,KlPDUModelnaam,https://wegenenverkeer.data.vlaanderen.be/doc/conceptscheme/KlPDUModelnaam,SerienummerObject;ElektrischComponentennummerObject;AIMObject;AIMNaamObject,"Het model UPS werd aangemaakt. Dit bevat volgende nieuwe klassen: AutomatischeOmschakelaar, BypassSchakelaar, Stroomverdelingssysteem, Batterijlader, Spanningsomvormer."
2.7.0,3/29/2023,CT000355,PRB0041315,UPS,https://wegenenverkeer.data.vlaanderen.be/doc/implementatiemodel/ups,KlBypassSchakelaarLocatie,https://wegenenverkeer.data.vlaanderen.be/doc/conceptscheme/KlBypassSchakelaarLocatie,SerienummerObject;ElektrischComponentennummerObject;AIMObject;AIMNaamObject,"Het model UPS werd aangemaakt. Dit bevat volgende nieuwe klassen: AutomatischeOmschakelaar, BypassSchakelaar, Stroomverdelingssysteem, Batterijlader, Spanningsomvormer."
2.7.0,3/29/2023,CT000355,PRB0041315,UPS,https://wegenenverkeer.data.vlaanderen.be/doc/implementatiemodel/ups,Batterij,https://wegenenverkeer.data.vlaanderen.be/ns/onderdeel#Batterij,SerienummerObject;ElektrischComponentennummerObject;AIMObject;AIMNaamObject,"Het model UPS werd aangemaakt. Dit bevat volgende nieuwe klassen: AutomatischeOmschakelaar, BypassSchakelaar, Stroomverdelingssysteem, Batterijlader, Spanningsomvormer."
2.7.0,3/29/2023,CT000355,PRB0041315,UPS,https://wegenenverkeer.data.vlaanderen.be/doc/implementatiemodel/ups,UPS,https://wegenenverkeer.data.vlaanderen.be/ns/onderdeel#UPS,SerienummerObject;ElektrischComponentennummerObject;AIMObject;AIMNaamObject,"Het model UPS werd aangemaakt. Dit bevat volgende nieuwe klassen: AutomatischeOmschakelaar, BypassSchakelaar, Stroomverdelingssysteem, Batterijlader, Spanningsomvormer."
2.7.0,3/29/2023,CT000337,PRB0041273,Ventilatie,https://wegenenverkeer.data.vlaanderen.be/doc/implementatiemodel/ventilatie,PLC,https://wegenenverkeer.data.vlaanderen.be/ns/onderdeel#PLC,,De typo in de mensleesbare vorm van het attribuut TechnischeFiche werd gecorrigeerd op onderdeel PLC.
2.7.0,3/29/2023,CT000345,PRB0041310,Ventilatie,https://wegenenverkeer.data.vlaanderen.be/doc/implementatiemodel/ventilatie,IOKaart,https://wegenenverkeer.data.vlaanderen.be/ns/onderdeel#IOKaart,SerienummerObject,De eigenschap 'serienummer' werd toegekend aan klasse IOKaart via overerving van abstracte SerienummerObject.
2.7.0,3/29/2023,CT000337,PRB0041273,Verkeersregelinstallatie,https://wegenenverkeer.data.vlaanderen.be/doc/implementatiemodel/verkeersregelinstallatie,PLC,https://wegenenverkeer.data.vlaanderen.be/ns/onderdeel#PLC,,De typo in de mensleesbare vorm van het attribuut TechnischeFiche werd gecorrigeerd op onderdeel PLC.
2.7.0,3/29/2023,CT000355,PRB0041315,Verkeersregelinstallatie,https://wegenenverkeer.data.vlaanderen.be/doc/implementatiemodel/verkeersregelinstallatie,UPS,https://wegenenverkeer.data.vlaanderen.be/ns/onderdeel#UPS,SerienummerObject;ElektrischComponentennummerObject;AIMObject;AIMNaamObject,"Het model UPS werd aangemaakt. Dit bevat volgende nieuwe klassen: AutomatischeOmschakelaar, BypassSchakelaar, Stroomverdelingssysteem, Batterijlader, Spanningsomvormer."
2.7.0,3/29/2023,CT000345,PRB0041310,Verkeersregelinstallatie,https://wegenenverkeer.data.vlaanderen.be/doc/implementatiemodel/verkeersregelinstallatie,IOKaart,https://wegenenverkeer.data.vlaanderen.be/ns/onderdeel#IOKaart,SerienummerObject,De eigenschap 'serienummer' werd toegekend aan klasse IOKaart via overerving van abstracte SerienummerObject.
2.7.0,3/29/2023,CT000354,PRB0041291,Verlichtingsinstallatie,https://wegenenverkeer.data.vlaanderen.be/doc/implementatiemodel/verlichtingsinstallatie,Transformator,https://wegenenverkeer.data.vlaanderen.be/ns/onderdeel#Transformator,,De verschillende opties wat betreft type verliezen werden toegevoegd.
2.7.0,3/29/2023,CT000338,PRB0041300,Verlichtingsinstallatie,https://wegenenverkeer.data.vlaanderen.be/doc/implementatiemodel/verlichtingsinstallatie,Netwerkelement,https://wegenenverkeer.data.vlaanderen.be/ns/onderdeel#Netwerkelement,AIMObject;Link;Netwerkpoort;Pad;Netwerkpoort,OTN werd uitgebreid met klasse Been en Hoortbij relaties naar Link en Pad. Netwerkelement werd uitgebreid met eigenschap afmeting.
2.7.0,3/29/2023,CT000337,PRB0041273,Verlichtingsinstallatie,https://wegenenverkeer.data.vlaanderen.be/doc/implementatiemodel/verlichtingsinstallatie,PLC,https://wegenenverkeer.data.vlaanderen.be/ns/onderdeel#PLC,,De typo in de mensleesbare vorm van het attribuut TechnischeFiche werd gecorrigeerd op onderdeel PLC.
2.7.0,3/29/2023,CT000339,PRB0041302,Verlichtingsinstallatie,https://wegenenverkeer.data.vlaanderen.be/doc/implementatiemodel/verlichtingsinstallatie,VerlichtingstoestelLED,https://wegenenverkeer.data.vlaanderen.be/ns/onderdeel#VerlichtingstoestelLED,,Eigenschap 'lumenOutput' met als datatype een keuzelijst met standaard waarden in Lumen werd toegevoegd aan VerlichtingstoestelLED.
2.7.0,3/29/2023,CT000339,PRB0041302,Verlichtingsinstallatie,https://wegenenverkeer.data.vlaanderen.be/doc/implementatiemodel/verlichtingsinstallatie,KlLumenOutput,https://wegenenverkeer.data.vlaanderen.be/doc/conceptscheme/KlLumenOutput,,Eigenschap 'lumenOutput' met als datatype een keuzelijst met standaard waarden in Lumen werd toegevoegd aan VerlichtingstoestelLED.
2.7.0,3/29/2023,CT000340,PRB0041017,Verlichtingsinstallatie,https://wegenenverkeer.data.vlaanderen.be/doc/implementatiemodel/verlichtingsinstallatie,Laagspanningsbord,https://wegenenverkeer.data.vlaanderen.be/ns/onderdeel#Laagspanningsbord,,In navolging van de werkgroepen rond elektrische componenten met stakeholders van AWV en DVW werden volgende wijzigingen doorgevoerd op de klasse 'Laagspanningsbord': 1. Het attribuut vermogen werd uit gebruik genomen. 2. Het attribuut nominale stroom werd ge?ntroduceerd. 3. Het attribuut kortsluitvermogen werd ge?ntroduceerd. 
2.7.0,3/29/2023,CT000356,PRB0041316,Verlichtingsinstallatie,https://wegenenverkeer.data.vlaanderen.be/doc/implementatiemodel/verlichtingsinstallatie,Netwerkpoort,https://wegenenverkeer.data.vlaanderen.be/ns/onderdeel#Netwerkpoort,Kast;SerienummerObject;Stroomkring;Bevestigingsbeugel;Draagconstructie;DynBordOpMaat;Ecoraster;Netwerkelement;AIMNaamObject,Het nieuwe model Wildetectiesysteem werd aan de OTL toegevoegd. 
2.7.0,3/29/2023,CT000349,PRB0041290,Verlichtingsinstallatie,https://wegenenverkeer.data.vlaanderen.be/doc/implementatiemodel/verlichtingsinstallatie,Transformator,https://wegenenverkeer.data.vlaanderen.be/ns/onderdeel#Transformator,,Tijdens de werkgroep die op 23-01-2023 heeft plaatsgevonden is gebleken dat er een onderscheid dient gemaakt te worden in transformators die al dan niet galvanisch gescheiden zijn. Vandaar dat er een bijkomende eigenschap werd opgenomen die dit aanduidt.
2.7.0,3/29/2023,CT000353,PRB0041285,Verlichtingsinstallatie,https://wegenenverkeer.data.vlaanderen.be/doc/implementatiemodel/verlichtingsinstallatie,Laagspanningsbord,https://wegenenverkeer.data.vlaanderen.be/ns/onderdeel#Laagspanningsbord,,Er is overeengekomen dat er een nood bestaat om informatie bij te houden over het aardingsnet op niveau van het laagspanningsbord. Deze werd als attribuut met een keuzelijst toegevoegd.
2.7.0,3/29/2023,CT000345,PRB0041310,Verlichtingsinstallatie,https://wegenenverkeer.data.vlaanderen.be/doc/implementatiemodel/verlichtingsinstallatie,IOKaart,https://wegenenverkeer.data.vlaanderen.be/ns/onderdeel#IOKaart,SerienummerObject,De eigenschap 'serienummer' werd toegekend aan klasse IOKaart via overerving van abstracte SerienummerObject.
2.7.0,3/29/2023,CT000338,PRB0041300,Wilddetectiesysteem,https://wegenenverkeer.data.vlaanderen.be/doc/implementatiemodel/wilddetectiesysteem,Netwerkelement,https://wegenenverkeer.data.vlaanderen.be/ns/onderdeel#Netwerkelement,AIMObject;Link;Netwerkpoort;Pad;Netwerkpoort,OTN werd uitgebreid met klasse Been en Hoortbij relaties naar Link en Pad. Netwerkelement werd uitgebreid met eigenschap afmeting.
2.7.0,3/29/2023,CT000347,PRB0041311,Wilddetectiesysteem,https://wegenenverkeer.data.vlaanderen.be/doc/implementatiemodel/wilddetectiesysteem,Camera,https://wegenenverkeer.data.vlaanderen.be/ns/onderdeel#Camera,SerienummerObject,De eigenschap 'serienummer' werd toegevoegd aan klasse Camera. De kardinaliteit van de eigenschap 'technische fiche' werd verhoogd naar 1..*.
2.7.0,3/29/2023,CT000356,PRB0041316,Wilddetectiesysteem,https://wegenenverkeer.data.vlaanderen.be/doc/implementatiemodel/wilddetectiesysteem,Bewegingssensor,https://wegenenverkeer.data.vlaanderen.be/ns/onderdeel#Bewegingssensor,Kast;SerienummerObject;Stroomkring;Bevestigingsbeugel;Draagconstructie;DynBordOpMaat;Ecoraster;Netwerkelement;AIMNaamObject,Het nieuwe model Wildetectiesysteem werd aan de OTL toegevoegd. 
2.7.0,3/29/2023,CT000356,PRB0041316,Wilddetectiesysteem,https://wegenenverkeer.data.vlaanderen.be/doc/implementatiemodel/wilddetectiesysteem,KlBewegingssensorDetectiemethode,https://wegenenverkeer.data.vlaanderen.be/doc/conceptscheme/KlBewegingssensorDetectiemethode,Kast;SerienummerObject;Stroomkring;Bevestigingsbeugel;Draagconstructie;DynBordOpMaat;Ecoraster;Netwerkelement;AIMNaamObject,Het nieuwe model Wildetectiesysteem werd aan de OTL toegevoegd. 
2.7.0,3/29/2023,CT000356,PRB0041316,Wilddetectiesysteem,https://wegenenverkeer.data.vlaanderen.be/doc/implementatiemodel/wilddetectiesysteem,Wilddetectiezone,https://wegenenverkeer.data.vlaanderen.be/ns/installatie#Wilddetectiezone,Kast;SerienummerObject;Stroomkring;Bevestigingsbeugel;Draagconstructie;DynBordOpMaat;Ecoraster;Netwerkelement;AIMNaamObject,Het nieuwe model Wildetectiesysteem werd aan de OTL toegevoegd. 
2.7.0,3/29/2023,CT000356,PRB0041316,Wilddetectiesysteem,https://wegenenverkeer.data.vlaanderen.be/doc/implementatiemodel/wilddetectiesysteem,KlBewegingssensorMerk,https://wegenenverkeer.data.vlaanderen.be/doc/conceptscheme/KlBewegingssensorMerk,Kast;SerienummerObject;Stroomkring;Bevestigingsbeugel;Draagconstructie;DynBordOpMaat;Ecoraster;Netwerkelement;AIMNaamObject,Het nieuwe model Wildetectiesysteem werd aan de OTL toegevoegd. 
2.7.0,3/29/2023,CT000356,PRB0041316,Wilddetectiesysteem,https://wegenenverkeer.data.vlaanderen.be/doc/implementatiemodel/wilddetectiesysteem,KlBewegingssensorModelnaam,https://wegenenverkeer.data.vlaanderen.be/doc/conceptscheme/KlBewegingssensorModelnaam,Kast;SerienummerObject;Stroomkring;Bevestigingsbeugel;Draagconstructie;DynBordOpMaat;Ecoraster;Netwerkelement;AIMNaamObject,Het nieuwe model Wildetectiesysteem werd aan de OTL toegevoegd. 
2.7.0,3/29/2023,CT000356,PRB0041316,Wilddetectiesysteem,https://wegenenverkeer.data.vlaanderen.be/doc/implementatiemodel/wilddetectiesysteem,Netwerkpoort,https://wegenenverkeer.data.vlaanderen.be/ns/onderdeel#Netwerkpoort,Kast;SerienummerObject;Stroomkring;Bevestigingsbeugel;Draagconstructie;DynBordOpMaat;Ecoraster;Netwerkelement;AIMNaamObject,Het nieuwe model Wildetectiesysteem werd aan de OTL toegevoegd. 
2.7.0,3/29/2023,CT000360,PRB0041320,Wilddetectiesysteem,https://wegenenverkeer.data.vlaanderen.be/doc/implementatiemodel/wilddetectiesysteem,Wilddetectiezone,https://wegenenverkeer.data.vlaanderen.be/ns/installatie#Wilddetectiezone,Camera;DynBordOpMaat;Ecoraster;Kast;Bewegingssensor,Wilddetectiesysteem vervandert naar wilddetectiezone
2.7.0,3/29/2023,CT000346,PRB0041295,Wilddetectiesysteem,https://wegenenverkeer.data.vlaanderen.be/doc/implementatiemodel/wilddetectiesysteem,Rack,https://wegenenverkeer.data.vlaanderen.be/ns/onderdeel#Rack,,Een Voedt relatie werd toegevoegd van Rack naar UPS.
2.7.0,3/29/2023,CT000337,PRB0041273,Zoutbijlaadplaats,https://wegenenverkeer.data.vlaanderen.be/doc/implementatiemodel/zoutbijlaadplaats,PLC,https://wegenenverkeer.data.vlaanderen.be/ns/onderdeel#PLC,,De typo in de mensleesbare vorm van het attribuut TechnischeFiche werd gecorrigeerd op onderdeel PLC.
2.7.0,3/29/2023,CT000340,PRB0041017,Zoutbijlaadplaats,https://wegenenverkeer.data.vlaanderen.be/doc/implementatiemodel/zoutbijlaadplaats,Laagspanningsbord,https://wegenenverkeer.data.vlaanderen.be/ns/onderdeel#Laagspanningsbord,,In navolging van de werkgroepen rond elektrische componenten met stakeholders van AWV en DVW werden volgende wijzigingen doorgevoerd op de klasse 'Laagspanningsbord': 1. Het attribuut vermogen werd uit gebruik genomen. 2. Het attribuut nominale stroom werd ge?ntroduceerd. 3. Het attribuut kortsluitvermogen werd ge?ntroduceerd. 
2.7.0,3/29/2023,CT000347,PRB0041311,Zoutbijlaadplaats,https://wegenenverkeer.data.vlaanderen.be/doc/implementatiemodel/zoutbijlaadplaats,Camera,https://wegenenverkeer.data.vlaanderen.be/ns/onderdeel#Camera,SerienummerObject,De eigenschap 'serienummer' werd toegevoegd aan klasse Camera. De kardinaliteit van de eigenschap 'technische fiche' werd verhoogd naar 1..*.
2.7.0,3/29/2023,CT000356,PRB0041316,Zoutbijlaadplaats,https://wegenenverkeer.data.vlaanderen.be/doc/implementatiemodel/zoutbijlaadplaats,Netwerkpoort,https://wegenenverkeer.data.vlaanderen.be/ns/onderdeel#Netwerkpoort,Kast;SerienummerObject;Stroomkring;Bevestigingsbeugel;Draagconstructie;DynBordOpMaat;Ecoraster;Netwerkelement;AIMNaamObject,Het nieuwe model Wildetectiesysteem werd aan de OTL toegevoegd. 
2.7.0,3/29/2023,CT000353,PRB0041285,Zoutbijlaadplaats,https://wegenenverkeer.data.vlaanderen.be/doc/implementatiemodel/zoutbijlaadplaats,Laagspanningsbord,https://wegenenverkeer.data.vlaanderen.be/ns/onderdeel#Laagspanningsbord,,Er is overeengekomen dat er een nood bestaat om informatie bij te houden over het aardingsnet op niveau van het laagspanningsbord. Deze werd als attribuut met een keuzelijst toegevoegd.
