RELEASENOTES;;;;;;;;;
OTL VERSIE;DATUM GEPUBLICEERD;CHANGE TICKET NR;PROBLEEM NR;IMPLEMENTATIEMODEL;IMPLEMENTATIEMODEL URL;PRIMAIRE OTL KLASSE;PRIMAIRE OTL KLASSE URL;SECUNDAIRE OTL KLASSE;OPLOSSING
2.1.0;13/10/2021;CT000175;PRB0040959;ANPR-Trajectcontrole;https://wegenenverkeer.data.vlaanderen.be/doc/implementatiemodel/anpr-trajectcontrole;Camera;https://wegenenverkeer.data.vlaanderen.be/ns/onderdeel#Camera;;De hoogte waarop de camera is opgesteld t.o.v. het maaiveld toegevoegd als expliciet attribuut (opstelhoogte) van Camera.
2.1.0;13/10/2021;CT000186;PRB0040940;ANPR-Trajectcontrole;https://wegenenverkeer.data.vlaanderen.be/doc/implementatiemodel/anpr-trajectcontrole;Verkeersbordopstelling;https://wegenenverkeer.data.vlaanderen.be/ns/installatie#Verkeersbordopstelling;Draagconstructie;"De hoortbij relatie tussen de abstracte ""Draagconstructie"" en de installatie ""Verkeersbordopstelling"" werd op ""visible"" gezet. De definitie van de installatie ""Verkeersbordopstelling"" werd gewijzigd naar: ""Het geheel van verticale verkeerssignalisatie die bevestigd is aan ??n of meerdere draagconstructies op ??nzelfde geolocatie."""
2.1.0;13/10/2021;CT000187;PRB0040941;ANPR-Trajectcontrole;https://wegenenverkeer.data.vlaanderen.be/doc/implementatiemodel/anpr-trajectcontrole;Verkeersbordopstelling;https://wegenenverkeer.data.vlaanderen.be/ns/installatie#Verkeersbordopstelling;;"Het attribuut ""isBotsvriendelijk"" werd toegevoegd aan de installatie ""Verkeersbordopstelling""."
2.1.0;13/10/2021;CT000196;PRB0040983;ANPR-Trajectcontrole;https://wegenenverkeer.data.vlaanderen.be/doc/implementatiemodel/anpr-trajectcontrole;Camera;https://wegenenverkeer.data.vlaanderen.be/ns/onderdeel#Camera;"VerlichtingstoestelTL;VerlichtingstoestelNaHP;VerlichtingstoestelHgLP;VerlichtingstoestelNaLP;IndoorKast;AIMNaamObject;VerkeerslichtRood;VerkeerslichtGroen;VerkeerslichtOranjegeel;VerkeerslichtWit;VerlichtingstoestelMHHP;Hulppostkast;Wegkantkast;Montagekast;Buitenkast;AIMObject;SluitAanOp;NaampadObject;DirectioneleRelatie";Het IMKL model is aangemaakt. Het diagram bevat de elementen die relevant zijn voor de mapping van AKELA data op OTL onderdelen.
2.1.0;13/10/2021;CT000196;PRB0040983;ANPR-Trajectcontrole;https://wegenenverkeer.data.vlaanderen.be/doc/implementatiemodel/anpr-trajectcontrole;Kast;https://wegenenverkeer.data.vlaanderen.be/ns/abstracten#Kast;"VerlichtingstoestelTL;VerlichtingstoestelNaHP;VerlichtingstoestelHgLP;VerlichtingstoestelNaLP;IndoorKast;AIMNaamObject;VerkeerslichtRood;VerkeerslichtGroen;VerkeerslichtOranjegeel;VerkeerslichtWit;VerlichtingstoestelMHHP;Hulppostkast;Wegkantkast;Montagekast;Buitenkast;AIMObject;SluitAanOp;NaampadObject;DirectioneleRelatie";Het IMKL model is aangemaakt. Het diagram bevat de elementen die relevant zijn voor de mapping van AKELA data op OTL onderdelen.
2.1.0;13/10/2021;CT000201;PRB0040961;ANPR-Trajectcontrole;https://wegenenverkeer.data.vlaanderen.be/doc/implementatiemodel/anpr-trajectcontrole;Netwerkelement;https://wegenenverkeer.data.vlaanderen.be/ns/onderdeel#Netwerkelement;;"Label-nl van het attribuut modelnaam aangepast van ""type"" naar ""modelnaam"" om te laten overeenkomen met de naam van het attribuut. "
2.1.0;13/10/2021;CT000205;PRB0040676;ANPR-Trajectcontrole;https://wegenenverkeer.data.vlaanderen.be/doc/implementatiemodel/anpr-trajectcontrole;Laagspanningsbord;https://wegenenverkeer.data.vlaanderen.be/ns/onderdeel#Laagspanningsbord;Wegkantkast;Het Laagspanningsbord kon tot nog toe enkel bevestigd worden aan een Wegkantkast. Dit is te beperkend. Daarom heeft het Laagspanningsbord nu een Bevestiging-relatie gekregen met de Abstracte Behuizing waaronder alle types Kasten vallen maar bv. ook Cabine. Hiervoor is de Bevestiging-relatie met Wegkantkast wel buiten gebruik gesteld om een dubbele relatie te vermijden. In het SQLite-artefact is de Bevestiging-relatie tussen de twee klassen wel twee keer terug te vinden: de ene rechtstreeks, hiermee buiten gebruik gesteld, en de nieuwe relatie die via overerving tot stand komt. 
2.1.0;13/10/2021;CT000211;PRB0040997;ANPR-Trajectcontrole;https://wegenenverkeer.data.vlaanderen.be/doc/implementatiemodel/anpr-trajectcontrole;Netwerkelement;https://wegenenverkeer.data.vlaanderen.be/ns/onderdeel#Netwerkelement;NaampadObject;Uitbreiding van de OTL voor assets en structuren voor het IP-netwerk. De bestaande assettypes voor het in kaart brengen van netwerken was enkel gericht op het optisch transportnetwerk. Deze uitbreiding maakt het mogelijk om ook gegevens voor het IP netwerk uit te wisselen. Hiervoor werd Netwerkelement uitgebreid met een bijkomend attribuut 'gebruik' en Link met 'mediumtype', telkens met eigen keuzelijsten. Er werden ook drie nieuwe Installatietypes toegevoegd: LSAccessStructuur, VLAN en IPBackbone om de netwerkstructuren als aaneenschakeling van Netwerkpoorten en Netwerkelementen.
2.1.0;13/10/2021;CT000211;PRB0040997;ANPR-Trajectcontrole;https://wegenenverkeer.data.vlaanderen.be/doc/implementatiemodel/anpr-trajectcontrole;Netwerkpoort;https://wegenenverkeer.data.vlaanderen.be/ns/onderdeel#Netwerkpoort;NaampadObject;Uitbreiding van de OTL voor assets en structuren voor het IP-netwerk. De bestaande assettypes voor het in kaart brengen van netwerken was enkel gericht op het optisch transportnetwerk. Deze uitbreiding maakt het mogelijk om ook gegevens voor het IP netwerk uit te wisselen. Hiervoor werd Netwerkelement uitgebreid met een bijkomend attribuut 'gebruik' en Link met 'mediumtype', telkens met eigen keuzelijsten. Er werden ook drie nieuwe Installatietypes toegevoegd: LSAccessStructuur, VLAN en IPBackbone om de netwerkstructuren als aaneenschakeling van Netwerkpoorten en Netwerkelementen.
2.1.0;13/10/2021;CT000217;PRB0040960;ANPR-Trajectcontrole;https://wegenenverkeer.data.vlaanderen.be/doc/implementatiemodel/anpr-trajectcontrole;Behuizing;https://wegenenverkeer.data.vlaanderen.be/ns/abstracten#Behuizing;;Voor Behuizingen die elektrische installaties bevatten kan het volgens het AREI vereist zijn om een risicoanalyse en een tabel uitwendige invloeden toe te voegen. Hiervoor zijn twee nieuwe attributen toegevoegd. Voor onderdelen van de distributienetbeheerder in elektrische installaties was het al mogelijk om een risiscoanalyse toe te voegen op het onderdeel zelf. De uitbreiding van Behuizing laat toe om de bestanden ook toe te voegen waar zich geen onderdelen van de distributienetbeheerder bevinden.
2.1.0;13/10/2021;CT000194;PRB0040981;Brandleiding;https://wegenenverkeer.data.vlaanderen.be/doc/implementatiemodel/brandleiding;Buis;https://wegenenverkeer.data.vlaanderen.be/ns/abstracten#Buis;;"De abstracte ""Buis"" heeft een ""Sluit aan op"" relatie met zichzelf gekregen."
2.1.0;13/10/2021;CT000196;PRB0040983;Brandleiding;https://wegenenverkeer.data.vlaanderen.be/doc/implementatiemodel/brandleiding;Buis;https://wegenenverkeer.data.vlaanderen.be/ns/abstracten#Buis;"VerlichtingstoestelTL;VerlichtingstoestelNaHP;VerlichtingstoestelHgLP;VerlichtingstoestelNaLP;IndoorKast;AIMNaamObject;VerkeerslichtRood;VerkeerslichtGroen;VerkeerslichtOranjegeel;VerkeerslichtWit;VerlichtingstoestelMHHP;Hulppostkast;Wegkantkast;Montagekast;Buitenkast;AIMObject;SluitAanOp;NaampadObject;DirectioneleRelatie";Het IMKL model is aangemaakt. Het diagram bevat de elementen die relevant zijn voor de mapping van AKELA data op OTL onderdelen.
2.1.0;13/10/2021;CT000197;PRB0040986;Brandleiding;https://wegenenverkeer.data.vlaanderen.be/doc/implementatiemodel/brandleiding;Buis;https://wegenenverkeer.data.vlaanderen.be/ns/abstracten#Buis;"Zuigleiding;Rioleringsbuis;Draineerbuis;Brandleiding";"""breedteBinnenzijde"" en ""breedteBuitenzijde"" toegevoegd. ""breedte"" verijwijderd."
2.1.0;13/10/2021;CT000198;PRB0040989;Brandleiding;https://wegenenverkeer.data.vlaanderen.be/doc/implementatiemodel/brandleiding;Persleiding;https://wegenenverkeer.data.vlaanderen.be/ns/onderdeel#Persleiding;;"De definitie van het onderdeel ""Persleiding"" is aangepast zodat het ook andere vloeistoffen en gassen kan vervoeren dan enkel water."
2.1.0;13/10/2021;CT000175;PRB0040959;Camerainstallatie;https://wegenenverkeer.data.vlaanderen.be/doc/implementatiemodel/camerainstallatie;Camera;https://wegenenverkeer.data.vlaanderen.be/ns/onderdeel#Camera;;De hoogte waarop de camera is opgesteld t.o.v. het maaiveld toegevoegd als expliciet attribuut (opstelhoogte) van Camera.
2.1.0;13/10/2021;CT000196;PRB0040983;Camerainstallatie;https://wegenenverkeer.data.vlaanderen.be/doc/implementatiemodel/camerainstallatie;Camera;https://wegenenverkeer.data.vlaanderen.be/ns/onderdeel#Camera;"VerlichtingstoestelTL;VerlichtingstoestelNaHP;VerlichtingstoestelHgLP;VerlichtingstoestelNaLP;IndoorKast;AIMNaamObject;VerkeerslichtRood;VerkeerslichtGroen;VerkeerslichtOranjegeel;VerkeerslichtWit;VerlichtingstoestelMHHP;Hulppostkast;Wegkantkast;Montagekast;Buitenkast;AIMObject;SluitAanOp;NaampadObject;DirectioneleRelatie";Het IMKL model is aangemaakt. Het diagram bevat de elementen die relevant zijn voor de mapping van AKELA data op OTL onderdelen.
2.1.0;13/10/2021;CT000196;PRB0040983;Camerainstallatie;https://wegenenverkeer.data.vlaanderen.be/doc/implementatiemodel/camerainstallatie;Kast;https://wegenenverkeer.data.vlaanderen.be/ns/abstracten#Kast;"VerlichtingstoestelTL;VerlichtingstoestelNaHP;VerlichtingstoestelHgLP;VerlichtingstoestelNaLP;IndoorKast;AIMNaamObject;VerkeerslichtRood;VerkeerslichtGroen;VerkeerslichtOranjegeel;VerkeerslichtWit;VerlichtingstoestelMHHP;Hulppostkast;Wegkantkast;Montagekast;Buitenkast;AIMObject;SluitAanOp;NaampadObject;DirectioneleRelatie";Het IMKL model is aangemaakt. Het diagram bevat de elementen die relevant zijn voor de mapping van AKELA data op OTL onderdelen.
2.1.0;13/10/2021;CT000201;PRB0040961;Camerainstallatie;https://wegenenverkeer.data.vlaanderen.be/doc/implementatiemodel/camerainstallatie;Netwerkelement;https://wegenenverkeer.data.vlaanderen.be/ns/onderdeel#Netwerkelement;;"Label-nl van het attribuut modelnaam aangepast van ""type"" naar ""modelnaam"" om te laten overeenkomen met de naam van het attribuut. "
2.1.0;13/10/2021;CT000211;PRB0040997;Camerainstallatie;https://wegenenverkeer.data.vlaanderen.be/doc/implementatiemodel/camerainstallatie;Netwerkelement;https://wegenenverkeer.data.vlaanderen.be/ns/onderdeel#Netwerkelement;NaampadObject;Uitbreiding van de OTL voor assets en structuren voor het IP-netwerk. De bestaande assettypes voor het in kaart brengen van netwerken was enkel gericht op het optisch transportnetwerk. Deze uitbreiding maakt het mogelijk om ook gegevens voor het IP netwerk uit te wisselen. Hiervoor werd Netwerkelement uitgebreid met een bijkomend attribuut 'gebruik' en Link met 'mediumtype', telkens met eigen keuzelijsten. Er werden ook drie nieuwe Installatietypes toegevoegd: LSAccessStructuur, VLAN en IPBackbone om de netwerkstructuren als aaneenschakeling van Netwerkpoorten en Netwerkelementen.
2.1.0;13/10/2021;CT000211;PRB0040997;Camerainstallatie;https://wegenenverkeer.data.vlaanderen.be/doc/implementatiemodel/camerainstallatie;Netwerkpoort;https://wegenenverkeer.data.vlaanderen.be/ns/onderdeel#Netwerkpoort;NaampadObject;Uitbreiding van de OTL voor assets en structuren voor het IP-netwerk. De bestaande assettypes voor het in kaart brengen van netwerken was enkel gericht op het optisch transportnetwerk. Deze uitbreiding maakt het mogelijk om ook gegevens voor het IP netwerk uit te wisselen. Hiervoor werd Netwerkelement uitgebreid met een bijkomend attribuut 'gebruik' en Link met 'mediumtype', telkens met eigen keuzelijsten. Er werden ook drie nieuwe Installatietypes toegevoegd: LSAccessStructuur, VLAN en IPBackbone om de netwerkstructuren als aaneenschakeling van Netwerkpoorten en Netwerkelementen.
2.1.0;13/10/2021;CT000210;PRB0040762;Camerainstallatie;https://wegenenverkeer.data.vlaanderen.be/doc/implementatiemodel/camerainstallatie;AIDModule;https://wegenenverkeer.data.vlaanderen.be/ns/onderdeel#AIDModule;;De definitie verduidelijkt om aan te geven dat met dit Onderdeel de externe hardware-module bedoeld wordt waarmee camerabeelden centraal of lokaal geanalyseerd worden.
2.1.0;13/10/2021;CT000178;PRB0040806;Draagconstructies;https://wegenenverkeer.data.vlaanderen.be/doc/implementatiemodel/draagconstructies;Verkeersbordsteun;https://wegenenverkeer.data.vlaanderen.be/ns/onderdeel#Verkeersbordsteun;;"De definitie van het onderdeel ""Verkeersbordsteun"" werd aangepast naar: ""Een draagconstructie voor verkeersborden of pictogrammen. Dit kan een ronde paal of een vakwerksteun zijn."""
2.1.0;13/10/2021;CT000180;PRB0040891;Draagconstructies;https://wegenenverkeer.data.vlaanderen.be/doc/implementatiemodel/draagconstructies;Verkeersbordsteun;https://wegenenverkeer.data.vlaanderen.be/ns/onderdeel#Verkeersbordsteun;;"Het attribuut ""breedte"" op het onderdeel ""Verkeersbordsteun"" werd uit gebruik genomen."
2.1.0;13/10/2021;CT000216;PRB0041013;Draagconstructies;https://wegenenverkeer.data.vlaanderen.be/doc/implementatiemodel/draagconstructies;WVConsole;https://wegenenverkeer.data.vlaanderen.be/ns/onderdeel#WVConsole;;"Aanpassing na publicatie van de release candidate op Test: er werd gevraagd om het label van WVConsole te wijzigen van ""Wegverlichtingsconsole"" naar ""WV console"" naar analogie met ""WV lichtmast"". "
2.1.0;13/10/2021;CT000215;PRB0041008;Draagconstructies;https://wegenenverkeer.data.vlaanderen.be/doc/implementatiemodel/draagconstructies;WVConsole;https://wegenenverkeer.data.vlaanderen.be/ns/onderdeel#WVConsole;"AIMNaamObject;Verlichtingstoestel;ConstructieElement;BekledingComponent";"Het onderdeel ""Wegverlichtingsconsole"" is aangemaakt. Het erft over van ""AIMNaamObject"" en heeft (for the time being) geen eigen attributen. Het heeft een bevestiging-relatie met de abstracten ""Verlichtingstoestel"", ""ConstructieElement"", en ""BekledingComponent""."
2.1.0;13/10/2021;CT000192;PRB0040957;Dynamische-borden;https://wegenenverkeer.data.vlaanderen.be/doc/implementatiemodel/dynamische-borden;Verkeersbord;https://wegenenverkeer.data.vlaanderen.be/ns/abstracten#Verkeersbord;;"De kardinaliteit van het attribuut ""afbeelding"" op de abstracte ""Verkeersbord"" werd verhoogd van 0..* naar 1..*.  "
2.1.0;13/10/2021;CT000196;PRB0040983;Dynamische-borden;https://wegenenverkeer.data.vlaanderen.be/doc/implementatiemodel/dynamische-borden;Kast;https://wegenenverkeer.data.vlaanderen.be/ns/abstracten#Kast;"VerlichtingstoestelTL;VerlichtingstoestelNaHP;VerlichtingstoestelHgLP;VerlichtingstoestelNaLP;IndoorKast;AIMNaamObject;VerkeerslichtRood;VerkeerslichtGroen;VerkeerslichtOranjegeel;VerkeerslichtWit;VerlichtingstoestelMHHP;Hulppostkast;Wegkantkast;Montagekast;Buitenkast;AIMObject;SluitAanOp;NaampadObject;DirectioneleRelatie";Het IMKL model is aangemaakt. Het diagram bevat de elementen die relevant zijn voor de mapping van AKELA data op OTL onderdelen.
2.1.0;13/10/2021;CT000201;PRB0040961;Dynamische-borden;https://wegenenverkeer.data.vlaanderen.be/doc/implementatiemodel/dynamische-borden;Netwerkelement;https://wegenenverkeer.data.vlaanderen.be/ns/onderdeel#Netwerkelement;;"Label-nl van het attribuut modelnaam aangepast van ""type"" naar ""modelnaam"" om te laten overeenkomen met de naam van het attribuut. "
2.1.0;13/10/2021;CT000211;PRB0040997;Dynamische-borden;https://wegenenverkeer.data.vlaanderen.be/doc/implementatiemodel/dynamische-borden;Netwerkelement;https://wegenenverkeer.data.vlaanderen.be/ns/onderdeel#Netwerkelement;NaampadObject;Uitbreiding van de OTL voor assets en structuren voor het IP-netwerk. De bestaande assettypes voor het in kaart brengen van netwerken was enkel gericht op het optisch transportnetwerk. Deze uitbreiding maakt het mogelijk om ook gegevens voor het IP netwerk uit te wisselen. Hiervoor werd Netwerkelement uitgebreid met een bijkomend attribuut 'gebruik' en Link met 'mediumtype', telkens met eigen keuzelijsten. Er werden ook drie nieuwe Installatietypes toegevoegd: LSAccessStructuur, VLAN en IPBackbone om de netwerkstructuren als aaneenschakeling van Netwerkpoorten en Netwerkelementen.
2.1.0;13/10/2021;CT000211;PRB0040997;Dynamische-borden;https://wegenenverkeer.data.vlaanderen.be/doc/implementatiemodel/dynamische-borden;Netwerkpoort;https://wegenenverkeer.data.vlaanderen.be/ns/onderdeel#Netwerkpoort;NaampadObject;Uitbreiding van de OTL voor assets en structuren voor het IP-netwerk. De bestaande assettypes voor het in kaart brengen van netwerken was enkel gericht op het optisch transportnetwerk. Deze uitbreiding maakt het mogelijk om ook gegevens voor het IP netwerk uit te wisselen. Hiervoor werd Netwerkelement uitgebreid met een bijkomend attribuut 'gebruik' en Link met 'mediumtype', telkens met eigen keuzelijsten. Er werden ook drie nieuwe Installatietypes toegevoegd: LSAccessStructuur, VLAN en IPBackbone om de netwerkstructuren als aaneenschakeling van Netwerkpoorten en Netwerkelementen.
2.1.0;13/10/2021;CT000177;PRB0040784;Eenvoudige-datatypes;https://wegenenverkeer.data.vlaanderen.be/doc/implementatiemodel/eenvoudige-datatypes;KwantWrdInBar;https://wegenenverkeer.data.vlaanderen.be/ns/implementatieelement#KwantWrdInBar;;"De definitie van eigenschap ""standaard eenheid"" op het eenvoudige datatype ""KwantWrdInBar"" werd gewijzigd naar: ""De standaard eenheid bij dit datatype is uitgedrukt in bar.""."
2.1.0;13/10/2021;CT000196;PRB0040983;Elektrische-componenten;https://wegenenverkeer.data.vlaanderen.be/doc/implementatiemodel/elektrische-componenten;Kast;https://wegenenverkeer.data.vlaanderen.be/ns/abstracten#Kast;"VerlichtingstoestelTL;VerlichtingstoestelNaHP;VerlichtingstoestelHgLP;VerlichtingstoestelNaLP;IndoorKast;AIMNaamObject;VerkeerslichtRood;VerkeerslichtGroen;VerkeerslichtOranjegeel;VerkeerslichtWit;VerlichtingstoestelMHHP;Hulppostkast;Wegkantkast;Montagekast;Buitenkast;AIMObject;SluitAanOp;NaampadObject;DirectioneleRelatie";Het IMKL model is aangemaakt. Het diagram bevat de elementen die relevant zijn voor de mapping van AKELA data op OTL onderdelen.
2.1.0;13/10/2021;CT000203;PRB0040962;Elektrische-componenten;https://wegenenverkeer.data.vlaanderen.be/doc/implementatiemodel/elektrische-componenten;EnergiemeterDNB;https://wegenenverkeer.data.vlaanderen.be/ns/onderdeel#EnergiemeterDNB;"Hoofdschakelaar;Transformator";Voor wegverlichting zijn er bijkomende voedingsrelaties toegevoegd. Er ligt nu een rechtstreekse relatie van Transformator (HS) naar Cabinecontroller. Voor de voeding van de Cabinecontroller via laagspanning, krijgt Aftakking nu ook voeding van EnergiemeterDNB. Vanuit de aftakking gaat de voeding dan naar de Cabinecontroller en naar de Hoofdschakelaar. Deze nieuwe relaties zijn een betere weerspiegeling van de praktijk. De Cabinecontroller blijft nu ook in het model altijd onder spanning zodat hij nog steeds een melding kan doen wanneer de Hoofdschakelaar zou uitvallen. Deze wijzigingen zijn opgenomen in het implementatiemodel Verlichtingsinstallatie.
2.1.0;13/10/2021;CT000203;PRB0040962;Elektrische-componenten;https://wegenenverkeer.data.vlaanderen.be/doc/implementatiemodel/elektrische-componenten;Aftakking;https://wegenenverkeer.data.vlaanderen.be/ns/onderdeel#Aftakking;"Hoofdschakelaar;Transformator";Voor wegverlichting zijn er bijkomende voedingsrelaties toegevoegd. Er ligt nu een rechtstreekse relatie van Transformator (HS) naar Cabinecontroller. Voor de voeding van de Cabinecontroller via laagspanning, krijgt Aftakking nu ook voeding van EnergiemeterDNB. Vanuit de aftakking gaat de voeding dan naar de Cabinecontroller en naar de Hoofdschakelaar. Deze nieuwe relaties zijn een betere weerspiegeling van de praktijk. De Cabinecontroller blijft nu ook in het model altijd onder spanning zodat hij nog steeds een melding kan doen wanneer de Hoofdschakelaar zou uitvallen. Deze wijzigingen zijn opgenomen in het implementatiemodel Verlichtingsinstallatie.
2.1.0;13/10/2021;CT000205;PRB0040676;Elektrische-componenten;https://wegenenverkeer.data.vlaanderen.be/doc/implementatiemodel/elektrische-componenten;Laagspanningsbord;https://wegenenverkeer.data.vlaanderen.be/ns/onderdeel#Laagspanningsbord;Wegkantkast;Het Laagspanningsbord kon tot nog toe enkel bevestigd worden aan een Wegkantkast. Dit is te beperkend. Daarom heeft het Laagspanningsbord nu een Bevestiging-relatie gekregen met de Abstracte Behuizing waaronder alle types Kasten vallen maar bv. ook Cabine. Hiervoor is de Bevestiging-relatie met Wegkantkast wel buiten gebruik gesteld om een dubbele relatie te vermijden. In het SQLite-artefact is de Bevestiging-relatie tussen de twee klassen wel twee keer terug te vinden: de ene rechtstreeks, hiermee buiten gebruik gesteld, en de nieuwe relatie die via overerving tot stand komt. 
2.1.0;13/10/2021;CT000207;PRB0040759;Elektrische-componenten;https://wegenenverkeer.data.vlaanderen.be/doc/implementatiemodel/elektrische-componenten;Contactor;https://wegenenverkeer.data.vlaanderen.be/ns/onderdeel#Contactor;"Behuizing;Laagspanningsbord;Behuizing";Het Onderdeel Contactor was nergens aan bevestigd. Het heeft nu een Bevestiging-relatie met Laagspanningsbord en met Behuizing.
2.1.0;13/10/2021;CT000217;PRB0040960;Elektrische-componenten;https://wegenenverkeer.data.vlaanderen.be/doc/implementatiemodel/elektrische-componenten;Behuizing;https://wegenenverkeer.data.vlaanderen.be/ns/abstracten#Behuizing;;Voor Behuizingen die elektrische installaties bevatten kan het volgens het AREI vereist zijn om een risicoanalyse en een tabel uitwendige invloeden toe te voegen. Hiervoor zijn twee nieuwe attributen toegevoegd. Voor onderdelen van de distributienetbeheerder in elektrische installaties was het al mogelijk om een risiscoanalyse toe te voegen op het onderdeel zelf. De uitbreiding van Behuizing laat toe om de bestanden ook toe te voegen waar zich geen onderdelen van de distributienetbeheerder bevinden.
2.1.0;13/10/2021;CT000175;PRB0040959;Inbreuken-zwaar-vervoer;https://wegenenverkeer.data.vlaanderen.be/doc/implementatiemodel/inbreuken-zwaar-vervoer;Camera;https://wegenenverkeer.data.vlaanderen.be/ns/onderdeel#Camera;;De hoogte waarop de camera is opgesteld t.o.v. het maaiveld toegevoegd als expliciet attribuut (opstelhoogte) van Camera.
2.1.0;13/10/2021;CT000186;PRB0040940;Inbreuken-zwaar-vervoer;https://wegenenverkeer.data.vlaanderen.be/doc/implementatiemodel/inbreuken-zwaar-vervoer;Verkeersbordopstelling;https://wegenenverkeer.data.vlaanderen.be/ns/installatie#Verkeersbordopstelling;Draagconstructie;"De hoortbij relatie tussen de abstracte ""Draagconstructie"" en de installatie ""Verkeersbordopstelling"" werd op ""visible"" gezet. De definitie van de installatie ""Verkeersbordopstelling"" werd gewijzigd naar: ""Het geheel van verticale verkeerssignalisatie die bevestigd is aan ??n of meerdere draagconstructies op ??nzelfde geolocatie."""
2.1.0;13/10/2021;CT000187;PRB0040941;Inbreuken-zwaar-vervoer;https://wegenenverkeer.data.vlaanderen.be/doc/implementatiemodel/inbreuken-zwaar-vervoer;Verkeersbordopstelling;https://wegenenverkeer.data.vlaanderen.be/ns/installatie#Verkeersbordopstelling;;"Het attribuut ""isBotsvriendelijk"" werd toegevoegd aan de installatie ""Verkeersbordopstelling""."
2.1.0;13/10/2021;CT000196;PRB0040983;Inbreuken-zwaar-vervoer;https://wegenenverkeer.data.vlaanderen.be/doc/implementatiemodel/inbreuken-zwaar-vervoer;Camera;https://wegenenverkeer.data.vlaanderen.be/ns/onderdeel#Camera;"VerlichtingstoestelTL;VerlichtingstoestelNaHP;VerlichtingstoestelHgLP;VerlichtingstoestelNaLP;IndoorKast;AIMNaamObject;VerkeerslichtRood;VerkeerslichtGroen;VerkeerslichtOranjegeel;VerkeerslichtWit;VerlichtingstoestelMHHP;Hulppostkast;Wegkantkast;Montagekast;Buitenkast;AIMObject;SluitAanOp;NaampadObject;DirectioneleRelatie";Het IMKL model is aangemaakt. Het diagram bevat de elementen die relevant zijn voor de mapping van AKELA data op OTL onderdelen.
2.1.0;13/10/2021;CT000196;PRB0040983;Inbreuken-zwaar-vervoer;https://wegenenverkeer.data.vlaanderen.be/doc/implementatiemodel/inbreuken-zwaar-vervoer;Kabelmof;https://wegenenverkeer.data.vlaanderen.be/ns/onderdeel#Kabelmof;"VerlichtingstoestelTL;VerlichtingstoestelNaHP;VerlichtingstoestelHgLP;VerlichtingstoestelNaLP;IndoorKast;AIMNaamObject;VerkeerslichtRood;VerkeerslichtGroen;VerkeerslichtOranjegeel;VerkeerslichtWit;VerlichtingstoestelMHHP;Hulppostkast;Wegkantkast;Montagekast;Buitenkast;AIMObject;SluitAanOp;NaampadObject;DirectioneleRelatie";Het IMKL model is aangemaakt. Het diagram bevat de elementen die relevant zijn voor de mapping van AKELA data op OTL onderdelen.
2.1.0;13/10/2021;CT000196;PRB0040983;Inbreuken-zwaar-vervoer;https://wegenenverkeer.data.vlaanderen.be/doc/implementatiemodel/inbreuken-zwaar-vervoer;TechnischePut;https://wegenenverkeer.data.vlaanderen.be/ns/onderdeel#TechnischePut;"VerlichtingstoestelTL;VerlichtingstoestelNaHP;VerlichtingstoestelHgLP;VerlichtingstoestelNaLP;IndoorKast;AIMNaamObject;VerkeerslichtRood;VerkeerslichtGroen;VerkeerslichtOranjegeel;VerkeerslichtWit;VerlichtingstoestelMHHP;Hulppostkast;Wegkantkast;Montagekast;Buitenkast;AIMObject;SluitAanOp;NaampadObject;DirectioneleRelatie";Het IMKL model is aangemaakt. Het diagram bevat de elementen die relevant zijn voor de mapping van AKELA data op OTL onderdelen.
2.1.0;13/10/2021;CT000196;PRB0040983;Inbreuken-zwaar-vervoer;https://wegenenverkeer.data.vlaanderen.be/doc/implementatiemodel/inbreuken-zwaar-vervoer;Kast;https://wegenenverkeer.data.vlaanderen.be/ns/abstracten#Kast;"VerlichtingstoestelTL;VerlichtingstoestelNaHP;VerlichtingstoestelHgLP;VerlichtingstoestelNaLP;IndoorKast;AIMNaamObject;VerkeerslichtRood;VerkeerslichtGroen;VerkeerslichtOranjegeel;VerkeerslichtWit;VerlichtingstoestelMHHP;Hulppostkast;Wegkantkast;Montagekast;Buitenkast;AIMObject;SluitAanOp;NaampadObject;DirectioneleRelatie";Het IMKL model is aangemaakt. Het diagram bevat de elementen die relevant zijn voor de mapping van AKELA data op OTL onderdelen.
2.1.0;13/10/2021;CT000201;PRB0040961;Inbreuken-zwaar-vervoer;https://wegenenverkeer.data.vlaanderen.be/doc/implementatiemodel/inbreuken-zwaar-vervoer;Netwerkelement;https://wegenenverkeer.data.vlaanderen.be/ns/onderdeel#Netwerkelement;;"Label-nl van het attribuut modelnaam aangepast van ""type"" naar ""modelnaam"" om te laten overeenkomen met de naam van het attribuut. "
2.1.0;13/10/2021;CT000205;PRB0040676;Inbreuken-zwaar-vervoer;https://wegenenverkeer.data.vlaanderen.be/doc/implementatiemodel/inbreuken-zwaar-vervoer;Laagspanningsbord;https://wegenenverkeer.data.vlaanderen.be/ns/onderdeel#Laagspanningsbord;Wegkantkast;Het Laagspanningsbord kon tot nog toe enkel bevestigd worden aan een Wegkantkast. Dit is te beperkend. Daarom heeft het Laagspanningsbord nu een Bevestiging-relatie gekregen met de Abstracte Behuizing waaronder alle types Kasten vallen maar bv. ook Cabine. Hiervoor is de Bevestiging-relatie met Wegkantkast wel buiten gebruik gesteld om een dubbele relatie te vermijden. In het SQLite-artefact is de Bevestiging-relatie tussen de twee klassen wel twee keer terug te vinden: de ene rechtstreeks, hiermee buiten gebruik gesteld, en de nieuwe relatie die via overerving tot stand komt. 
2.1.0;13/10/2021;CT000211;PRB0040997;Inbreuken-zwaar-vervoer;https://wegenenverkeer.data.vlaanderen.be/doc/implementatiemodel/inbreuken-zwaar-vervoer;Netwerkelement;https://wegenenverkeer.data.vlaanderen.be/ns/onderdeel#Netwerkelement;NaampadObject;Uitbreiding van de OTL voor assets en structuren voor het IP-netwerk. De bestaande assettypes voor het in kaart brengen van netwerken was enkel gericht op het optisch transportnetwerk. Deze uitbreiding maakt het mogelijk om ook gegevens voor het IP netwerk uit te wisselen. Hiervoor werd Netwerkelement uitgebreid met een bijkomend attribuut 'gebruik' en Link met 'mediumtype', telkens met eigen keuzelijsten. Er werden ook drie nieuwe Installatietypes toegevoegd: LSAccessStructuur, VLAN en IPBackbone om de netwerkstructuren als aaneenschakeling van Netwerkpoorten en Netwerkelementen.
2.1.0;13/10/2021;CT000211;PRB0040997;Inbreuken-zwaar-vervoer;https://wegenenverkeer.data.vlaanderen.be/doc/implementatiemodel/inbreuken-zwaar-vervoer;Netwerkpoort;https://wegenenverkeer.data.vlaanderen.be/ns/onderdeel#Netwerkpoort;NaampadObject;Uitbreiding van de OTL voor assets en structuren voor het IP-netwerk. De bestaande assettypes voor het in kaart brengen van netwerken was enkel gericht op het optisch transportnetwerk. Deze uitbreiding maakt het mogelijk om ook gegevens voor het IP netwerk uit te wisselen. Hiervoor werd Netwerkelement uitgebreid met een bijkomend attribuut 'gebruik' en Link met 'mediumtype', telkens met eigen keuzelijsten. Er werden ook drie nieuwe Installatietypes toegevoegd: LSAccessStructuur, VLAN en IPBackbone om de netwerkstructuren als aaneenschakeling van Netwerkpoorten en Netwerkelementen.
2.1.0;13/10/2021;CT000217;PRB0040960;Inbreuken-zwaar-vervoer;https://wegenenverkeer.data.vlaanderen.be/doc/implementatiemodel/inbreuken-zwaar-vervoer;Behuizing;https://wegenenverkeer.data.vlaanderen.be/ns/abstracten#Behuizing;;Voor Behuizingen die elektrische installaties bevatten kan het volgens het AREI vereist zijn om een risicoanalyse en een tabel uitwendige invloeden toe te voegen. Hiervoor zijn twee nieuwe attributen toegevoegd. Voor onderdelen van de distributienetbeheerder in elektrische installaties was het al mogelijk om een risiscoanalyse toe te voegen op het onderdeel zelf. De uitbreiding van Behuizing laat toe om de bestanden ook toe te voegen waar zich geen onderdelen van de distributienetbeheerder bevinden.
2.1.0;13/10/2021;CT000196;PRB0040983;IP-Netwerk;https://wegenenverkeer.data.vlaanderen.be/doc/implementatiemodel/ip-netwerk;Kast;https://wegenenverkeer.data.vlaanderen.be/ns/abstracten#Kast;"VerlichtingstoestelTL;VerlichtingstoestelNaHP;VerlichtingstoestelHgLP;VerlichtingstoestelNaLP;IndoorKast;AIMNaamObject;VerkeerslichtRood;VerkeerslichtGroen;VerkeerslichtOranjegeel;VerkeerslichtWit;VerlichtingstoestelMHHP;Hulppostkast;Wegkantkast;Montagekast;Buitenkast;AIMObject;SluitAanOp;NaampadObject;DirectioneleRelatie";Het IMKL model is aangemaakt. Het diagram bevat de elementen die relevant zijn voor de mapping van AKELA data op OTL onderdelen.
2.1.0;13/10/2021;CT000201;PRB0040961;IP-Netwerk;https://wegenenverkeer.data.vlaanderen.be/doc/implementatiemodel/ip-netwerk;Netwerkelement;https://wegenenverkeer.data.vlaanderen.be/ns/onderdeel#Netwerkelement;;"Label-nl van het attribuut modelnaam aangepast van ""type"" naar ""modelnaam"" om te laten overeenkomen met de naam van het attribuut. "
2.1.0;13/10/2021;CT000211;PRB0040997;IP-Netwerk;https://wegenenverkeer.data.vlaanderen.be/doc/implementatiemodel/ip-netwerk;Netwerkelement;https://wegenenverkeer.data.vlaanderen.be/ns/onderdeel#Netwerkelement;NaampadObject;Uitbreiding van de OTL voor assets en structuren voor het IP-netwerk. De bestaande assettypes voor het in kaart brengen van netwerken was enkel gericht op het optisch transportnetwerk. Deze uitbreiding maakt het mogelijk om ook gegevens voor het IP netwerk uit te wisselen. Hiervoor werd Netwerkelement uitgebreid met een bijkomend attribuut 'gebruik' en Link met 'mediumtype', telkens met eigen keuzelijsten. Er werden ook drie nieuwe Installatietypes toegevoegd: LSAccessStructuur, VLAN en IPBackbone om de netwerkstructuren als aaneenschakeling van Netwerkpoorten en Netwerkelementen.
2.1.0;13/10/2021;CT000211;PRB0040997;IP-Netwerk;https://wegenenverkeer.data.vlaanderen.be/doc/implementatiemodel/ip-netwerk;Netwerkpoort;https://wegenenverkeer.data.vlaanderen.be/ns/onderdeel#Netwerkpoort;NaampadObject;Uitbreiding van de OTL voor assets en structuren voor het IP-netwerk. De bestaande assettypes voor het in kaart brengen van netwerken was enkel gericht op het optisch transportnetwerk. Deze uitbreiding maakt het mogelijk om ook gegevens voor het IP netwerk uit te wisselen. Hiervoor werd Netwerkelement uitgebreid met een bijkomend attribuut 'gebruik' en Link met 'mediumtype', telkens met eigen keuzelijsten. Er werden ook drie nieuwe Installatietypes toegevoegd: LSAccessStructuur, VLAN en IPBackbone om de netwerkstructuren als aaneenschakeling van Netwerkpoorten en Netwerkelementen.
2.1.0;13/10/2021;CT000211;PRB0040997;IP-Netwerk;https://wegenenverkeer.data.vlaanderen.be/doc/implementatiemodel/ip-netwerk;Link;https://wegenenverkeer.data.vlaanderen.be/ns/installatie#Link;NaampadObject;Uitbreiding van de OTL voor assets en structuren voor het IP-netwerk. De bestaande assettypes voor het in kaart brengen van netwerken was enkel gericht op het optisch transportnetwerk. Deze uitbreiding maakt het mogelijk om ook gegevens voor het IP netwerk uit te wisselen. Hiervoor werd Netwerkelement uitgebreid met een bijkomend attribuut 'gebruik' en Link met 'mediumtype', telkens met eigen keuzelijsten. Er werden ook drie nieuwe Installatietypes toegevoegd: LSAccessStructuur, VLAN en IPBackbone om de netwerkstructuren als aaneenschakeling van Netwerkpoorten en Netwerkelementen.
2.1.0;13/10/2021;CT000211;PRB0040997;IP-Netwerk;https://wegenenverkeer.data.vlaanderen.be/doc/implementatiemodel/ip-netwerk;L2AccessStructuur;https://wegenenverkeer.data.vlaanderen.be/ns/installatie#L2AccessStructuur;NaampadObject;Uitbreiding van de OTL voor assets en structuren voor het IP-netwerk. De bestaande assettypes voor het in kaart brengen van netwerken was enkel gericht op het optisch transportnetwerk. Deze uitbreiding maakt het mogelijk om ook gegevens voor het IP netwerk uit te wisselen. Hiervoor werd Netwerkelement uitgebreid met een bijkomend attribuut 'gebruik' en Link met 'mediumtype', telkens met eigen keuzelijsten. Er werden ook drie nieuwe Installatietypes toegevoegd: LSAccessStructuur, VLAN en IPBackbone om de netwerkstructuren als aaneenschakeling van Netwerkpoorten en Netwerkelementen.
2.1.0;13/10/2021;CT000211;PRB0040997;IP-Netwerk;https://wegenenverkeer.data.vlaanderen.be/doc/implementatiemodel/ip-netwerk;VLAN;https://wegenenverkeer.data.vlaanderen.be/ns/installatie#VLAN;NaampadObject;Uitbreiding van de OTL voor assets en structuren voor het IP-netwerk. De bestaande assettypes voor het in kaart brengen van netwerken was enkel gericht op het optisch transportnetwerk. Deze uitbreiding maakt het mogelijk om ook gegevens voor het IP netwerk uit te wisselen. Hiervoor werd Netwerkelement uitgebreid met een bijkomend attribuut 'gebruik' en Link met 'mediumtype', telkens met eigen keuzelijsten. Er werden ook drie nieuwe Installatietypes toegevoegd: LSAccessStructuur, VLAN en IPBackbone om de netwerkstructuren als aaneenschakeling van Netwerkpoorten en Netwerkelementen.
2.1.0;13/10/2021;CT000211;PRB0040997;IP-Netwerk;https://wegenenverkeer.data.vlaanderen.be/doc/implementatiemodel/ip-netwerk;IPBackbone;https://wegenenverkeer.data.vlaanderen.be/ns/installatie#IPBackbone;NaampadObject;Uitbreiding van de OTL voor assets en structuren voor het IP-netwerk. De bestaande assettypes voor het in kaart brengen van netwerken was enkel gericht op het optisch transportnetwerk. Deze uitbreiding maakt het mogelijk om ook gegevens voor het IP netwerk uit te wisselen. Hiervoor werd Netwerkelement uitgebreid met een bijkomend attribuut 'gebruik' en Link met 'mediumtype', telkens met eigen keuzelijsten. Er werden ook drie nieuwe Installatietypes toegevoegd: LSAccessStructuur, VLAN en IPBackbone om de netwerkstructuren als aaneenschakeling van Netwerkpoorten en Netwerkelementen.
2.1.0;13/10/2021;CT000217;PRB0040960;IP-Netwerk;https://wegenenverkeer.data.vlaanderen.be/doc/implementatiemodel/ip-netwerk;Behuizing;https://wegenenverkeer.data.vlaanderen.be/ns/abstracten#Behuizing;;Voor Behuizingen die elektrische installaties bevatten kan het volgens het AREI vereist zijn om een risicoanalyse en een tabel uitwendige invloeden toe te voegen. Hiervoor zijn twee nieuwe attributen toegevoegd. Voor onderdelen van de distributienetbeheerder in elektrische installaties was het al mogelijk om een risiscoanalyse toe te voegen op het onderdeel zelf. De uitbreiding van Behuizing laat toe om de bestanden ook toe te voegen waar zich geen onderdelen van de distributienetbeheerder bevinden.
2.1.0;13/10/2021;CT000183;PRB0040935;Kasten-Cabines-Behuizing;https://wegenenverkeer.data.vlaanderen.be/doc/implementatiemodel/kasten-cabines-behuizing;PutBovenbouw;https://wegenenverkeer.data.vlaanderen.be/ns/onderdeel#PutBovenbouw;"InspectieputRiolering;Schacht;Contactpunt;Kamer;Pompstation";"De naam van het onderdeel ""Bovenbouw"" werd gewijzigd naar ""PutBovenbouw""."
2.1.0;13/10/2021;CT000183;PRB0040935;Kasten-Cabines-Behuizing;https://wegenenverkeer.data.vlaanderen.be/doc/implementatiemodel/kasten-cabines-behuizing;Bovenbouw;https://wegenenverkeer.data.vlaanderen.be/ns/onderdeel#Bovenbouw;"InspectieputRiolering;Schacht;Contactpunt;Kamer;Pompstation";"De naam van het onderdeel ""Bovenbouw"" werd gewijzigd naar ""PutBovenbouw""."
2.1.0;13/10/2021;CT000196;PRB0040983;Kasten-Cabines-Behuizing;https://wegenenverkeer.data.vlaanderen.be/doc/implementatiemodel/kasten-cabines-behuizing;Kabelmof;https://wegenenverkeer.data.vlaanderen.be/ns/onderdeel#Kabelmof;"VerlichtingstoestelTL;VerlichtingstoestelNaHP;VerlichtingstoestelHgLP;VerlichtingstoestelNaLP;IndoorKast;AIMNaamObject;VerkeerslichtRood;VerkeerslichtGroen;VerkeerslichtOranjegeel;VerkeerslichtWit;VerlichtingstoestelMHHP;Hulppostkast;Wegkantkast;Montagekast;Buitenkast;AIMObject;SluitAanOp;NaampadObject;DirectioneleRelatie";Het IMKL model is aangemaakt. Het diagram bevat de elementen die relevant zijn voor de mapping van AKELA data op OTL onderdelen.
2.1.0;13/10/2021;CT000196;PRB0040983;Kasten-Cabines-Behuizing;https://wegenenverkeer.data.vlaanderen.be/doc/implementatiemodel/kasten-cabines-behuizing;TechnischePut;https://wegenenverkeer.data.vlaanderen.be/ns/onderdeel#TechnischePut;"VerlichtingstoestelTL;VerlichtingstoestelNaHP;VerlichtingstoestelHgLP;VerlichtingstoestelNaLP;IndoorKast;AIMNaamObject;VerkeerslichtRood;VerkeerslichtGroen;VerkeerslichtOranjegeel;VerkeerslichtWit;VerlichtingstoestelMHHP;Hulppostkast;Wegkantkast;Montagekast;Buitenkast;AIMObject;SluitAanOp;NaampadObject;DirectioneleRelatie";Het IMKL model is aangemaakt. Het diagram bevat de elementen die relevant zijn voor de mapping van AKELA data op OTL onderdelen.
2.1.0;13/10/2021;CT000196;PRB0040983;Kasten-Cabines-Behuizing;https://wegenenverkeer.data.vlaanderen.be/doc/implementatiemodel/kasten-cabines-behuizing;Kast;https://wegenenverkeer.data.vlaanderen.be/ns/abstracten#Kast;"VerlichtingstoestelTL;VerlichtingstoestelNaHP;VerlichtingstoestelHgLP;VerlichtingstoestelNaLP;IndoorKast;AIMNaamObject;VerkeerslichtRood;VerkeerslichtGroen;VerkeerslichtOranjegeel;VerkeerslichtWit;VerlichtingstoestelMHHP;Hulppostkast;Wegkantkast;Montagekast;Buitenkast;AIMObject;SluitAanOp;NaampadObject;DirectioneleRelatie";Het IMKL model is aangemaakt. Het diagram bevat de elementen die relevant zijn voor de mapping van AKELA data op OTL onderdelen.
2.1.0;13/10/2021;CT000217;PRB0040960;Kasten-Cabines-Behuizing;https://wegenenverkeer.data.vlaanderen.be/doc/implementatiemodel/kasten-cabines-behuizing;Behuizing;https://wegenenverkeer.data.vlaanderen.be/ns/abstracten#Behuizing;;Voor Behuizingen die elektrische installaties bevatten kan het volgens het AREI vereist zijn om een risicoanalyse en een tabel uitwendige invloeden toe te voegen. Hiervoor zijn twee nieuwe attributen toegevoegd. Voor onderdelen van de distributienetbeheerder in elektrische installaties was het al mogelijk om een risiscoanalyse toe te voegen op het onderdeel zelf. De uitbreiding van Behuizing laat toe om de bestanden ook toe te voegen waar zich geen onderdelen van de distributienetbeheerder bevinden.
2.1.0;13/10/2021;CT000185;PRB0040939;Lijnvormige-elementen;https://wegenenverkeer.data.vlaanderen.be/doc/implementatiemodel/lijnvormige-elementen;AfschermendeConstructie;https://wegenenverkeer.data.vlaanderen.be/ns/abstracten#AfschermendeConstructie;;"Het attribuut ""metTandGroef"" werd toegevoegd aan de abstracte ""AfschermendeConstructie""."
2.1.0;13/10/2021;CT000166;PRB0040664;Lijnvormige-elementen;https://wegenenverkeer.data.vlaanderen.be/doc/implementatiemodel/lijnvormige-elementen;VegetatieElement;https://wegenenverkeer.data.vlaanderen.be/ns/abstracten#VegetatieElement;Laag;"Een ligt op relatie werd toegevoegd tussen de abstracte ""VegetatieElement"" en de abstracte ""Laag""."
2.1.0;13/10/2021;CT000172;PRB0040920;Lijnvormige-elementen;https://wegenenverkeer.data.vlaanderen.be/doc/implementatiemodel/lijnvormige-elementen;Kantopsluiting;https://wegenenverkeer.data.vlaanderen.be/ns/abstracten#Kantopsluiting;;"De abstracte ""Kantopsluiting"" kreeg aan ""SluitAanOp"" relatie met zichzelf."
2.1.0;13/10/2021;CT000181;PRB0040921;Lijnvormige-elementen;https://wegenenverkeer.data.vlaanderen.be/doc/implementatiemodel/lijnvormige-elementen;TrottoirbandAfw;https://wegenenverkeer.data.vlaanderen.be/ns/onderdeel#TrottoirbandAfw;"KantstrookStd;KantstrookAfw";"Een bevestigingsrelatie werd toegevoegd tussen ""KantstrookStd"" en ""TrottoirbandStd"". Een bevestigingsrelatie werd toegevoegd tussen ""KantstrookStd"" en ""TrottoirbandAfw"". Een bevestigingsrelatie werd toegevoegd tussen ""KantstrookAfw"" en ""TrottoirbandStd"". Een bevestigingsrelatie werd toegevoegd tussen ""KantstrookAfw"" en ""TrottoirbandAfw""."
2.1.0;13/10/2021;CT000181;PRB0040921;Lijnvormige-elementen;https://wegenenverkeer.data.vlaanderen.be/doc/implementatiemodel/lijnvormige-elementen;TrottoirbandStd;https://wegenenverkeer.data.vlaanderen.be/ns/onderdeel#TrottoirbandStd;"KantstrookStd;KantstrookAfw";"Een bevestigingsrelatie werd toegevoegd tussen ""KantstrookStd"" en ""TrottoirbandStd"". Een bevestigingsrelatie werd toegevoegd tussen ""KantstrookStd"" en ""TrottoirbandAfw"". Een bevestigingsrelatie werd toegevoegd tussen ""KantstrookAfw"" en ""TrottoirbandStd"". Een bevestigingsrelatie werd toegevoegd tussen ""KantstrookAfw"" en ""TrottoirbandAfw""."
2.1.0;13/10/2021;CT000193;PRB0040975;Lijnvormige-elementen;https://wegenenverkeer.data.vlaanderen.be/doc/implementatiemodel/lijnvormige-elementen;Vluchtopening;https://wegenenverkeer.data.vlaanderen.be/ns/onderdeel#Vluchtopening;GeluidwerendeConstructie;"De naam van het onderdeel ""Doorgang"" werd gewijzigd naar ""Vluchtopening"". Het attribuut ""type"" werd uit gebruik genomen."
2.1.0;13/10/2021;CT000193;PRB0040975;Lijnvormige-elementen;https://wegenenverkeer.data.vlaanderen.be/doc/implementatiemodel/lijnvormige-elementen;Doorgang;https://wegenenverkeer.data.vlaanderen.be/ns/onderdeel#Doorgang;GeluidwerendeConstructie;"De naam van het onderdeel ""Doorgang"" werd gewijzigd naar ""Vluchtopening"". Het attribuut ""type"" werd uit gebruik genomen."
2.1.0;13/10/2021;CT000196;PRB0040983;Luidspreker-intercom;https://wegenenverkeer.data.vlaanderen.be/doc/implementatiemodel/luidspreker-intercom;Kast;https://wegenenverkeer.data.vlaanderen.be/ns/abstracten#Kast;"VerlichtingstoestelTL;VerlichtingstoestelNaHP;VerlichtingstoestelHgLP;VerlichtingstoestelNaLP;IndoorKast;AIMNaamObject;VerkeerslichtRood;VerkeerslichtGroen;VerkeerslichtOranjegeel;VerkeerslichtWit;VerlichtingstoestelMHHP;Hulppostkast;Wegkantkast;Montagekast;Buitenkast;AIMObject;SluitAanOp;NaampadObject;DirectioneleRelatie";Het IMKL model is aangemaakt. Het diagram bevat de elementen die relevant zijn voor de mapping van AKELA data op OTL onderdelen.
2.1.0;13/10/2021;CT000208;PRB0040476;Luidspreker-intercom;https://wegenenverkeer.data.vlaanderen.be/doc/implementatiemodel/luidspreker-intercom;IntercomServer;https://wegenenverkeer.data.vlaanderen.be/ns/onderdeel#IntercomServer;;De definitie van het Onderdeel IntercomServer aangepast om het ook inzetbaar te maken in andere soorten complexen dan enkel tunnels. 
2.1.0;13/10/2021;CT000196;PRB0040983;Meten-in-Vlaanderen;https://wegenenverkeer.data.vlaanderen.be/doc/implementatiemodel/meten-in-vlaanderen;Kabelmof;https://wegenenverkeer.data.vlaanderen.be/ns/onderdeel#Kabelmof;"VerlichtingstoestelTL;VerlichtingstoestelNaHP;VerlichtingstoestelHgLP;VerlichtingstoestelNaLP;IndoorKast;AIMNaamObject;VerkeerslichtRood;VerkeerslichtGroen;VerkeerslichtOranjegeel;VerkeerslichtWit;VerlichtingstoestelMHHP;Hulppostkast;Wegkantkast;Montagekast;Buitenkast;AIMObject;SluitAanOp;NaampadObject;DirectioneleRelatie";Het IMKL model is aangemaakt. Het diagram bevat de elementen die relevant zijn voor de mapping van AKELA data op OTL onderdelen.
2.1.0;13/10/2021;CT000196;PRB0040983;Meten-in-Vlaanderen;https://wegenenverkeer.data.vlaanderen.be/doc/implementatiemodel/meten-in-vlaanderen;TechnischePut;https://wegenenverkeer.data.vlaanderen.be/ns/onderdeel#TechnischePut;"VerlichtingstoestelTL;VerlichtingstoestelNaHP;VerlichtingstoestelHgLP;VerlichtingstoestelNaLP;IndoorKast;AIMNaamObject;VerkeerslichtRood;VerkeerslichtGroen;VerkeerslichtOranjegeel;VerkeerslichtWit;VerlichtingstoestelMHHP;Hulppostkast;Wegkantkast;Montagekast;Buitenkast;AIMObject;SluitAanOp;NaampadObject;DirectioneleRelatie";Het IMKL model is aangemaakt. Het diagram bevat de elementen die relevant zijn voor de mapping van AKELA data op OTL onderdelen.
2.1.0;13/10/2021;CT000196;PRB0040983;Meten-in-Vlaanderen;https://wegenenverkeer.data.vlaanderen.be/doc/implementatiemodel/meten-in-vlaanderen;Kast;https://wegenenverkeer.data.vlaanderen.be/ns/abstracten#Kast;"VerlichtingstoestelTL;VerlichtingstoestelNaHP;VerlichtingstoestelHgLP;VerlichtingstoestelNaLP;IndoorKast;AIMNaamObject;VerkeerslichtRood;VerkeerslichtGroen;VerkeerslichtOranjegeel;VerkeerslichtWit;VerlichtingstoestelMHHP;Hulppostkast;Wegkantkast;Montagekast;Buitenkast;AIMObject;SluitAanOp;NaampadObject;DirectioneleRelatie";Het IMKL model is aangemaakt. Het diagram bevat de elementen die relevant zijn voor de mapping van AKELA data op OTL onderdelen.
2.1.0;13/10/2021;CT000201;PRB0040961;Meten-in-Vlaanderen;https://wegenenverkeer.data.vlaanderen.be/doc/implementatiemodel/meten-in-vlaanderen;Netwerkelement;https://wegenenverkeer.data.vlaanderen.be/ns/onderdeel#Netwerkelement;;"Label-nl van het attribuut modelnaam aangepast van ""type"" naar ""modelnaam"" om te laten overeenkomen met de naam van het attribuut. "
2.1.0;13/10/2021;CT000205;PRB0040676;Meten-in-Vlaanderen;https://wegenenverkeer.data.vlaanderen.be/doc/implementatiemodel/meten-in-vlaanderen;Laagspanningsbord;https://wegenenverkeer.data.vlaanderen.be/ns/onderdeel#Laagspanningsbord;Wegkantkast;Het Laagspanningsbord kon tot nog toe enkel bevestigd worden aan een Wegkantkast. Dit is te beperkend. Daarom heeft het Laagspanningsbord nu een Bevestiging-relatie gekregen met de Abstracte Behuizing waaronder alle types Kasten vallen maar bv. ook Cabine. Hiervoor is de Bevestiging-relatie met Wegkantkast wel buiten gebruik gesteld om een dubbele relatie te vermijden. In het SQLite-artefact is de Bevestiging-relatie tussen de twee klassen wel twee keer terug te vinden: de ene rechtstreeks, hiermee buiten gebruik gesteld, en de nieuwe relatie die via overerving tot stand komt. 
2.1.0;13/10/2021;CT000211;PRB0040997;Meten-in-Vlaanderen;https://wegenenverkeer.data.vlaanderen.be/doc/implementatiemodel/meten-in-vlaanderen;Netwerkelement;https://wegenenverkeer.data.vlaanderen.be/ns/onderdeel#Netwerkelement;NaampadObject;Uitbreiding van de OTL voor assets en structuren voor het IP-netwerk. De bestaande assettypes voor het in kaart brengen van netwerken was enkel gericht op het optisch transportnetwerk. Deze uitbreiding maakt het mogelijk om ook gegevens voor het IP netwerk uit te wisselen. Hiervoor werd Netwerkelement uitgebreid met een bijkomend attribuut 'gebruik' en Link met 'mediumtype', telkens met eigen keuzelijsten. Er werden ook drie nieuwe Installatietypes toegevoegd: LSAccessStructuur, VLAN en IPBackbone om de netwerkstructuren als aaneenschakeling van Netwerkpoorten en Netwerkelementen.
2.1.0;13/10/2021;CT000211;PRB0040997;Meten-in-Vlaanderen;https://wegenenverkeer.data.vlaanderen.be/doc/implementatiemodel/meten-in-vlaanderen;Netwerkpoort;https://wegenenverkeer.data.vlaanderen.be/ns/onderdeel#Netwerkpoort;NaampadObject;Uitbreiding van de OTL voor assets en structuren voor het IP-netwerk. De bestaande assettypes voor het in kaart brengen van netwerken was enkel gericht op het optisch transportnetwerk. Deze uitbreiding maakt het mogelijk om ook gegevens voor het IP netwerk uit te wisselen. Hiervoor werd Netwerkelement uitgebreid met een bijkomend attribuut 'gebruik' en Link met 'mediumtype', telkens met eigen keuzelijsten. Er werden ook drie nieuwe Installatietypes toegevoegd: LSAccessStructuur, VLAN en IPBackbone om de netwerkstructuren als aaneenschakeling van Netwerkpoorten en Netwerkelementen.
2.1.0;13/10/2021;CT000217;PRB0040960;Meten-in-Vlaanderen;https://wegenenverkeer.data.vlaanderen.be/doc/implementatiemodel/meten-in-vlaanderen;Behuizing;https://wegenenverkeer.data.vlaanderen.be/ns/abstracten#Behuizing;;Voor Behuizingen die elektrische installaties bevatten kan het volgens het AREI vereist zijn om een risicoanalyse en een tabel uitwendige invloeden toe te voegen. Hiervoor zijn twee nieuwe attributen toegevoegd. Voor onderdelen van de distributienetbeheerder in elektrische installaties was het al mogelijk om een risiscoanalyse toe te voegen op het onderdeel zelf. De uitbreiding van Behuizing laat toe om de bestanden ook toe te voegen waar zich geen onderdelen van de distributienetbeheerder bevinden.
2.1.0;13/10/2021;CT000196;PRB0040983;Optisch-Transport-Netwerk;https://wegenenverkeer.data.vlaanderen.be/doc/implementatiemodel/optisch-transport-netwerk;Kast;https://wegenenverkeer.data.vlaanderen.be/ns/abstracten#Kast;"VerlichtingstoestelTL;VerlichtingstoestelNaHP;VerlichtingstoestelHgLP;VerlichtingstoestelNaLP;IndoorKast;AIMNaamObject;VerkeerslichtRood;VerkeerslichtGroen;VerkeerslichtOranjegeel;VerkeerslichtWit;VerlichtingstoestelMHHP;Hulppostkast;Wegkantkast;Montagekast;Buitenkast;AIMObject;SluitAanOp;NaampadObject;DirectioneleRelatie";Het IMKL model is aangemaakt. Het diagram bevat de elementen die relevant zijn voor de mapping van AKELA data op OTL onderdelen.
2.1.0;13/10/2021;CT000201;PRB0040961;Optisch-Transport-Netwerk;https://wegenenverkeer.data.vlaanderen.be/doc/implementatiemodel/optisch-transport-netwerk;Netwerkelement;https://wegenenverkeer.data.vlaanderen.be/ns/onderdeel#Netwerkelement;;"Label-nl van het attribuut modelnaam aangepast van ""type"" naar ""modelnaam"" om te laten overeenkomen met de naam van het attribuut. "
2.1.0;13/10/2021;CT000211;PRB0040997;Optisch-Transport-Netwerk;https://wegenenverkeer.data.vlaanderen.be/doc/implementatiemodel/optisch-transport-netwerk;Netwerkelement;https://wegenenverkeer.data.vlaanderen.be/ns/onderdeel#Netwerkelement;NaampadObject;Uitbreiding van de OTL voor assets en structuren voor het IP-netwerk. De bestaande assettypes voor het in kaart brengen van netwerken was enkel gericht op het optisch transportnetwerk. Deze uitbreiding maakt het mogelijk om ook gegevens voor het IP netwerk uit te wisselen. Hiervoor werd Netwerkelement uitgebreid met een bijkomend attribuut 'gebruik' en Link met 'mediumtype', telkens met eigen keuzelijsten. Er werden ook drie nieuwe Installatietypes toegevoegd: LSAccessStructuur, VLAN en IPBackbone om de netwerkstructuren als aaneenschakeling van Netwerkpoorten en Netwerkelementen.
2.1.0;13/10/2021;CT000211;PRB0040997;Optisch-Transport-Netwerk;https://wegenenverkeer.data.vlaanderen.be/doc/implementatiemodel/optisch-transport-netwerk;Netwerkpoort;https://wegenenverkeer.data.vlaanderen.be/ns/onderdeel#Netwerkpoort;NaampadObject;Uitbreiding van de OTL voor assets en structuren voor het IP-netwerk. De bestaande assettypes voor het in kaart brengen van netwerken was enkel gericht op het optisch transportnetwerk. Deze uitbreiding maakt het mogelijk om ook gegevens voor het IP netwerk uit te wisselen. Hiervoor werd Netwerkelement uitgebreid met een bijkomend attribuut 'gebruik' en Link met 'mediumtype', telkens met eigen keuzelijsten. Er werden ook drie nieuwe Installatietypes toegevoegd: LSAccessStructuur, VLAN en IPBackbone om de netwerkstructuren als aaneenschakeling van Netwerkpoorten en Netwerkelementen.
2.1.0;13/10/2021;CT000211;PRB0040997;Optisch-Transport-Netwerk;https://wegenenverkeer.data.vlaanderen.be/doc/implementatiemodel/optisch-transport-netwerk;Link;https://wegenenverkeer.data.vlaanderen.be/ns/installatie#Link;NaampadObject;Uitbreiding van de OTL voor assets en structuren voor het IP-netwerk. De bestaande assettypes voor het in kaart brengen van netwerken was enkel gericht op het optisch transportnetwerk. Deze uitbreiding maakt het mogelijk om ook gegevens voor het IP netwerk uit te wisselen. Hiervoor werd Netwerkelement uitgebreid met een bijkomend attribuut 'gebruik' en Link met 'mediumtype', telkens met eigen keuzelijsten. Er werden ook drie nieuwe Installatietypes toegevoegd: LSAccessStructuur, VLAN en IPBackbone om de netwerkstructuren als aaneenschakeling van Netwerkpoorten en Netwerkelementen.
2.1.0;13/10/2021;CT000217;PRB0040960;Optisch-Transport-Netwerk;https://wegenenverkeer.data.vlaanderen.be/doc/implementatiemodel/optisch-transport-netwerk;Behuizing;https://wegenenverkeer.data.vlaanderen.be/ns/abstracten#Behuizing;;Voor Behuizingen die elektrische installaties bevatten kan het volgens het AREI vereist zijn om een risicoanalyse en een tabel uitwendige invloeden toe te voegen. Hiervoor zijn twee nieuwe attributen toegevoegd. Voor onderdelen van de distributienetbeheerder in elektrische installaties was het al mogelijk om een risiscoanalyse toe te voegen op het onderdeel zelf. De uitbreiding van Behuizing laat toe om de bestanden ook toe te voegen waar zich geen onderdelen van de distributienetbeheerder bevinden.
2.1.0;13/10/2021;CT000185;PRB0040939;Proeven-metingen;https://wegenenverkeer.data.vlaanderen.be/doc/implementatiemodel/proeven-metingen;AfschermendeConstructie;https://wegenenverkeer.data.vlaanderen.be/ns/abstracten#AfschermendeConstructie;;"Het attribuut ""metTandGroef"" werd toegevoegd aan de abstracte ""AfschermendeConstructie""."
2.1.0;13/10/2021;CT000172;PRB0040920;Proeven-metingen;https://wegenenverkeer.data.vlaanderen.be/doc/implementatiemodel/proeven-metingen;Kantopsluiting;https://wegenenverkeer.data.vlaanderen.be/ns/abstracten#Kantopsluiting;;"De abstracte ""Kantopsluiting"" kreeg aan ""SluitAanOp"" relatie met zichzelf."
2.1.0;13/10/2021;CT000194;PRB0040981;Proeven-metingen;https://wegenenverkeer.data.vlaanderen.be/doc/implementatiemodel/proeven-metingen;Buis;https://wegenenverkeer.data.vlaanderen.be/ns/abstracten#Buis;;"De abstracte ""Buis"" heeft een ""Sluit aan op"" relatie met zichzelf gekregen."
2.1.0;13/10/2021;CT000196;PRB0040983;Proeven-metingen;https://wegenenverkeer.data.vlaanderen.be/doc/implementatiemodel/proeven-metingen;Buis;https://wegenenverkeer.data.vlaanderen.be/ns/abstracten#Buis;"VerlichtingstoestelTL;VerlichtingstoestelNaHP;VerlichtingstoestelHgLP;VerlichtingstoestelNaLP;IndoorKast;AIMNaamObject;VerkeerslichtRood;VerkeerslichtGroen;VerkeerslichtOranjegeel;VerkeerslichtWit;VerlichtingstoestelMHHP;Hulppostkast;Wegkantkast;Montagekast;Buitenkast;AIMObject;SluitAanOp;NaampadObject;DirectioneleRelatie";Het IMKL model is aangemaakt. Het diagram bevat de elementen die relevant zijn voor de mapping van AKELA data op OTL onderdelen.
2.1.0;13/10/2021;CT000197;PRB0040986;Proeven-metingen;https://wegenenverkeer.data.vlaanderen.be/doc/implementatiemodel/proeven-metingen;Buis;https://wegenenverkeer.data.vlaanderen.be/ns/abstracten#Buis;"Zuigleiding;Rioleringsbuis;Draineerbuis;Brandleiding";"""breedteBinnenzijde"" en ""breedteBuitenzijde"" toegevoegd. ""breedte"" verijwijderd."
2.1.0;13/10/2021;CT000212;PRB0040991;Proeven-metingen;https://wegenenverkeer.data.vlaanderen.be/doc/implementatiemodel/proeven-metingen;ProefGemetenDikte;https://wegenenverkeer.data.vlaanderen.be/ns/proefenmeting#ProefGemetenDikte;BitumineuzeLaag;De relatie IsInspectieVan werd toegevoegd van ProefGemetenDikte naar BitumineuzeLaag.
2.1.0;13/10/2021;CT000196;PRB0040983;Relaties;https://wegenenverkeer.data.vlaanderen.be/doc/implementatiemodel/relaties;Omhult;https://wegenenverkeer.data.vlaanderen.be/ns/onderdeel#Omhult;"VerlichtingstoestelTL;VerlichtingstoestelNaHP;VerlichtingstoestelHgLP;VerlichtingstoestelNaLP;IndoorKast;AIMNaamObject;VerkeerslichtRood;VerkeerslichtGroen;VerkeerslichtOranjegeel;VerkeerslichtWit;VerlichtingstoestelMHHP;Hulppostkast;Wegkantkast;Montagekast;Buitenkast;AIMObject;SluitAanOp;NaampadObject;DirectioneleRelatie";Het IMKL model is aangemaakt. Het diagram bevat de elementen die relevant zijn voor de mapping van AKELA data op OTL onderdelen.
2.1.0;13/10/2021;CT000195;PRB0040780;Relaties;https://wegenenverkeer.data.vlaanderen.be/doc/implementatiemodel/relaties;Voedt;https://wegenenverkeer.data.vlaanderen.be/ns/onderdeel#Voedt;;De naam en de definitie van het attribuut zijn aangepast. Het gaat nu om 'spanning' ipv 'vermogen'.
2.1.0;13/10/2021;CT000183;PRB0040935;Riolering;https://wegenenverkeer.data.vlaanderen.be/doc/implementatiemodel/riolering;PutBovenbouw;https://wegenenverkeer.data.vlaanderen.be/ns/onderdeel#PutBovenbouw;"InspectieputRiolering;Schacht;Contactpunt;Kamer;Pompstation";"De naam van het onderdeel ""Bovenbouw"" werd gewijzigd naar ""PutBovenbouw""."
2.1.0;13/10/2021;CT000183;PRB0040935;Riolering;https://wegenenverkeer.data.vlaanderen.be/doc/implementatiemodel/riolering;Bovenbouw;https://wegenenverkeer.data.vlaanderen.be/ns/onderdeel#Bovenbouw;"InspectieputRiolering;Schacht;Contactpunt;Kamer;Pompstation";"De naam van het onderdeel ""Bovenbouw"" werd gewijzigd naar ""PutBovenbouw""."
2.1.0;13/10/2021;CT000168;PRB0040971;Riolering;https://wegenenverkeer.data.vlaanderen.be/doc/implementatiemodel/riolering;Taludgoot;https://wegenenverkeer.data.vlaanderen.be/ns/onderdeel#Taludgoot;AIMObject;Taludgoot is nu een subklasse van AIMObject.
2.1.0;13/10/2021;CT000173;PRB0040936;Riolering;https://wegenenverkeer.data.vlaanderen.be/doc/implementatiemodel/riolering;Riooltoegang;https://wegenenverkeer.data.vlaanderen.be/ns/onderdeel#Riooltoegang;PutRelatie;"Een generalisatie-relatie werd toegevoegd tussen het onderdeel ""Riooltoegang"" en de abstracte ""Putrelatie""."
2.1.0;13/10/2021;CT000194;PRB0040981;Riolering;https://wegenenverkeer.data.vlaanderen.be/doc/implementatiemodel/riolering;Buis;https://wegenenverkeer.data.vlaanderen.be/ns/abstracten#Buis;;"De abstracte ""Buis"" heeft een ""Sluit aan op"" relatie met zichzelf gekregen."
2.1.0;13/10/2021;CT000182;PRB0040934;Riolering;https://wegenenverkeer.data.vlaanderen.be/doc/implementatiemodel/riolering;Rioleringsstelsel;https://wegenenverkeer.data.vlaanderen.be/ns/installatie#Rioleringsstelsel;;"Het attribuut ""rioleringsstelsel"" werd hernoemd naar ""systeemtype"" op de installatie ""Rioleringsstelsel"".
De optie ""infiltratie"" werd toegevoegd aan de keuzelijst."
2.1.0;13/10/2021;CT000189;PRB0040949;Riolering;https://wegenenverkeer.data.vlaanderen.be/doc/implementatiemodel/riolering;Straatkolk;https://wegenenverkeer.data.vlaanderen.be/ns/onderdeel#Straatkolk;;"Het attribuut ""heeftAfdekplaatReukafsluiter"" werd toegevoegd aan het onderdeel ""Straatkolk""."
2.1.0;13/10/2021;CT000191;PRB0040978;Riolering;https://wegenenverkeer.data.vlaanderen.be/doc/implementatiemodel/riolering;Huisaansluitput;https://wegenenverkeer.data.vlaanderen.be/ns/onderdeel#Huisaansluitput;;"Het attribuut ""isInfiltrerend"" werd toegevoegd op de onderdelen ""Straatkolk"" en ""Huisaansluitput""."
2.1.0;13/10/2021;CT000191;PRB0040978;Riolering;https://wegenenverkeer.data.vlaanderen.be/doc/implementatiemodel/riolering;Straatkolk;https://wegenenverkeer.data.vlaanderen.be/ns/onderdeel#Straatkolk;;"Het attribuut ""isInfiltrerend"" werd toegevoegd op de onderdelen ""Straatkolk"" en ""Huisaansluitput""."
2.1.0;13/10/2021;CT000188;PRB0040947;Riolering;https://wegenenverkeer.data.vlaanderen.be/doc/implementatiemodel/riolering;Straatkolk;https://wegenenverkeer.data.vlaanderen.be/ns/onderdeel#Straatkolk;;"Het attribuut ""rooster"" werd verwijderd op het onderdeel ""Straatkolk"". Het attribuut ""bakAfmetingen"" werd toegevoegd op het onderdeel ""Straatkolk""."
2.1.0;13/10/2021;CT000188;PRB0040947;Riolering;https://wegenenverkeer.data.vlaanderen.be/doc/implementatiemodel/riolering;KlPutRooster;https://wegenenverkeer.data.vlaanderen.be/ns/onderdeel#KlPutRooster;;"Het attribuut ""rooster"" werd verwijderd op het onderdeel ""Straatkolk"". Het attribuut ""bakAfmetingen"" werd toegevoegd op het onderdeel ""Straatkolk""."
2.1.0;13/10/2021;CT000190;PRB0040958;Riolering;https://wegenenverkeer.data.vlaanderen.be/doc/implementatiemodel/riolering;Straatkolk;https://wegenenverkeer.data.vlaanderen.be/ns/onderdeel#Straatkolk;;"De attributen ""rooster indeling"" en ""rooster openingswijze"" werden toegevoegd aan het onderdeel ""Straatkolk""."
2.1.0;13/10/2021;CT000196;PRB0040983;Riolering;https://wegenenverkeer.data.vlaanderen.be/doc/implementatiemodel/riolering;Mantelbuis;https://wegenenverkeer.data.vlaanderen.be/ns/onderdeel#Mantelbuis;"VerlichtingstoestelTL;VerlichtingstoestelNaHP;VerlichtingstoestelHgLP;VerlichtingstoestelNaLP;IndoorKast;AIMNaamObject;VerkeerslichtRood;VerkeerslichtGroen;VerkeerslichtOranjegeel;VerkeerslichtWit;VerlichtingstoestelMHHP;Hulppostkast;Wegkantkast;Montagekast;Buitenkast;AIMObject;SluitAanOp;NaampadObject;DirectioneleRelatie";Het IMKL model is aangemaakt. Het diagram bevat de elementen die relevant zijn voor de mapping van AKELA data op OTL onderdelen.
2.1.0;13/10/2021;CT000196;PRB0040983;Riolering;https://wegenenverkeer.data.vlaanderen.be/doc/implementatiemodel/riolering;Buis;https://wegenenverkeer.data.vlaanderen.be/ns/abstracten#Buis;"VerlichtingstoestelTL;VerlichtingstoestelNaHP;VerlichtingstoestelHgLP;VerlichtingstoestelNaLP;IndoorKast;AIMNaamObject;VerkeerslichtRood;VerkeerslichtGroen;VerkeerslichtOranjegeel;VerkeerslichtWit;VerlichtingstoestelMHHP;Hulppostkast;Wegkantkast;Montagekast;Buitenkast;AIMObject;SluitAanOp;NaampadObject;DirectioneleRelatie";Het IMKL model is aangemaakt. Het diagram bevat de elementen die relevant zijn voor de mapping van AKELA data op OTL onderdelen.
2.1.0;13/10/2021;CT000197;PRB0040986;Riolering;https://wegenenverkeer.data.vlaanderen.be/doc/implementatiemodel/riolering;Buis;https://wegenenverkeer.data.vlaanderen.be/ns/abstracten#Buis;"Zuigleiding;Rioleringsbuis;Draineerbuis;Brandleiding";"""breedteBinnenzijde"" en ""breedteBuitenzijde"" toegevoegd. ""breedte"" verijwijderd."
2.1.0;13/10/2021;CT000198;PRB0040989;Riolering;https://wegenenverkeer.data.vlaanderen.be/doc/implementatiemodel/riolering;Persleiding;https://wegenenverkeer.data.vlaanderen.be/ns/onderdeel#Persleiding;;"De definitie van het onderdeel ""Persleiding"" is aangepast zodat het ook andere vloeistoffen en gassen kan vervoeren dan enkel water."
2.1.0;13/10/2021;CT000199;PRB0040988;Riolering;https://wegenenverkeer.data.vlaanderen.be/doc/implementatiemodel/riolering;Mantelbuis;https://wegenenverkeer.data.vlaanderen.be/ns/onderdeel#Mantelbuis;;"De definitie van het onderdeel ""Mantelbuis"" is aangepast. De definitie geeft nu expliciet aan dat het om een ondergrondse buis was. Dit was voorheen impliciet reeds het geval, gezien de attributen die ""Mantelbuis"" overerft van zijn superklasse ""Buis""."
2.1.0;13/10/2021;CT000212;PRB0040991;Riolering;https://wegenenverkeer.data.vlaanderen.be/doc/implementatiemodel/riolering;ProefGemetenDikte;https://wegenenverkeer.data.vlaanderen.be/ns/proefenmeting#ProefGemetenDikte;BitumineuzeLaag;De relatie IsInspectieVan werd toegevoegd van ProefGemetenDikte naar BitumineuzeLaag.
2.1.0;13/10/2021;CT000185;PRB0040939;Signalisatie;https://wegenenverkeer.data.vlaanderen.be/doc/implementatiemodel/signalisatie;AfschermendeConstructie;https://wegenenverkeer.data.vlaanderen.be/ns/abstracten#AfschermendeConstructie;;"Het attribuut ""metTandGroef"" werd toegevoegd aan de abstracte ""AfschermendeConstructie""."
2.1.0;13/10/2021;CT000171;PRB0040904;Signalisatie;https://wegenenverkeer.data.vlaanderen.be/doc/implementatiemodel/signalisatie;OmegaElement;https://wegenenverkeer.data.vlaanderen.be/ns/onderdeel#OmegaElement;Bevestigingsbeugel;Een bevestigingsrelatie werd toegevoegd tussen OmegaElement en Bevestigingsbeugel.
2.1.0;13/10/2021;CT000172;PRB0040920;Signalisatie;https://wegenenverkeer.data.vlaanderen.be/doc/implementatiemodel/signalisatie;Kantopsluiting;https://wegenenverkeer.data.vlaanderen.be/ns/abstracten#Kantopsluiting;;"De abstracte ""Kantopsluiting"" kreeg aan ""SluitAanOp"" relatie met zichzelf."
2.1.0;13/10/2021;CT000178;PRB0040806;Signalisatie;https://wegenenverkeer.data.vlaanderen.be/doc/implementatiemodel/signalisatie;Verkeersbordsteun;https://wegenenverkeer.data.vlaanderen.be/ns/onderdeel#Verkeersbordsteun;;"De definitie van het onderdeel ""Verkeersbordsteun"" werd aangepast naar: ""Een draagconstructie voor verkeersborden of pictogrammen. Dit kan een ronde paal of een vakwerksteun zijn."""
2.1.0;13/10/2021;CT000180;PRB0040891;Signalisatie;https://wegenenverkeer.data.vlaanderen.be/doc/implementatiemodel/signalisatie;Verkeersbordsteun;https://wegenenverkeer.data.vlaanderen.be/ns/onderdeel#Verkeersbordsteun;;"Het attribuut ""breedte"" op het onderdeel ""Verkeersbordsteun"" werd uit gebruik genomen."
2.1.0;13/10/2021;CT000186;PRB0040940;Signalisatie;https://wegenenverkeer.data.vlaanderen.be/doc/implementatiemodel/signalisatie;Verkeersbordopstelling;https://wegenenverkeer.data.vlaanderen.be/ns/installatie#Verkeersbordopstelling;Draagconstructie;"De hoortbij relatie tussen de abstracte ""Draagconstructie"" en de installatie ""Verkeersbordopstelling"" werd op ""visible"" gezet. De definitie van de installatie ""Verkeersbordopstelling"" werd gewijzigd naar: ""Het geheel van verticale verkeerssignalisatie die bevestigd is aan ??n of meerdere draagconstructies op ??nzelfde geolocatie."""
2.1.0;13/10/2021;CT000187;PRB0040941;Signalisatie;https://wegenenverkeer.data.vlaanderen.be/doc/implementatiemodel/signalisatie;Verkeersbordopstelling;https://wegenenverkeer.data.vlaanderen.be/ns/installatie#Verkeersbordopstelling;;"Het attribuut ""isBotsvriendelijk"" werd toegevoegd aan de installatie ""Verkeersbordopstelling""."
2.1.0;13/10/2021;CT000192;PRB0040957;Signalisatie;https://wegenenverkeer.data.vlaanderen.be/doc/implementatiemodel/signalisatie;Verkeersbord;https://wegenenverkeer.data.vlaanderen.be/ns/abstracten#Verkeersbord;;"De kardinaliteit van het attribuut ""afbeelding"" op de abstracte ""Verkeersbord"" werd verhoogd van 0..* naar 1..*.  "
2.1.0;13/10/2021;CT000192;PRB0040957;Slagboom-Doorsteek;https://wegenenverkeer.data.vlaanderen.be/doc/implementatiemodel/slagboom-doorsteek;Verkeersbord;https://wegenenverkeer.data.vlaanderen.be/ns/abstracten#Verkeersbord;;"De kardinaliteit van het attribuut ""afbeelding"" op de abstracte ""Verkeersbord"" werd verhoogd van 0..* naar 1..*.  "
2.1.0;13/10/2021;CT000207;PRB0040759;Slagboom-Doorsteek;https://wegenenverkeer.data.vlaanderen.be/doc/implementatiemodel/slagboom-doorsteek;Contactor;https://wegenenverkeer.data.vlaanderen.be/ns/onderdeel#Contactor;"Behuizing;Laagspanningsbord;Behuizing";Het Onderdeel Contactor was nergens aan bevestigd. Het heeft nu een Bevestiging-relatie met Laagspanningsbord en met Behuizing.
2.1.0;13/10/2021;CT000201;PRB0040961;Software-Hardware;https://wegenenverkeer.data.vlaanderen.be/doc/implementatiemodel/software-hardware;Netwerkelement;https://wegenenverkeer.data.vlaanderen.be/ns/onderdeel#Netwerkelement;;"Label-nl van het attribuut modelnaam aangepast van ""type"" naar ""modelnaam"" om te laten overeenkomen met de naam van het attribuut. "
2.1.0;13/10/2021;CT000204;PRB0040774;Software-Hardware;https://wegenenverkeer.data.vlaanderen.be/doc/implementatiemodel/software-hardware;Software;https://wegenenverkeer.data.vlaanderen.be/ns/onderdeel#Software;"IVRIComponent;ITSapp;RIS;TLCfiPoort";Het datatype van het attribuut 'documentatie' was onvoldoende beperkend om overeen te komen met de definitie: er werd een URL verwacht terwijl het datatype String was. Om het datatype te kunnen wijzigen en tegelijk de OTL backwards compatible te houden, is het bestaande attribuut 'documentatie' buiten gebruik gesteld en is een nieuw attribuut 'onlineDocumentatie' toegevoegd met als datatype AnyURI.
2.1.0;13/10/2021;CT000211;PRB0040997;Software-Hardware;https://wegenenverkeer.data.vlaanderen.be/doc/implementatiemodel/software-hardware;Netwerkelement;https://wegenenverkeer.data.vlaanderen.be/ns/onderdeel#Netwerkelement;NaampadObject;Uitbreiding van de OTL voor assets en structuren voor het IP-netwerk. De bestaande assettypes voor het in kaart brengen van netwerken was enkel gericht op het optisch transportnetwerk. Deze uitbreiding maakt het mogelijk om ook gegevens voor het IP netwerk uit te wisselen. Hiervoor werd Netwerkelement uitgebreid met een bijkomend attribuut 'gebruik' en Link met 'mediumtype', telkens met eigen keuzelijsten. Er werden ook drie nieuwe Installatietypes toegevoegd: LSAccessStructuur, VLAN en IPBackbone om de netwerkstructuren als aaneenschakeling van Netwerkpoorten en Netwerkelementen.
2.1.0;13/10/2021;CT000211;PRB0040997;Software-Hardware;https://wegenenverkeer.data.vlaanderen.be/doc/implementatiemodel/software-hardware;Netwerkpoort;https://wegenenverkeer.data.vlaanderen.be/ns/onderdeel#Netwerkpoort;NaampadObject;Uitbreiding van de OTL voor assets en structuren voor het IP-netwerk. De bestaande assettypes voor het in kaart brengen van netwerken was enkel gericht op het optisch transportnetwerk. Deze uitbreiding maakt het mogelijk om ook gegevens voor het IP netwerk uit te wisselen. Hiervoor werd Netwerkelement uitgebreid met een bijkomend attribuut 'gebruik' en Link met 'mediumtype', telkens met eigen keuzelijsten. Er werden ook drie nieuwe Installatietypes toegevoegd: LSAccessStructuur, VLAN en IPBackbone om de netwerkstructuren als aaneenschakeling van Netwerkpoorten en Netwerkelementen.
2.1.0;13/10/2021;CT000169;PRB0040974;Tunnelevacuatie;https://wegenenverkeer.data.vlaanderen.be/doc/implementatiemodel/tunnelevacuatie;Geleidingsverlichting;https://wegenenverkeer.data.vlaanderen.be/ns/onderdeel#Geleidingsverlichting;AIMObject;Geleidingsverlichting is nu een subklasse van AIMObject.
2.1.0;13/10/2021;CT000166;PRB0040664;Vegetatie;https://wegenenverkeer.data.vlaanderen.be/doc/implementatiemodel/vegetatie;VegetatieElement;https://wegenenverkeer.data.vlaanderen.be/ns/abstracten#VegetatieElement;Laag;"Een ligt op relatie werd toegevoegd tussen de abstracte ""VegetatieElement"" en de abstracte ""Laag""."
2.1.0;13/10/2021;CT000167;PRB0040698;Vegetatie;https://wegenenverkeer.data.vlaanderen.be/doc/implementatiemodel/vegetatie;InvasieveExoten;https://wegenenverkeer.data.vlaanderen.be/ns/onderdeel#InvasieveExoten;BeheerExoten;"De naam van het onderdeel ""Exoten"" werd gewijzigd naar ""InvasieveExoten"". De definitie werd gewijzigd naar: ""Invasieve exoten zijn planten die door menselijk handelen buiten hun natuurlijk verspreidingsgebied ('exoot') gebracht zijn en die in staat zijn zich op een natuurlijke wijze, al dan niet massaal, te verspreiden en hierbij schade (biodiversiteit, economisch, volksgezondheid) kunnen aanrichten ('invasief')."""
2.1.0;13/10/2021;CT000167;PRB0040698;Vegetatie;https://wegenenverkeer.data.vlaanderen.be/doc/implementatiemodel/vegetatie;Exoten;https://wegenenverkeer.data.vlaanderen.be/ns/onderdeel#Exoten;BeheerExoten;"De naam van het onderdeel ""Exoten"" werd gewijzigd naar ""InvasieveExoten"". De definitie werd gewijzigd naar: ""Invasieve exoten zijn planten die door menselijk handelen buiten hun natuurlijk verspreidingsgebied ('exoot') gebracht zijn en die in staat zijn zich op een natuurlijke wijze, al dan niet massaal, te verspreiden en hierbij schade (biodiversiteit, economisch, volksgezondheid) kunnen aanrichten ('invasief')."""
2.1.0;13/10/2021;CT000179;PRB0040811;Vegetatie;https://wegenenverkeer.data.vlaanderen.be/doc/implementatiemodel/vegetatie;Grindgazon;https://wegenenverkeer.data.vlaanderen.be/ns/onderdeel#Grindgazon;BegroeidVoorkomen;"Het onderdeel ""Grindgazon"" werd toegevoegd. Een generalisatierelatie werd toegevoegd tussen ""Grindgazon"" en ""BegroeidVoorkomen""."
2.1.0;13/10/2021;CT000206;PRB0040778;Ventilatie;https://wegenenverkeer.data.vlaanderen.be/doc/implementatiemodel/ventilatie;Ventilator;https://wegenenverkeer.data.vlaanderen.be/ns/onderdeel#Ventilator;;De definitie van Ventilator was enigzins beperkend omdat er geen sprake was van de mogelijkheid om een ruimte te koelen.Terwijl de luchtverplaatsing van een ventilator daar ook kan voor zorgen. De definitie is in die zin uitgebreid. De usage note is ook aangevuld om duidelijk te maken dat de Ventilator zoals hier bedoeld, ingezet wordt voor grote en middelgrote ruimtes zoals kasten, lokalen of nog groter. De OTL wordt later uitgebreid met Toestelventilator om ook kleinere ventilatoren in de behuizing van toestellen zelf te kunnen opnemen.
2.1.0;13/10/2021;CT000207;PRB0040759;Ventilatie;https://wegenenverkeer.data.vlaanderen.be/doc/implementatiemodel/ventilatie;Contactor;https://wegenenverkeer.data.vlaanderen.be/ns/onderdeel#Contactor;"Behuizing;Laagspanningsbord;Behuizing";Het Onderdeel Contactor was nergens aan bevestigd. Het heeft nu een Bevestiging-relatie met Laagspanningsbord en met Behuizing.
2.1.0;13/10/2021;CT000170;PRB0040814;Verharding-wegfundering;https://wegenenverkeer.data.vlaanderen.be/doc/implementatiemodel/verharding-wegfundering;VerhardingGrasKunststofplaat;https://wegenenverkeer.data.vlaanderen.be/ns/onderdeel#VerhardingGrasKunststofplaat;;"De definitie van GrasKunststofPlaat werd gewijzigd naar: ""Gras/grind-kunststofplaten zijn kunststofplaten met raatvormige structuur die aangewend worden voor het wapenen van grasmatten. Ze voldoen aan de voorschriften van PTV 828."""
2.1.0;13/10/2021;CT000176;PRB0040783;Verkeersregelinstallatie;https://wegenenverkeer.data.vlaanderen.be/doc/implementatiemodel/verkeersregelinstallatie;ZenderOntvangerToegang;https://wegenenverkeer.data.vlaanderen.be/ns/abstracten#ZenderOntvangerToegang;;"Het label van de klasse ZenderOntvangerToegang was ""Communicatieapparatuur"". Er bestaat ook een klasse Communicatieapparatuur met overeenkomstig label. Dat was een aanleiding voor verwarring in de publicatieomgeving en het label van het eerste Objecttype kwam onvoldoende overeen met de naam van de klasse. Daarom is het label van het Objecttype ZenderOntvangerToegang gewzijgd naar ""Zender en Ontvanger toegang tot relaties""."
2.1.0;13/10/2021;CT000196;PRB0040983;Verkeersregelinstallatie;https://wegenenverkeer.data.vlaanderen.be/doc/implementatiemodel/verkeersregelinstallatie;Verkeerslicht;https://wegenenverkeer.data.vlaanderen.be/ns/abstracten#Verkeerslicht;"VerlichtingstoestelTL;VerlichtingstoestelNaHP;VerlichtingstoestelHgLP;VerlichtingstoestelNaLP;IndoorKast;AIMNaamObject;VerkeerslichtRood;VerkeerslichtGroen;VerkeerslichtOranjegeel;VerkeerslichtWit;VerlichtingstoestelMHHP;Hulppostkast;Wegkantkast;Montagekast;Buitenkast;AIMObject;SluitAanOp;NaampadObject;DirectioneleRelatie";Het IMKL model is aangemaakt. Het diagram bevat de elementen die relevant zijn voor de mapping van AKELA data op OTL onderdelen.
2.1.0;13/10/2021;CT000202;PRB0040773;Verkeersregelinstallatie;https://wegenenverkeer.data.vlaanderen.be/doc/implementatiemodel/verkeersregelinstallatie;Repeater;https://wegenenverkeer.data.vlaanderen.be/ns/onderdeel#Repeater;;De definitie van het attribuut 'toepassing' voor de klassen Zender, Repeater en Ontvanger verbeterd zonder de betekenis van het attribuut te wijzigen.
2.1.0;13/10/2021;CT000202;PRB0040773;Verkeersregelinstallatie;https://wegenenverkeer.data.vlaanderen.be/doc/implementatiemodel/verkeersregelinstallatie;Ontvanger;https://wegenenverkeer.data.vlaanderen.be/ns/onderdeel#Ontvanger;;De definitie van het attribuut 'toepassing' voor de klassen Zender, Repeater en Ontvanger verbeterd zonder de betekenis van het attribuut te wijzigen.
2.1.0;13/10/2021;CT000202;PRB0040773;Verkeersregelinstallatie;https://wegenenverkeer.data.vlaanderen.be/doc/implementatiemodel/verkeersregelinstallatie;Zender;https://wegenenverkeer.data.vlaanderen.be/ns/onderdeel#Zender;;De definitie van het attribuut 'toepassing' voor de klassen Zender, Repeater en Ontvanger verbeterd zonder de betekenis van het attribuut te wijzigen.
2.1.0;13/10/2021;CT000204;PRB0040774;Verkeersregelinstallatie;https://wegenenverkeer.data.vlaanderen.be/doc/implementatiemodel/verkeersregelinstallatie;Software;https://wegenenverkeer.data.vlaanderen.be/ns/onderdeel#Software;"IVRIComponent;ITSapp;RIS;TLCfiPoort";Het datatype van het attribuut 'documentatie' was onvoldoende beperkend om overeen te komen met de definitie: er werd een URL verwacht terwijl het datatype String was. Om het datatype te kunnen wijzigen en tegelijk de OTL backwards compatible te houden, is het bestaande attribuut 'documentatie' buiten gebruik gesteld en is een nieuw attribuut 'onlineDocumentatie' toegevoegd met als datatype AnyURI.
2.1.0;13/10/2021;CT000207;PRB0040759;Verkeersregelinstallatie;https://wegenenverkeer.data.vlaanderen.be/doc/implementatiemodel/verkeersregelinstallatie;Contactor;https://wegenenverkeer.data.vlaanderen.be/ns/onderdeel#Contactor;"Behuizing;Laagspanningsbord;Behuizing";Het Onderdeel Contactor was nergens aan bevestigd. Het heeft nu een Bevestiging-relatie met Laagspanningsbord en met Behuizing.
2.1.0;13/10/2021;CT000196;PRB0040983;Verlichtingsinstallatie;https://wegenenverkeer.data.vlaanderen.be/doc/implementatiemodel/verlichtingsinstallatie;Verlichtingstoestel;https://wegenenverkeer.data.vlaanderen.be/ns/abstracten#Verlichtingstoestel;"VerlichtingstoestelTL;VerlichtingstoestelNaHP;VerlichtingstoestelHgLP;VerlichtingstoestelNaLP;IndoorKast;AIMNaamObject;VerkeerslichtRood;VerkeerslichtGroen;VerkeerslichtOranjegeel;VerkeerslichtWit;VerlichtingstoestelMHHP;Hulppostkast;Wegkantkast;Montagekast;Buitenkast;AIMObject;SluitAanOp;NaampadObject;DirectioneleRelatie";Het IMKL model is aangemaakt. Het diagram bevat de elementen die relevant zijn voor de mapping van AKELA data op OTL onderdelen.
2.1.0;13/10/2021;CT000196;PRB0040983;Verlichtingsinstallatie;https://wegenenverkeer.data.vlaanderen.be/doc/implementatiemodel/verlichtingsinstallatie;Kast;https://wegenenverkeer.data.vlaanderen.be/ns/abstracten#Kast;"VerlichtingstoestelTL;VerlichtingstoestelNaHP;VerlichtingstoestelHgLP;VerlichtingstoestelNaLP;IndoorKast;AIMNaamObject;VerkeerslichtRood;VerkeerslichtGroen;VerkeerslichtOranjegeel;VerkeerslichtWit;VerlichtingstoestelMHHP;Hulppostkast;Wegkantkast;Montagekast;Buitenkast;AIMObject;SluitAanOp;NaampadObject;DirectioneleRelatie";Het IMKL model is aangemaakt. Het diagram bevat de elementen die relevant zijn voor de mapping van AKELA data op OTL onderdelen.
2.1.0;13/10/2021;CT000201;PRB0040961;Verlichtingsinstallatie;https://wegenenverkeer.data.vlaanderen.be/doc/implementatiemodel/verlichtingsinstallatie;Netwerkelement;https://wegenenverkeer.data.vlaanderen.be/ns/onderdeel#Netwerkelement;;"Label-nl van het attribuut modelnaam aangepast van ""type"" naar ""modelnaam"" om te laten overeenkomen met de naam van het attribuut. "
2.1.0;13/10/2021;CT000203;PRB0040962;Verlichtingsinstallatie;https://wegenenverkeer.data.vlaanderen.be/doc/implementatiemodel/verlichtingsinstallatie;Cabinecontroller;https://wegenenverkeer.data.vlaanderen.be/ns/onderdeel#Cabinecontroller;"Hoofdschakelaar;Transformator";Voor wegverlichting zijn er bijkomende voedingsrelaties toegevoegd. Er ligt nu een rechtstreekse relatie van Transformator (HS) naar Cabinecontroller. Voor de voeding van de Cabinecontroller via laagspanning, krijgt Aftakking nu ook voeding van EnergiemeterDNB. Vanuit de aftakking gaat de voeding dan naar de Cabinecontroller en naar de Hoofdschakelaar. Deze nieuwe relaties zijn een betere weerspiegeling van de praktijk. De Cabinecontroller blijft nu ook in het model altijd onder spanning zodat hij nog steeds een melding kan doen wanneer de Hoofdschakelaar zou uitvallen. Deze wijzigingen zijn opgenomen in het implementatiemodel Verlichtingsinstallatie.
2.1.0;13/10/2021;CT000203;PRB0040962;Verlichtingsinstallatie;https://wegenenverkeer.data.vlaanderen.be/doc/implementatiemodel/verlichtingsinstallatie;Aftakking;https://wegenenverkeer.data.vlaanderen.be/ns/onderdeel#Aftakking;"Hoofdschakelaar;Transformator";Voor wegverlichting zijn er bijkomende voedingsrelaties toegevoegd. Er ligt nu een rechtstreekse relatie van Transformator (HS) naar Cabinecontroller. Voor de voeding van de Cabinecontroller via laagspanning, krijgt Aftakking nu ook voeding van EnergiemeterDNB. Vanuit de aftakking gaat de voeding dan naar de Cabinecontroller en naar de Hoofdschakelaar. Deze nieuwe relaties zijn een betere weerspiegeling van de praktijk. De Cabinecontroller blijft nu ook in het model altijd onder spanning zodat hij nog steeds een melding kan doen wanneer de Hoofdschakelaar zou uitvallen. Deze wijzigingen zijn opgenomen in het implementatiemodel Verlichtingsinstallatie.
2.1.0;13/10/2021;CT000205;PRB0040676;Verlichtingsinstallatie;https://wegenenverkeer.data.vlaanderen.be/doc/implementatiemodel/verlichtingsinstallatie;Laagspanningsbord;https://wegenenverkeer.data.vlaanderen.be/ns/onderdeel#Laagspanningsbord;Wegkantkast;Het Laagspanningsbord kon tot nog toe enkel bevestigd worden aan een Wegkantkast. Dit is te beperkend. Daarom heeft het Laagspanningsbord nu een Bevestiging-relatie gekregen met de Abstracte Behuizing waaronder alle types Kasten vallen maar bv. ook Cabine. Hiervoor is de Bevestiging-relatie met Wegkantkast wel buiten gebruik gesteld om een dubbele relatie te vermijden. In het SQLite-artefact is de Bevestiging-relatie tussen de twee klassen wel twee keer terug te vinden: de ene rechtstreeks, hiermee buiten gebruik gesteld, en de nieuwe relatie die via overerving tot stand komt. 
2.1.0;13/10/2021;CT000209;PRB0040998;Verlichtingsinstallatie;https://wegenenverkeer.data.vlaanderen.be/doc/implementatiemodel/verlichtingsinstallatie;VerlichtingstoestelLED;https://wegenenverkeer.data.vlaanderen.be/ns/onderdeel#VerlichtingstoestelLED;;Het attribuut 'isFaunavriendelijk' werd toegevoegd op het onderdeel 'VerlichtingstoestelLED'.
2.1.0;13/10/2021;CT000216;PRB0041013;Verlichtingsinstallatie;https://wegenenverkeer.data.vlaanderen.be/doc/implementatiemodel/verlichtingsinstallatie;WVConsole;https://wegenenverkeer.data.vlaanderen.be/ns/onderdeel#WVConsole;;"Aanpassing na publicatie van de release candidate op Test: er werd gevraagd om het label van WVConsole te wijzigen van ""Wegverlichtingsconsole"" naar ""WV console"" naar analogie met ""WV lichtmast"". "
2.1.0;13/10/2021;CT000211;PRB0040997;Verlichtingsinstallatie;https://wegenenverkeer.data.vlaanderen.be/doc/implementatiemodel/verlichtingsinstallatie;Netwerkelement;https://wegenenverkeer.data.vlaanderen.be/ns/onderdeel#Netwerkelement;NaampadObject;Uitbreiding van de OTL voor assets en structuren voor het IP-netwerk. De bestaande assettypes voor het in kaart brengen van netwerken was enkel gericht op het optisch transportnetwerk. Deze uitbreiding maakt het mogelijk om ook gegevens voor het IP netwerk uit te wisselen. Hiervoor werd Netwerkelement uitgebreid met een bijkomend attribuut 'gebruik' en Link met 'mediumtype', telkens met eigen keuzelijsten. Er werden ook drie nieuwe Installatietypes toegevoegd: LSAccessStructuur, VLAN en IPBackbone om de netwerkstructuren als aaneenschakeling van Netwerkpoorten en Netwerkelementen.
2.1.0;13/10/2021;CT000211;PRB0040997;Verlichtingsinstallatie;https://wegenenverkeer.data.vlaanderen.be/doc/implementatiemodel/verlichtingsinstallatie;Netwerkpoort;https://wegenenverkeer.data.vlaanderen.be/ns/onderdeel#Netwerkpoort;NaampadObject;Uitbreiding van de OTL voor assets en structuren voor het IP-netwerk. De bestaande assettypes voor het in kaart brengen van netwerken was enkel gericht op het optisch transportnetwerk. Deze uitbreiding maakt het mogelijk om ook gegevens voor het IP netwerk uit te wisselen. Hiervoor werd Netwerkelement uitgebreid met een bijkomend attribuut 'gebruik' en Link met 'mediumtype', telkens met eigen keuzelijsten. Er werden ook drie nieuwe Installatietypes toegevoegd: LSAccessStructuur, VLAN en IPBackbone om de netwerkstructuren als aaneenschakeling van Netwerkpoorten en Netwerkelementen.
2.1.0;13/10/2021;CT000217;PRB0040960;Verlichtingsinstallatie;https://wegenenverkeer.data.vlaanderen.be/doc/implementatiemodel/verlichtingsinstallatie;Behuizing;https://wegenenverkeer.data.vlaanderen.be/ns/abstracten#Behuizing;;Voor Behuizingen die elektrische installaties bevatten kan het volgens het AREI vereist zijn om een risicoanalyse en een tabel uitwendige invloeden toe te voegen. Hiervoor zijn twee nieuwe attributen toegevoegd. Voor onderdelen van de distributienetbeheerder in elektrische installaties was het al mogelijk om een risiscoanalyse toe te voegen op het onderdeel zelf. De uitbreiding van Behuizing laat toe om de bestanden ook toe te voegen waar zich geen onderdelen van de distributienetbeheerder bevinden.
2.1.0;13/10/2021;CT000215;PRB0041008;Verlichtingsinstallatie;https://wegenenverkeer.data.vlaanderen.be/doc/implementatiemodel/verlichtingsinstallatie;WVConsole;https://wegenenverkeer.data.vlaanderen.be/ns/onderdeel#WVConsole;"AIMNaamObject;Verlichtingstoestel;ConstructieElement;BekledingComponent";"Het onderdeel ""Wegverlichtingsconsole"" is aangemaakt. Het erft over van ""AIMNaamObject"" en heeft (for the time being) geen eigen attributen. Het heeft een bevestiging-relatie met de abstracten ""Verlichtingstoestel"", ""ConstructieElement"", en ""BekledingComponent""."
2.1.0;13/10/2021;CT000192;PRB0040957;Zone-30;https://wegenenverkeer.data.vlaanderen.be/doc/implementatiemodel/zone-30;Verkeersbord;https://wegenenverkeer.data.vlaanderen.be/ns/abstracten#Verkeersbord;;"De kardinaliteit van het attribuut ""afbeelding"" op de abstracte ""Verkeersbord"" werd verhoogd van 0..* naar 1..*.  "
2.1.0;13/10/2021;CT000196;PRB0040983;Zone-30;https://wegenenverkeer.data.vlaanderen.be/doc/implementatiemodel/zone-30;Kast;https://wegenenverkeer.data.vlaanderen.be/ns/abstracten#Kast;"VerlichtingstoestelTL;VerlichtingstoestelNaHP;VerlichtingstoestelHgLP;VerlichtingstoestelNaLP;IndoorKast;AIMNaamObject;VerkeerslichtRood;VerkeerslichtGroen;VerkeerslichtOranjegeel;VerkeerslichtWit;VerlichtingstoestelMHHP;Hulppostkast;Wegkantkast;Montagekast;Buitenkast;AIMObject;SluitAanOp;NaampadObject;DirectioneleRelatie";Het IMKL model is aangemaakt. Het diagram bevat de elementen die relevant zijn voor de mapping van AKELA data op OTL onderdelen.
2.1.0;13/10/2021;CT000203;PRB0040962;Zone-30;https://wegenenverkeer.data.vlaanderen.be/doc/implementatiemodel/zone-30;EnergiemeterDNB;https://wegenenverkeer.data.vlaanderen.be/ns/onderdeel#EnergiemeterDNB;"Hoofdschakelaar;Transformator";Voor wegverlichting zijn er bijkomende voedingsrelaties toegevoegd. Er ligt nu een rechtstreekse relatie van Transformator (HS) naar Cabinecontroller. Voor de voeding van de Cabinecontroller via laagspanning, krijgt Aftakking nu ook voeding van EnergiemeterDNB. Vanuit de aftakking gaat de voeding dan naar de Cabinecontroller en naar de Hoofdschakelaar. Deze nieuwe relaties zijn een betere weerspiegeling van de praktijk. De Cabinecontroller blijft nu ook in het model altijd onder spanning zodat hij nog steeds een melding kan doen wanneer de Hoofdschakelaar zou uitvallen. Deze wijzigingen zijn opgenomen in het implementatiemodel Verlichtingsinstallatie.
